"Probennummer";"Datum";"Klärwerk";"UWW_Code";"UWW_Name";"Durchfluss";"Abwasser_Temperatur";"Abwasser_pH";"Methode";"Erreger";"Target";"Messwert"
"12407919";"2024-07-21";"Klärwerk Ruhleben";"DETP_BE01";"Ruhleben";"217860,0000";"24,99";"7,359";"dPCR mit Inhibitorentfernung";"Influenza A";"M1 Gen";"0,00000000000"
"12407919";"2024-07-21";"Klärwerk Ruhleben";"DETP_BE01";"Ruhleben";"217860,0000";"24,99";"7,359";"dPCR mit Inhibitorentfernung";"Influenza B";"NS2 Gen";"0,00000000000"
"12407921";"2024-07-28";"Klärwerk Ruhleben";"DETP_BE01";"Ruhleben";"488100,0000";"22,97";"6,984";"dPCR mit Inhibitorentfernung";"Influenza A";"M1 Gen";"0,00000000000"
"12407921";"2024-07-28";"Klärwerk Ruhleben";"DETP_BE01";"Ruhleben";"488100,0000";"22,97";"6,984";"dPCR mit Inhibitorentfernung";"Influenza B";"NS2 Gen";"0,00000000000"
"12408885";"2024-08-04";"Klärwerk Ruhleben";"DETP_BE01";"Ruhleben";"403750,0000";"23,51";"7,242";"dPCR mit Inhibitorentfernung";"Influenza A";"M1 Gen";"0,00000000000"
"12408885";"2024-08-04";"Klärwerk Ruhleben";"DETP_BE01";"Ruhleben";"403750,0000";"23,51";"7,242";"dPCR mit Inhibitorentfernung";"Influenza B";"NS2 Gen";"0,00000000000"
"12408887";"2024-08-11";"Klärwerk Ruhleben";"DETP_BE01";"Ruhleben";"209510,0000";"24,87";"7,458";"dPCR mit Inhibitorentfernung";"Influenza A";"M1 Gen";"0,00000000000"
"12408887";"2024-08-11";"Klärwerk Ruhleben";"DETP_BE01";"Ruhleben";"209510,0000";"24,87";"7,458";"dPCR mit Inhibitorentfernung";"Influenza B";"NS2 Gen";"0,00000000000"
"12408889";"2024-08-18";"Klärwerk Ruhleben";"DETP_BE01";"Ruhleben";"242080,0000";"25,31";"7,514";"dPCR mit Inhibitorentfernung";"Influenza A";"M1 Gen";"0,00000000000"
"12408889";"2024-08-18";"Klärwerk Ruhleben";"DETP_BE01";"Ruhleben";"242080,0000";"25,31";"7,514";"dPCR mit Inhibitorentfernung";"Influenza B";"NS2 Gen";"0,00000000000"
"12408891";"2024-08-25";"Klärwerk Ruhleben";"DETP_BE01";"Ruhleben";"214460,0000";"25,21";"7,549";"dPCR mit Inhibitorentfernung";"Influenza A";"M1 Gen";"0,00000000000"
"12408891";"2024-08-25";"Klärwerk Ruhleben";"DETP_BE01";"Ruhleben";"214460,0000";"25,21";"7,549";"dPCR mit Inhibitorentfernung";"Influenza B";"NS2 Gen";"0,00000000000"
"12410431";"2024-09-01";"Klärwerk Ruhleben";"DETP_BE01";"Ruhleben";"224390,0000";"25,19";"7,530";"dPCR mit Inhibitorentfernung";"Influenza A";"M1 Gen";"0,00000000000"
"12410431";"2024-09-01";"Klärwerk Ruhleben";"DETP_BE01";"Ruhleben";"224390,0000";"25,19";"7,530";"dPCR mit Inhibitorentfernung";"Influenza B";"NS2 Gen";"0,00000000000"
"12410434";"2024-09-11";"Klärwerk Ruhleben";"DETP_BE01";"Ruhleben";"219310,0000";"22,94";"7,453";"dPCR mit Inhibitorentfernung";"Influenza A";"M1 Gen";"0,00000000000"
"12410434";"2024-09-11";"Klärwerk Ruhleben";"DETP_BE01";"Ruhleben";"219310,0000";"22,94";"7,453";"dPCR mit Inhibitorentfernung";"Influenza B";"NS2 Gen";"0,00000000000"
"12410435";"2024-09-15";"Klärwerk Ruhleben";"DETP_BE01";"Ruhleben";"234500,0000";"23,46";"7,495";"dPCR mit Inhibitorentfernung";"Influenza A";"M1 Gen";"0,00000000000"
"12410435";"2024-09-15";"Klärwerk Ruhleben";"DETP_BE01";"Ruhleben";"234500,0000";"23,46";"7,495";"dPCR mit Inhibitorentfernung";"Influenza B";"NS2 Gen";"0,00000000000"
"12410437";"2024-09-22";"Klärwerk Ruhleben";"DETP_BE01";"Ruhleben";"222110,0000";"23,90";"7,585";"dPCR mit Inhibitorentfernung";"Influenza A";"M1 Gen";"0,00000000000"
"12410437";"2024-09-22";"Klärwerk Ruhleben";"DETP_BE01";"Ruhleben";"222110,0000";"23,90";"7,585";"dPCR mit Inhibitorentfernung";"Influenza B";"NS2 Gen";"5166,66666666667"
"12410439";"2024-09-29";"Klärwerk Ruhleben";"DETP_BE01";"Ruhleben";"235900,0000";"22,61";"7,508";"dPCR mit Inhibitorentfernung";"Influenza A";"M1 Gen";"0,00000000000"
"12410439";"2024-09-29";"Klärwerk Ruhleben";"DETP_BE01";"Ruhleben";"235900,0000";"22,61";"7,508";"dPCR mit Inhibitorentfernung";"Influenza B";"NS2 Gen";"0,00000000000"
"12411500";"2024-10-06";"Klärwerk Ruhleben";"DETP_BE01";"Ruhleben";"229660,0000";"21,11";"7,879";"dPCR mit Inhibitorentfernung";"Influenza A";"M1 Gen";"0,00000000000"
"12411500";"2024-10-06";"Klärwerk Ruhleben";"DETP_BE01";"Ruhleben";"229660,0000";"21,11";"7,879";"dPCR mit Inhibitorentfernung";"Influenza B";"NS2 Gen";"0,00000000000"
"12411502";"2024-10-13";"Klärwerk Ruhleben";"DETP_BE01";"Ruhleben";"281700,0000";"20,39";"7,933";"dPCR mit Inhibitorentfernung";"Influenza A";"M1 Gen";"0,00000000000"
"12411502";"2024-10-13";"Klärwerk Ruhleben";"DETP_BE01";"Ruhleben";"281700,0000";"20,39";"7,933";"dPCR mit Inhibitorentfernung";"Influenza B";"NS2 Gen";"0,00000000000"
"12411504";"2024-10-20";"Klärwerk Ruhleben";"DETP_BE01";"Ruhleben";"223450,0000";"20,82";"7,047";"dPCR mit Inhibitorentfernung";"Influenza A";"M1 Gen";"3500,00000000000"
"12411504";"2024-10-20";"Klärwerk Ruhleben";"DETP_BE01";"Ruhleben";"223450,0000";"20,82";"7,047";"dPCR mit Inhibitorentfernung";"Influenza B";"NS2 Gen";"0,00000000000"
"12411506";"2024-10-27";"Klärwerk Ruhleben";"DETP_BE01";"Ruhleben";"234570,0000";"20,79";"7,103";"dPCR mit Inhibitorentfernung";"Influenza A";"M1 Gen";"0,00000000000"
"12411506";"2024-10-27";"Klärwerk Ruhleben";"DETP_BE01";"Ruhleben";"234570,0000";"20,79";"7,103";"dPCR mit Inhibitorentfernung";"Influenza B";"NS2 Gen";"0,00000000000"
"12412529";"2024-11-03";"Klärwerk Ruhleben";"DETP_BE01";"Ruhleben";"244910,0000";"20,21";"7,079";"dPCR mit Inhibitorentfernung";"Influenza A";"M1 Gen";"3433,33333333333"
"12412529";"2024-11-03";"Klärwerk Ruhleben";"DETP_BE01";"Ruhleben";"244910,0000";"20,21";"7,079";"dPCR mit Inhibitorentfernung";"Influenza B";"NS2 Gen";"0,00000000000"
"12412530";"2024-11-10";"Klärwerk Ruhleben";"DETP_BE01";"Ruhleben";"232690,0000";"19,20";"7,057";"dPCR mit Inhibitorentfernung";"Influenza A";"M1 Gen";"3533,33333333333"
"12412530";"2024-11-10";"Klärwerk Ruhleben";"DETP_BE01";"Ruhleben";"232690,0000";"19,20";"7,057";"dPCR mit Inhibitorentfernung";"Influenza B";"NS2 Gen";"0,00000000000"
"12412531";"2024-11-17";"Klärwerk Ruhleben";"DETP_BE01";"Ruhleben";"275230,0000";"18,26";"7,056";"dPCR mit Inhibitorentfernung";"Influenza A";"M1 Gen";"3500,00000000000"
"12412531";"2024-11-17";"Klärwerk Ruhleben";"DETP_BE01";"Ruhleben";"275230,0000";"18,26";"7,056";"dPCR mit Inhibitorentfernung";"Influenza B";"NS2 Gen";"0,00000000000"
"12412532";"2024-11-24";"Klärwerk Ruhleben";"DETP_BE01";"Ruhleben";"429350,0000";"15,42";"6,964";"dPCR mit Inhibitorentfernung";"Influenza A";"M1 Gen";"8800,00000000000"
"12412532";"2024-11-24";"Klärwerk Ruhleben";"DETP_BE01";"Ruhleben";"429350,0000";"15,42";"6,964";"dPCR mit Inhibitorentfernung";"Influenza B";"NS2 Gen";"0,00000000000"
"12413791";"2024-12-01";"Klärwerk Ruhleben";"DETP_BE01";"Ruhleben";"240920,0000";"16,84";"7,042";"dPCR mit Inhibitorentfernung";"Influenza A";"M1 Gen";"19266,66666666667"
"12413791";"2024-12-01";"Klärwerk Ruhleben";"DETP_BE01";"Ruhleben";"240920,0000";"16,84";"7,042";"dPCR mit Inhibitorentfernung";"Influenza B";"NS2 Gen";"0,00000000000"
"62406555";"2024-12-01";"Klärwerk Schönerlinde";"DETP_BE02";"Schönerlinde";"99390,1000";"14,80";"7,230";"dPCR mit Inhibitorentfernung";"Influenza A";"M1 Gen";"28900,00000000000"
"62406555";"2024-12-01";"Klärwerk Schönerlinde";"DETP_BE02";"Schönerlinde";"99390,1000";"14,80";"7,230";"dPCR mit Inhibitorentfernung";"Influenza B";"NS2 Gen";"0,00000000000"
"12413793";"2024-12-08";"Klärwerk Ruhleben";"DETP_BE01";"Ruhleben";"287890,0000";"15,29";"6,982";"dPCR mit Inhibitorentfernung";"Influenza A";"M1 Gen";"14100,00000000000"
"12413793";"2024-12-08";"Klärwerk Ruhleben";"DETP_BE01";"Ruhleben";"287890,0000";"15,29";"6,982";"dPCR mit Inhibitorentfernung";"Influenza B";"NS2 Gen";"7033,33333333333"
"62406557";"2024-12-08";"Klärwerk Schönerlinde";"DETP_BE02";"Schönerlinde";"111912,5000";"14,80";"7,290";"dPCR mit Inhibitorentfernung";"Influenza A";"M1 Gen";"40666,66666666666"
"62406557";"2024-12-08";"Klärwerk Schönerlinde";"DETP_BE02";"Schönerlinde";"111912,5000";"14,80";"7,290";"dPCR mit Inhibitorentfernung";"Influenza B";"NS2 Gen";"0,00000000000"
"42412010";"2024-12-08";"Klärwerk Waßmannsdorf";"DETP_BE03";"Waßmannsdorf";"246389,7375";"15,87";"6,874";"dPCR mit Inhibitorentfernung";"Influenza A";"M1 Gen";"3633,33333333333"
"42412010";"2024-12-08";"Klärwerk Waßmannsdorf";"DETP_BE03";"Waßmannsdorf";"246389,7375";"15,87";"6,874";"dPCR mit Inhibitorentfernung";"Influenza B";"NS2 Gen";"0,00000000000"
"12413795";"2024-12-15";"Klärwerk Ruhleben";"DETP_BE01";"Ruhleben";"271450,0000";"16,73";"7,113";"dPCR mit Inhibitorentfernung";"Influenza A";"M1 Gen";"54500,00000000000"
"12413795";"2024-12-15";"Klärwerk Ruhleben";"DETP_BE01";"Ruhleben";"271450,0000";"16,73";"7,113";"dPCR mit Inhibitorentfernung";"Influenza B";"NS2 Gen";"65033,33333333334"
"62406559";"2024-12-15";"Klärwerk Schönerlinde";"DETP_BE02";"Schönerlinde";"120368,2000";"15,20";"7,420";"dPCR mit Inhibitorentfernung";"Influenza A";"M1 Gen";"39866,66666666666"
"62406559";"2024-12-15";"Klärwerk Schönerlinde";"DETP_BE02";"Schönerlinde";"120368,2000";"15,20";"7,420";"dPCR mit Inhibitorentfernung";"Influenza B";"NS2 Gen";"0,00000000000"
"42412013";"2024-12-15";"Klärwerk Waßmannsdorf";"DETP_BE03";"Waßmannsdorf";"246605,2375";"16,05";"7,074";"dPCR mit Inhibitorentfernung";"Influenza A";"M1 Gen";"11033,33333333333"
"42412013";"2024-12-15";"Klärwerk Waßmannsdorf";"DETP_BE03";"Waßmannsdorf";"246605,2375";"16,05";"7,074";"dPCR mit Inhibitorentfernung";"Influenza B";"NS2 Gen";"0,00000000000"
"12413797";"2024-12-22";"Klärwerk Ruhleben";"DETP_BE01";"Ruhleben";"281480,0000";"16,91";"7,133";"dPCR mit Inhibitorentfernung";"Influenza A";"M1 Gen";"22900,00000000000"
"12413797";"2024-12-22";"Klärwerk Ruhleben";"DETP_BE01";"Ruhleben";"281480,0000";"16,91";"7,133";"dPCR mit Inhibitorentfernung";"Influenza B";"NS2 Gen";"3533,33333333333"
"62406561";"2024-12-22";"Klärwerk Schönerlinde";"DETP_BE02";"Schönerlinde";"130601,2000";"15,70";"7,500";"dPCR mit Inhibitorentfernung";"Influenza A";"M1 Gen";"41700,00000000000"
"62406561";"2024-12-22";"Klärwerk Schönerlinde";"DETP_BE02";"Schönerlinde";"130601,2000";"15,70";"7,500";"dPCR mit Inhibitorentfernung";"Influenza B";"NS2 Gen";"10933,33333333333"
"42412016";"2024-12-22";"Klärwerk Waßmannsdorf";"DETP_BE03";"Waßmannsdorf";"242420,6750";"16,20";"7,371";"dPCR mit Inhibitorentfernung";"Influenza A";"M1 Gen";"13000,00000000000"
"42412016";"2024-12-22";"Klärwerk Waßmannsdorf";"DETP_BE03";"Waßmannsdorf";"242420,6750";"16,20";"7,371";"dPCR mit Inhibitorentfernung";"Influenza B";"NS2 Gen";"7400,00000000000"
"12413799";"2024-12-29";"Klärwerk Ruhleben";"DETP_BE01";"Ruhleben";"215360,0000";"16,72";"7,145";"dPCR mit Inhibitorentfernung";"Influenza A";"M1 Gen";"87833,33333333333"
"12413799";"2024-12-29";"Klärwerk Ruhleben";"DETP_BE01";"Ruhleben";"215360,0000";"16,72";"7,145";"dPCR mit Inhibitorentfernung";"Influenza B";"NS2 Gen";"12300,00000000000"
"62406563";"2024-12-29";"Klärwerk Schönerlinde";"DETP_BE02";"Schönerlinde";"92536,6000";"15,10";"7,470";"dPCR mit Inhibitorentfernung";"Influenza A";"M1 Gen";"90333,33333333333"
"62406563";"2024-12-29";"Klärwerk Schönerlinde";"DETP_BE02";"Schönerlinde";"92536,6000";"15,10";"7,470";"dPCR mit Inhibitorentfernung";"Influenza B";"NS2 Gen";"12600,00000000000"
"42412019";"2024-12-29";"Klärwerk Waßmannsdorf";"DETP_BE03";"Waßmannsdorf";"193173,7125";"15,93";"7,164";"dPCR mit Inhibitorentfernung";"Influenza A";"M1 Gen";"22166,66666666667"
"42412019";"2024-12-29";"Klärwerk Waßmannsdorf";"DETP_BE03";"Waßmannsdorf";"193173,7125";"15,93";"7,164";"dPCR mit Inhibitorentfernung";"Influenza B";"NS2 Gen";"5600,00000000000"
"12414252";"2025-01-05";"Klärwerk Ruhleben";"DETP_BE01";"Ruhleben";"254910,0000";"16,04";"7,172";"dPCR mit Inhibitorentfernung";"Influenza A";"M1 Gen";"105400,00000000000"
"12414252";"2025-01-05";"Klärwerk Ruhleben";"DETP_BE01";"Ruhleben";"254910,0000";"16,04";"7,172";"dPCR mit Inhibitorentfernung";"Influenza B";"NS2 Gen";"40366,66666666666"
"62406734";"2025-01-05";"Klärwerk Schönerlinde";"DETP_BE02";"Schönerlinde";"110112,4000";"14,40";"7,510";"dPCR mit Inhibitorentfernung";"Influenza A";"M1 Gen";"167500,00000000000"
"62406734";"2025-01-05";"Klärwerk Schönerlinde";"DETP_BE02";"Schönerlinde";"110112,4000";"14,40";"7,510";"dPCR mit Inhibitorentfernung";"Influenza B";"NS2 Gen";"27266,66666666667"
"42412439";"2025-01-05";"Klärwerk Waßmannsdorf";"DETP_BE03";"Waßmannsdorf";"235160,7750";"15,38";"7,257";"dPCR mit Inhibitorentfernung";"Influenza A";"M1 Gen";"30700,00000000000"
"42412439";"2025-01-05";"Klärwerk Waßmannsdorf";"DETP_BE03";"Waßmannsdorf";"235160,7750";"15,38";"7,257";"dPCR mit Inhibitorentfernung";"Influenza B";"NS2 Gen";"12733,33333333333"
"12414254";"2025-01-12";"Klärwerk Ruhleben";"DETP_BE01";"Ruhleben";"258120,0000";"13,41";"7,064";"dPCR mit Inhibitorentfernung";"Influenza A";"M1 Gen";"179170,00000000000"
"12414254";"2025-01-12";"Klärwerk Ruhleben";"DETP_BE01";"Ruhleben";"258120,0000";"13,41";"7,064";"dPCR mit Inhibitorentfernung";"Influenza B";"NS2 Gen";"33205,33333333334"
"62406736";"2025-01-12";"Klärwerk Schönerlinde";"DETP_BE02";"Schönerlinde";"119496,0000";"12,50";"7,310";"dPCR mit Inhibitorentfernung";"Influenza A";"M1 Gen";"217827,00000000000"
"62406736";"2025-01-12";"Klärwerk Schönerlinde";"DETP_BE02";"Schönerlinde";"119496,0000";"12,50";"7,310";"dPCR mit Inhibitorentfernung";"Influenza B";"NS2 Gen";"50206,66666666666"
"42412442";"2025-01-12";"Klärwerk Waßmannsdorf";"DETP_BE03";"Waßmannsdorf";"253748,3125";"13,47";"6,824";"dPCR mit Inhibitorentfernung";"Influenza A";"M1 Gen";"41521,00000000000"
"42412442";"2025-01-12";"Klärwerk Waßmannsdorf";"DETP_BE03";"Waßmannsdorf";"253748,3125";"13,47";"6,824";"dPCR mit Inhibitorentfernung";"Influenza B";"NS2 Gen";"10959,33333333333"
"12414256";"2025-01-19";"Klärwerk Ruhleben";"DETP_BE01";"Ruhleben";"243740,0000";"15,68";"7,236";"dPCR mit Inhibitorentfernung";"Influenza A";"M1 Gen";"179379,33333333334"
"12414256";"2025-01-19";"Klärwerk Ruhleben";"DETP_BE01";"Ruhleben";"243740,0000";"15,68";"7,236";"dPCR mit Inhibitorentfernung";"Influenza B";"NS2 Gen";"66820,00000000000"
"62406738";"2025-01-19";"Klärwerk Schönerlinde";"DETP_BE02";"Schönerlinde";"108898,6000";"14,10";"7,510";"dPCR mit Inhibitorentfernung";"Influenza A";"M1 Gen";"146767,33333333334"
"62406738";"2025-01-19";"Klärwerk Schönerlinde";"DETP_BE02";"Schönerlinde";"108898,6000";"14,10";"7,510";"dPCR mit Inhibitorentfernung";"Influenza B";"NS2 Gen";"66214,66666666667"
"42412445";"2025-01-19";"Klärwerk Waßmannsdorf";"DETP_BE03";"Waßmannsdorf";"236672,4000";"15,45";"6,939";"dPCR mit Inhibitorentfernung";"Influenza A";"M1 Gen";"58198,00000000000"
"42412445";"2025-01-19";"Klärwerk Waßmannsdorf";"DETP_BE03";"Waßmannsdorf";"236672,4000";"15,45";"6,939";"dPCR mit Inhibitorentfernung";"Influenza B";"NS2 Gen";"19907,33333333333"
"12414257";"2025-01-22";"Klärwerk Ruhleben";"DETP_BE01";"Ruhleben";"246230,0000";"15,55";"7,243";"dPCR mit Inhibitorentfernung";"Influenza A";"M1 Gen";"197972,00000000000"
"12414257";"2025-01-22";"Klärwerk Ruhleben";"DETP_BE01";"Ruhleben";"246230,0000";"15,55";"7,243";"dPCR mit Inhibitorentfernung";"Influenza B";"NS2 Gen";"75911,33333333333"
"62406739";"2025-01-22";"Klärwerk Schönerlinde";"DETP_BE02";"Schönerlinde";"105755,7000";"14,10";"7,510";"dPCR mit Inhibitorentfernung";"Influenza A";"M1 Gen";"163838,33333333334"
"62406739";"2025-01-22";"Klärwerk Schönerlinde";"DETP_BE02";"Schönerlinde";"105755,7000";"14,10";"7,510";"dPCR mit Inhibitorentfernung";"Influenza B";"NS2 Gen";"119509,33333333333"
"42412447";"2025-01-22";"Klärwerk Waßmannsdorf";"DETP_BE03";"Waßmannsdorf";"222457,3750";"15,50";"6,970";"dPCR mit Inhibitorentfernung";"Influenza A";"M1 Gen";"70661,33333333333"
"42412447";"2025-01-22";"Klärwerk Waßmannsdorf";"DETP_BE03";"Waßmannsdorf";"222457,3750";"15,50";"6,970";"dPCR mit Inhibitorentfernung";"Influenza B";"NS2 Gen";"45306,33333333334"
"12414258";"2025-01-26";"Klärwerk Ruhleben";"DETP_BE01";"Ruhleben";"296990,0000";"15,58";"7,133";"dPCR mit Inhibitorentfernung";"Influenza A";"M1 Gen";"190902,00000000000"
"12414258";"2025-01-26";"Klärwerk Ruhleben";"DETP_BE01";"Ruhleben";"296990,0000";"15,58";"7,133";"dPCR mit Inhibitorentfernung";"Influenza B";"NS2 Gen";"99063,00000000000"
"62406740";"2025-01-26";"Klärwerk Schönerlinde";"DETP_BE02";"Schönerlinde";"136165,2000";"14,70";"7,550";"dPCR mit Inhibitorentfernung";"Influenza A";"M1 Gen";"190251,33333333334"
"62406740";"2025-01-26";"Klärwerk Schönerlinde";"DETP_BE02";"Schönerlinde";"136165,2000";"14,70";"7,550";"dPCR mit Inhibitorentfernung";"Influenza B";"NS2 Gen";"122229,33333333333"
"42412448";"2025-01-26";"Klärwerk Waßmannsdorf";"DETP_BE03";"Waßmannsdorf";"253585,0625";"15,65";"7,028";"dPCR mit Inhibitorentfernung";"Influenza A";"M1 Gen";"80123,66666666667"
"42412448";"2025-01-26";"Klärwerk Waßmannsdorf";"DETP_BE03";"Waßmannsdorf";"253585,0625";"15,65";"7,028";"dPCR mit Inhibitorentfernung";"Influenza B";"NS2 Gen";"36226,33333333334"
"12414259";"2025-01-29";"Klärwerk Ruhleben";"DETP_BE01";"Ruhleben";"265490,0000";"15,27";"7,133";"dPCR mit Inhibitorentfernung";"Influenza A";"M1 Gen";"152971,66666666666"
"12414259";"2025-01-29";"Klärwerk Ruhleben";"DETP_BE01";"Ruhleben";"265490,0000";"15,27";"7,133";"dPCR mit Inhibitorentfernung";"Influenza B";"NS2 Gen";"154423,66666666666"
"62406741";"2025-01-29";"Klärwerk Schönerlinde";"DETP_BE02";"Schönerlinde";"119200,0000";"15,00";"7,570";"dPCR mit Inhibitorentfernung";"Influenza A";"M1 Gen";"137030,00000000000"
"62406741";"2025-01-29";"Klärwerk Schönerlinde";"DETP_BE02";"Schönerlinde";"119200,0000";"15,00";"7,570";"dPCR mit Inhibitorentfernung";"Influenza B";"NS2 Gen";"151957,00000000000"
"42412450";"2025-01-29";"Klärwerk Waßmannsdorf";"DETP_BE03";"Waßmannsdorf";"240336,2750";"15,66";"7,000";"dPCR mit Inhibitorentfernung";"Influenza A";"M1 Gen";"52578,66666666666"
"42412450";"2025-01-29";"Klärwerk Waßmannsdorf";"DETP_BE03";"Waßmannsdorf";"240336,2750";"15,66";"7,000";"dPCR mit Inhibitorentfernung";"Influenza B";"NS2 Gen";"46751,00000000000"
"12501408";"2025-02-02";"Klärwerk Ruhleben";"DETP_BE01";"Ruhleben";"239090,0000";"15,99";"7,213";"dPCR mit Inhibitorentfernung";"Influenza A";"M1 Gen";"118052,33333333333"
"12501408";"2025-02-02";"Klärwerk Ruhleben";"DETP_BE01";"Ruhleben";"239090,0000";"15,99";"7,213";"dPCR mit Inhibitorentfernung";"Influenza B";"NS2 Gen";"110696,66666666667"
"62500562";"2025-02-02";"Klärwerk Schönerlinde";"DETP_BE02";"Schönerlinde";"103863,5000";"14,90";"6,870";"dPCR mit Inhibitorentfernung";"Influenza A";"M1 Gen";"116082,66666666667"
"62500562";"2025-02-02";"Klärwerk Schönerlinde";"DETP_BE02";"Schönerlinde";"103863,5000";"14,90";"6,870";"dPCR mit Inhibitorentfernung";"Influenza B";"NS2 Gen";"104545,66666666667"
"42501212";"2025-02-02";"Klärwerk Waßmannsdorf";"DETP_BE03";"Waßmannsdorf";"222154,0750";"15,70";"6,986";"dPCR mit Inhibitorentfernung";"Influenza A";"M1 Gen";"79943,00000000000"
"42501212";"2025-02-02";"Klärwerk Waßmannsdorf";"DETP_BE03";"Waßmannsdorf";"222154,0750";"15,70";"6,986";"dPCR mit Inhibitorentfernung";"Influenza B";"NS2 Gen";"63311,00000000000"
"12501409";"2025-02-05";"Klärwerk Ruhleben";"DETP_BE01";"Ruhleben";"232620,0000";"15,72";"7,189";"dPCR mit Inhibitorentfernung";"Influenza A";"M1 Gen";"137079,00000000000"
"12501409";"2025-02-05";"Klärwerk Ruhleben";"DETP_BE01";"Ruhleben";"232620,0000";"15,72";"7,189";"dPCR mit Inhibitorentfernung";"Influenza B";"NS2 Gen";"141500,66666666666"
"62500563";"2025-02-05";"Klärwerk Schönerlinde";"DETP_BE02";"Schönerlinde";"98783,7000";"14,30";"7,120";"dPCR mit Inhibitorentfernung";"Influenza A";"M1 Gen";"90618,33333333333"
"62500563";"2025-02-05";"Klärwerk Schönerlinde";"DETP_BE02";"Schönerlinde";"98783,7000";"14,30";"7,120";"dPCR mit Inhibitorentfernung";"Influenza B";"NS2 Gen";"105405,66666666667"
"42501214";"2025-02-05";"Klärwerk Waßmannsdorf";"DETP_BE03";"Waßmannsdorf";"213893,7625";"15,56";"7,007";"dPCR mit Inhibitorentfernung";"Influenza A";"M1 Gen";"43763,33333333334"
"42501214";"2025-02-05";"Klärwerk Waßmannsdorf";"DETP_BE03";"Waßmannsdorf";"213893,7625";"15,56";"7,007";"dPCR mit Inhibitorentfernung";"Influenza B";"NS2 Gen";"65251,33333333334"
"12501410";"2025-02-09";"Klärwerk Ruhleben";"DETP_BE01";"Ruhleben";"237980,0000";"15,88";"7,276";"dPCR mit Inhibitorentfernung";"Influenza A";"M1 Gen";"96551,66666666667"
"12501410";"2025-02-09";"Klärwerk Ruhleben";"DETP_BE01";"Ruhleben";"237980,0000";"15,88";"7,276";"dPCR mit Inhibitorentfernung";"Influenza B";"NS2 Gen";"143489,33333333334"
"62500564";"2025-02-09";"Klärwerk Schönerlinde";"DETP_BE02";"Schönerlinde";"110776,5000";"13,10";"6,840";"dPCR mit Inhibitorentfernung";"Influenza A";"M1 Gen";"109037,66666666667"
"62500564";"2025-02-09";"Klärwerk Schönerlinde";"DETP_BE02";"Schönerlinde";"110776,5000";"13,10";"6,840";"dPCR mit Inhibitorentfernung";"Influenza B";"NS2 Gen";"137644,66666666666"
"42501215";"2025-02-09";"Klärwerk Waßmannsdorf";"DETP_BE03";"Waßmannsdorf";"234663,3125";"15,39";"7,004";"dPCR mit Inhibitorentfernung";"Influenza A";"M1 Gen";"36396,00000000000"
"42501215";"2025-02-09";"Klärwerk Waßmannsdorf";"DETP_BE03";"Waßmannsdorf";"234663,3125";"15,39";"7,004";"dPCR mit Inhibitorentfernung";"Influenza B";"NS2 Gen";"72577,00000000000"
"12501411";"2025-02-12";"Klärwerk Ruhleben";"DETP_BE01";"Ruhleben";"234860,0000";"15,20";"7,218";"dPCR mit Inhibitorentfernung";"Influenza A";"M1 Gen";"58674,33333333334"
"12501411";"2025-02-12";"Klärwerk Ruhleben";"DETP_BE01";"Ruhleben";"234860,0000";"15,20";"7,218";"dPCR mit Inhibitorentfernung";"Influenza B";"NS2 Gen";"143851,00000000000"
"42501217";"2025-02-12";"Klärwerk Waßmannsdorf";"DETP_BE03";"Waßmannsdorf";"229021,5000";"14,86";"7,038";"dPCR mit Inhibitorentfernung";"Influenza A";"M1 Gen";"41298,66666666666"
"42501217";"2025-02-12";"Klärwerk Waßmannsdorf";"DETP_BE03";"Waßmannsdorf";"229021,5000";"14,86";"7,038";"dPCR mit Inhibitorentfernung";"Influenza B";"NS2 Gen";"72039,66666666667"
"12501412";"2025-02-16";"Klärwerk Ruhleben";"DETP_BE01";"Ruhleben";"240130,0000";"15,13";"7,214";"dPCR mit Inhibitorentfernung";"Influenza A";"M1 Gen";"96354,66666666667"
"12501412";"2025-02-16";"Klärwerk Ruhleben";"DETP_BE01";"Ruhleben";"240130,0000";"15,13";"7,214";"dPCR mit Inhibitorentfernung";"Influenza B";"NS2 Gen";"167791,33333333334"
"62500566";"2025-02-16";"Klärwerk Schönerlinde";"DETP_BE02";"Schönerlinde";"107454,6000";"12,90";"6,860";"dPCR mit Inhibitorentfernung";"Influenza A";"M1 Gen";"88226,66666666667"
"62500566";"2025-02-16";"Klärwerk Schönerlinde";"DETP_BE02";"Schönerlinde";"107454,6000";"12,90";"6,860";"dPCR mit Inhibitorentfernung";"Influenza B";"NS2 Gen";"142394,33333333334"
"42501218";"2025-02-16";"Klärwerk Waßmannsdorf";"DETP_BE03";"Waßmannsdorf";"243455,0625";"15,03";"7,021";"dPCR mit Inhibitorentfernung";"Influenza A";"M1 Gen";"43680,33333333334"
"42501218";"2025-02-16";"Klärwerk Waßmannsdorf";"DETP_BE03";"Waßmannsdorf";"243455,0625";"15,03";"7,021";"dPCR mit Inhibitorentfernung";"Influenza B";"NS2 Gen";"61580,66666666666"
"12501413";"2025-02-19";"Klärwerk Ruhleben";"DETP_BE01";"Ruhleben";"241240,0000";"14,92";"7,120";"dPCR mit Inhibitorentfernung";"Influenza A";"M1 Gen";"90971,00000000000"
"12501413";"2025-02-19";"Klärwerk Ruhleben";"DETP_BE01";"Ruhleben";"241240,0000";"14,92";"7,120";"dPCR mit Inhibitorentfernung";"Influenza B";"NS2 Gen";"192019,66666666666"
"62500567";"2025-02-19";"Klärwerk Schönerlinde";"DETP_BE02";"Schönerlinde";"92773,8000";"12,20";"6,900";"dPCR mit Inhibitorentfernung";"Influenza A";"M1 Gen";"108374,66666666667"
"62500567";"2025-02-19";"Klärwerk Schönerlinde";"DETP_BE02";"Schönerlinde";"92773,8000";"12,20";"6,900";"dPCR mit Inhibitorentfernung";"Influenza B";"NS2 Gen";"171687,00000000000"
"12501414";"2025-02-23";"Klärwerk Ruhleben";"DETP_BE01";"Ruhleben";"242560,0000";"15,89";"7,289";"dPCR mit Inhibitorentfernung";"Influenza A";"M1 Gen";"92766,66666666667"
"12501414";"2025-02-23";"Klärwerk Ruhleben";"DETP_BE01";"Ruhleben";"242560,0000";"15,89";"7,289";"dPCR mit Inhibitorentfernung";"Influenza B";"NS2 Gen";"197400,00000000000"
"62500568";"2025-02-23";"Klärwerk Schönerlinde";"DETP_BE02";"Schönerlinde";"94723,5000";"13,00";"6,970";"dPCR mit Inhibitorentfernung";"Influenza A";"M1 Gen";"76333,33333333333"
"62500568";"2025-02-23";"Klärwerk Schönerlinde";"DETP_BE02";"Schönerlinde";"94723,5000";"13,00";"6,970";"dPCR mit Inhibitorentfernung";"Influenza B";"NS2 Gen";"193366,66666666666"
"42501221";"2025-02-23";"Klärwerk Waßmannsdorf";"DETP_BE03";"Waßmannsdorf";"237574,9500";"15,22";"7,037";"dPCR mit Inhibitorentfernung";"Influenza A";"M1 Gen";"35033,33333333334"
"42501221";"2025-02-23";"Klärwerk Waßmannsdorf";"DETP_BE03";"Waßmannsdorf";"237574,9500";"15,22";"7,037";"dPCR mit Inhibitorentfernung";"Influenza B";"NS2 Gen";"66900,00000000000"
"12501415";"2025-02-26";"Klärwerk Ruhleben";"DETP_BE01";"Ruhleben";"280160,0000";"16,23";"7,189";"dPCR mit Inhibitorentfernung";"Influenza A";"M1 Gen";"67366,66666666667"
"12501415";"2025-02-26";"Klärwerk Ruhleben";"DETP_BE01";"Ruhleben";"280160,0000";"16,23";"7,189";"dPCR mit Inhibitorentfernung";"Influenza B";"NS2 Gen";"180600,00000000000"
"62500569";"2025-02-26";"Klärwerk Schönerlinde";"DETP_BE02";"Schönerlinde";"102428,3000";"13,90";"7,370";"dPCR mit Inhibitorentfernung";"Influenza A";"M1 Gen";"67400,00000000000"
"62500569";"2025-02-26";"Klärwerk Schönerlinde";"DETP_BE02";"Schönerlinde";"102428,3000";"13,90";"7,370";"dPCR mit Inhibitorentfernung";"Influenza B";"NS2 Gen";"193166,66666666666"
"42501223";"2025-02-26";"Klärwerk Waßmannsdorf";"DETP_BE03";"Waßmannsdorf";"246777,3000";"15,90";"6,969";"dPCR mit Inhibitorentfernung";"Influenza A";"M1 Gen";"22666,66666666667"
"42501223";"2025-02-26";"Klärwerk Waßmannsdorf";"DETP_BE03";"Waßmannsdorf";"246777,3000";"15,90";"6,969";"dPCR mit Inhibitorentfernung";"Influenza B";"NS2 Gen";"89500,00000000000"
"12502567";"2025-03-02";"Klärwerk Ruhleben";"DETP_BE01";"Ruhleben";"246780,0000";"15,62";"7,159";"dPCR mit Inhibitorentfernung";"Influenza A";"M1 Gen";"37991,00000000000"
"12502567";"2025-03-02";"Klärwerk Ruhleben";"DETP_BE01";"Ruhleben";"246780,0000";"15,62";"7,159";"dPCR mit Inhibitorentfernung";"Influenza B";"NS2 Gen";"180036,66666666666"
"62500986";"2025-03-02";"Klärwerk Schönerlinde";"DETP_BE02";"Schönerlinde";"97467,6000";"13,30";"6,950";"dPCR mit Inhibitorentfernung";"Influenza A";"M1 Gen";"79289,00000000000"
"62500986";"2025-03-02";"Klärwerk Schönerlinde";"DETP_BE02";"Schönerlinde";"97467,6000";"13,30";"6,950";"dPCR mit Inhibitorentfernung";"Influenza B";"NS2 Gen";"191775,66666666666"
"42502102";"2025-03-02";"Klärwerk Waßmannsdorf";"DETP_BE03";"Waßmannsdorf";"242948,0750";"15,41";"6,974";"dPCR mit Inhibitorentfernung";"Influenza A";"M1 Gen";"15174,66666666667"
"42502102";"2025-03-02";"Klärwerk Waßmannsdorf";"DETP_BE03";"Waßmannsdorf";"242948,0750";"15,41";"6,974";"dPCR mit Inhibitorentfernung";"Influenza B";"NS2 Gen";"75650,66666666667"
"12502568";"2025-03-05";"Klärwerk Ruhleben";"DETP_BE01";"Ruhleben";"263550,0000";"15,96";"7,285";"dPCR mit Inhibitorentfernung";"Influenza A";"M1 Gen";"39543,00000000000"
"12502568";"2025-03-05";"Klärwerk Ruhleben";"DETP_BE01";"Ruhleben";"263550,0000";"15,96";"7,285";"dPCR mit Inhibitorentfernung";"Influenza B";"NS2 Gen";"109911,66666666667"
"62500987";"2025-03-05";"Klärwerk Schönerlinde";"DETP_BE02";"Schönerlinde";"94838,2000";"13,90";"6,970";"dPCR mit Inhibitorentfernung";"Influenza A";"M1 Gen";"45589,00000000000"
"62500987";"2025-03-05";"Klärwerk Schönerlinde";"DETP_BE02";"Schönerlinde";"94838,2000";"13,90";"6,970";"dPCR mit Inhibitorentfernung";"Influenza B";"NS2 Gen";"137380,66666666666"
"42502104";"2025-03-05";"Klärwerk Waßmannsdorf";"DETP_BE03";"Waßmannsdorf";"228042,6500";"15,84";"7,020";"dPCR mit Inhibitorentfernung";"Influenza A";"M1 Gen";"12043,66666666667"
"42502104";"2025-03-05";"Klärwerk Waßmannsdorf";"DETP_BE03";"Waßmannsdorf";"228042,6500";"15,84";"7,020";"dPCR mit Inhibitorentfernung";"Influenza B";"NS2 Gen";"81381,66666666667"
"12502569";"2025-03-09";"Klärwerk Ruhleben";"DETP_BE01";"Ruhleben";"248570,0000";"16,82";"7,342";"dPCR mit Inhibitorentfernung";"Influenza A";"M1 Gen";"21948,33333333333"
"12502569";"2025-03-09";"Klärwerk Ruhleben";"DETP_BE01";"Ruhleben";"248570,0000";"16,82";"7,342";"dPCR mit Inhibitorentfernung";"Influenza B";"NS2 Gen";"93590,00000000000"
"62500988";"2025-03-09";"Klärwerk Schönerlinde";"DETP_BE02";"Schönerlinde";"96906,5000";"14,60";"7,020";"dPCR mit Inhibitorentfernung";"Influenza A";"M1 Gen";"57016,33333333334"
"62500988";"2025-03-09";"Klärwerk Schönerlinde";"DETP_BE02";"Schönerlinde";"96906,5000";"14,60";"7,020";"dPCR mit Inhibitorentfernung";"Influenza B";"NS2 Gen";"113741,00000000000"
"42502105";"2025-03-09";"Klärwerk Waßmannsdorf";"DETP_BE03";"Waßmannsdorf";"239047,4250";"16,54";"7,070";"dPCR mit Inhibitorentfernung";"Influenza A";"M1 Gen";"28295,66666666667"
"42502105";"2025-03-09";"Klärwerk Waßmannsdorf";"DETP_BE03";"Waßmannsdorf";"239047,4250";"16,54";"7,070";"dPCR mit Inhibitorentfernung";"Influenza B";"NS2 Gen";"90999,00000000000"
"12502570";"2025-03-12";"Klärwerk Ruhleben";"DETP_BE01";"Ruhleben";"219150,0000";"16,71";"7,299";"dPCR mit Inhibitorentfernung";"Influenza A";"M1 Gen";"23529,33333333333"
"12502570";"2025-03-12";"Klärwerk Ruhleben";"DETP_BE01";"Ruhleben";"219150,0000";"16,71";"7,299";"dPCR mit Inhibitorentfernung";"Influenza B";"NS2 Gen";"87717,00000000000"
"62500989";"2025-03-12";"Klärwerk Schönerlinde";"DETP_BE02";"Schönerlinde";"106050,9000";"14,70";"7,010";"dPCR mit Inhibitorentfernung";"Influenza A";"M1 Gen";"27203,00000000000"
"62500989";"2025-03-12";"Klärwerk Schönerlinde";"DETP_BE02";"Schönerlinde";"106050,9000";"14,70";"7,010";"dPCR mit Inhibitorentfernung";"Influenza B";"NS2 Gen";"108102,66666666667"
"42502107";"2025-03-12";"Klärwerk Waßmannsdorf";"DETP_BE03";"Waßmannsdorf";"251196,0125";"16,65";"7,083";"dPCR mit Inhibitorentfernung";"Influenza A";"M1 Gen";"34621,33333333334"
"42502107";"2025-03-12";"Klärwerk Waßmannsdorf";"DETP_BE03";"Waßmannsdorf";"251196,0125";"16,65";"7,083";"dPCR mit Inhibitorentfernung";"Influenza B";"NS2 Gen";"127053,33333333333"
"12502571";"2025-03-16";"Klärwerk Ruhleben";"DETP_BE01";"Ruhleben";"218260,0000";"17,01";"7,337";"dPCR mit Inhibitorentfernung";"Influenza A";"M1 Gen";"14658,66666666667"
"12502571";"2025-03-16";"Klärwerk Ruhleben";"DETP_BE01";"Ruhleben";"218260,0000";"17,01";"7,337";"dPCR mit Inhibitorentfernung";"Influenza B";"NS2 Gen";"48286,33333333334"
"62500990";"2025-03-16";"Klärwerk Schönerlinde";"DETP_BE02";"Schönerlinde";"102020,8000";"14,40";"7,080";"dPCR mit Inhibitorentfernung";"Influenza A";"M1 Gen";"19491,33333333333"
"62500990";"2025-03-16";"Klärwerk Schönerlinde";"DETP_BE02";"Schönerlinde";"102020,8000";"14,40";"7,080";"dPCR mit Inhibitorentfernung";"Influenza B";"NS2 Gen";"110581,33333333333"
"42502108";"2025-03-16";"Klärwerk Waßmannsdorf";"DETP_BE03";"Waßmannsdorf";"256038,0750";"16,36";"6,947";"dPCR mit Inhibitorentfernung";"Influenza A";"M1 Gen";"19860,00000000000"
"42502108";"2025-03-16";"Klärwerk Waßmannsdorf";"DETP_BE03";"Waßmannsdorf";"256038,0750";"16,36";"6,947";"dPCR mit Inhibitorentfernung";"Influenza B";"NS2 Gen";"77258,33333333333"
"12502572";"2025-03-19";"Klärwerk Ruhleben";"DETP_BE01";"Ruhleben";"226170,0000";"16,75";"7,312";"dPCR mit Inhibitorentfernung";"Influenza A";"M1 Gen";"19052,33333333333"
"12502572";"2025-03-19";"Klärwerk Ruhleben";"DETP_BE01";"Ruhleben";"226170,0000";"16,75";"7,312";"dPCR mit Inhibitorentfernung";"Influenza B";"NS2 Gen";"57179,33333333334"
"62500991";"2025-03-19";"Klärwerk Schönerlinde";"DETP_BE02";"Schönerlinde";"97155,9000";"14,10";"7,070";"dPCR mit Inhibitorentfernung";"Influenza A";"M1 Gen";"23900,33333333333"
"62500991";"2025-03-19";"Klärwerk Schönerlinde";"DETP_BE02";"Schönerlinde";"97155,9000";"14,10";"7,070";"dPCR mit Inhibitorentfernung";"Influenza B";"NS2 Gen";"80742,33333333333"
"42502110";"2025-03-19";"Klärwerk Waßmannsdorf";"DETP_BE03";"Waßmannsdorf";"248985,4500";"16,33";"7,012";"dPCR mit Inhibitorentfernung";"Influenza A";"M1 Gen";"19752,66666666667"
"42502110";"2025-03-19";"Klärwerk Waßmannsdorf";"DETP_BE03";"Waßmannsdorf";"248985,4500";"16,33";"7,012";"dPCR mit Inhibitorentfernung";"Influenza B";"NS2 Gen";"77121,33333333333"
"12502573";"2025-03-23";"Klärwerk Ruhleben";"DETP_BE01";"Ruhleben";"233470,0000";"17,45";"7,416";"dPCR mit Inhibitorentfernung";"Influenza A";"M1 Gen";"18981,33333333333"
"12502573";"2025-03-23";"Klärwerk Ruhleben";"DETP_BE01";"Ruhleben";"233470,0000";"17,45";"7,416";"dPCR mit Inhibitorentfernung";"Influenza B";"NS2 Gen";"52620,33333333334"
"62500992";"2025-03-23";"Klärwerk Schönerlinde";"DETP_BE02";"Schönerlinde";"100512,2000";"14,60";"7,140";"dPCR mit Inhibitorentfernung";"Influenza A";"M1 Gen";"28412,66666666667"
"62500992";"2025-03-23";"Klärwerk Schönerlinde";"DETP_BE02";"Schönerlinde";"100512,2000";"14,60";"7,140";"dPCR mit Inhibitorentfernung";"Influenza B";"NS2 Gen";"83907,66666666667"
"42502111";"2025-03-23";"Klärwerk Waßmannsdorf";"DETP_BE03";"Waßmannsdorf";"240394,1500";"16,67";"7,100";"dPCR mit Inhibitorentfernung";"Influenza A";"M1 Gen";"30190,00000000000"
"42502111";"2025-03-23";"Klärwerk Waßmannsdorf";"DETP_BE03";"Waßmannsdorf";"240394,1500";"16,67";"7,100";"dPCR mit Inhibitorentfernung";"Influenza B";"NS2 Gen";"52905,66666666666"
"12502574";"2025-03-26";"Klärwerk Ruhleben";"DETP_BE01";"Ruhleben";"220150,0000";"17,88";"7,419";"dPCR mit Inhibitorentfernung";"Influenza A";"M1 Gen";"16068,40879200000"
"12502574";"2025-03-26";"Klärwerk Ruhleben";"DETP_BE01";"Ruhleben";"220150,0000";"17,88";"7,419";"dPCR mit Inhibitorentfernung";"Influenza B";"NS2 Gen";"64541,27824666667"
"62500993";"2025-03-26";"Klärwerk Schönerlinde";"DETP_BE02";"Schönerlinde";"96585,8000";"15,40";"7,120";"dPCR mit Inhibitorentfernung";"Influenza A";"M1 Gen";"25253,42662300000"
"62500993";"2025-03-26";"Klärwerk Schönerlinde";"DETP_BE02";"Schönerlinde";"96585,8000";"15,40";"7,120";"dPCR mit Inhibitorentfernung";"Influenza B";"NS2 Gen";"50773,09064000000"
"42502113";"2025-03-26";"Klärwerk Waßmannsdorf";"DETP_BE03";"Waßmannsdorf";"233586,3125";"17,11";"7,082";"dPCR mit Inhibitorentfernung";"Influenza A";"M1 Gen";"15339,22088700000"
"42502113";"2025-03-26";"Klärwerk Waßmannsdorf";"DETP_BE03";"Waßmannsdorf";"233586,3125";"17,11";"7,082";"dPCR mit Inhibitorentfernung";"Influenza B";"NS2 Gen";"33546,02833333334"
"12502575";"2025-03-30";"Klärwerk Ruhleben";"DETP_BE01";"Ruhleben";"294300,0000";"17,65";"7,432";"dPCR mit Inhibitorentfernung";"Influenza A";"M1 Gen";"8748,81803966667"
"12502575";"2025-03-30";"Klärwerk Ruhleben";"DETP_BE01";"Ruhleben";"294300,0000";"17,65";"7,432";"dPCR mit Inhibitorentfernung";"Influenza B";"NS2 Gen";"45368,07522000000"
"62500994";"2025-03-30";"Klärwerk Schönerlinde";"DETP_BE02";"Schönerlinde";"134916,0000";"15,20";"7,160";"dPCR mit Inhibitorentfernung";"Influenza A";"M1 Gen";"18158,14045666667"
"62500994";"2025-03-30";"Klärwerk Schönerlinde";"DETP_BE02";"Schönerlinde";"134916,0000";"15,20";"7,160";"dPCR mit Inhibitorentfernung";"Influenza B";"NS2 Gen";"50738,52376666667"
"42502114";"2025-03-30";"Klärwerk Waßmannsdorf";"DETP_BE03";"Waßmannsdorf";"262935,0250";"17,10";"7,096";"dPCR mit Inhibitorentfernung";"Influenza A";"M1 Gen";"10536,15838266667"
"42502114";"2025-03-30";"Klärwerk Waßmannsdorf";"DETP_BE03";"Waßmannsdorf";"262935,0250";"17,10";"7,096";"dPCR mit Inhibitorentfernung";"Influenza B";"NS2 Gen";"21185,74538333333"
"12503869";"2025-04-02";"Klärwerk Ruhleben";"DETP_BE01";"Ruhleben";"244120,0000";"18,58";"7,176";"dPCR mit Inhibitorentfernung";"Influenza A";"M1 Gen";"13095,87356966667"
"12503869";"2025-04-02";"Klärwerk Ruhleben";"DETP_BE01";"Ruhleben";"244120,0000";"18,58";"7,176";"dPCR mit Inhibitorentfernung";"Influenza B";"NS2 Gen";"21907,63113333333"
"62501579";"2025-04-02";"Klärwerk Schönerlinde";"DETP_BE02";"Schönerlinde";"94018,2000";"15,70";"7,140";"dPCR mit Inhibitorentfernung";"Influenza A";"M1 Gen";"7418,45564733333"
"62501579";"2025-04-02";"Klärwerk Schönerlinde";"DETP_BE02";"Schönerlinde";"94018,2000";"15,70";"7,140";"dPCR mit Inhibitorentfernung";"Influenza B";"NS2 Gen";"19339,62426166667"
"42503416";"2025-04-02";"Klärwerk Waßmannsdorf";"DETP_BE03";"Waßmannsdorf";"231973,0500";"16,85";"7,080";"dPCR mit Inhibitorentfernung";"Influenza A";"M1 Gen";"4608,83324700000"
"42503416";"2025-04-02";"Klärwerk Waßmannsdorf";"DETP_BE03";"Waßmannsdorf";"231973,0500";"16,85";"7,080";"dPCR mit Inhibitorentfernung";"Influenza B";"NS2 Gen";"34940,93962666667"
"12503870";"2025-04-06";"Klärwerk Ruhleben";"DETP_BE01";"Ruhleben";"241460,0000";"19,44";"7,181";"dPCR mit Inhibitorentfernung";"Influenza A";"M1 Gen";"8723,03464666667"
"12503870";"2025-04-06";"Klärwerk Ruhleben";"DETP_BE01";"Ruhleben";"241460,0000";"19,44";"7,181";"dPCR mit Inhibitorentfernung";"Influenza B";"NS2 Gen";"17518,31651100000"
"62501580";"2025-04-06";"Klärwerk Schönerlinde";"DETP_BE02";"Schönerlinde";"100626,5000";"15,60";"7,200";"dPCR mit Inhibitorentfernung";"Influenza A";"M1 Gen";"4445,15840600000"
"62501580";"2025-04-06";"Klärwerk Schönerlinde";"DETP_BE02";"Schönerlinde";"100626,5000";"15,60";"7,200";"dPCR mit Inhibitorentfernung";"Influenza B";"NS2 Gen";"27156,05518333333"
"42503417";"2025-04-06";"Klärwerk Waßmannsdorf";"DETP_BE03";"Waßmannsdorf";"232771,6375";"17,18";"7,141";"dPCR mit Inhibitorentfernung";"Influenza A";"M1 Gen";"0,00000000000"
"42503417";"2025-04-06";"Klärwerk Waßmannsdorf";"DETP_BE03";"Waßmannsdorf";"232771,6375";"17,18";"7,141";"dPCR mit Inhibitorentfernung";"Influenza B";"NS2 Gen";"21336,53724533333"
"12503871";"2025-04-09";"Klärwerk Ruhleben";"DETP_BE01";"Ruhleben";"224160,0000";"19,06";"7,121";"dPCR mit Inhibitorentfernung";"Influenza A";"M1 Gen";"8765,05561166667"
"12503871";"2025-04-09";"Klärwerk Ruhleben";"DETP_BE01";"Ruhleben";"224160,0000";"19,06";"7,121";"dPCR mit Inhibitorentfernung";"Influenza B";"NS2 Gen";"10258,55564500000"
"12503872";"2025-04-13";"Klärwerk Ruhleben";"DETP_BE01";"Ruhleben";"216420,0000";"19,43";"7,195";"dPCR mit Inhibitorentfernung";"Influenza A";"M1 Gen";"4366,87117400000"
"12503872";"2025-04-13";"Klärwerk Ruhleben";"DETP_BE01";"Ruhleben";"216420,0000";"19,43";"7,195";"dPCR mit Inhibitorentfernung";"Influenza B";"NS2 Gen";"8751,29178666667"
"62501582";"2025-04-13";"Klärwerk Schönerlinde";"DETP_BE02";"Schönerlinde";"94752,8000";"16,60";"7,240";"dPCR mit Inhibitorentfernung";"Influenza A";"M1 Gen";"0,00000000000"
"62501582";"2025-04-13";"Klärwerk Schönerlinde";"DETP_BE02";"Schönerlinde";"94752,8000";"16,60";"7,240";"dPCR mit Inhibitorentfernung";"Influenza B";"NS2 Gen";"4498,39403566667"
"42503420";"2025-04-13";"Klärwerk Waßmannsdorf";"DETP_BE03";"Waßmannsdorf";"231183,1500";"18,03";"6,985";"dPCR mit Inhibitorentfernung";"Influenza A";"M1 Gen";"0,00000000000"
"42503420";"2025-04-13";"Klärwerk Waßmannsdorf";"DETP_BE03";"Waßmannsdorf";"231183,1500";"18,03";"6,985";"dPCR mit Inhibitorentfernung";"Influenza B";"NS2 Gen";"7518,86133100000"
"12503873";"2025-04-14";"Klärwerk Ruhleben";"DETP_BE01";"Ruhleben";"222620,0000";"19,95";"7,187";"dPCR mit Inhibitorentfernung";"Influenza A";"M1 Gen";"4349,62611266667"
"12503873";"2025-04-14";"Klärwerk Ruhleben";"DETP_BE01";"Ruhleben";"222620,0000";"19,95";"7,187";"dPCR mit Inhibitorentfernung";"Influenza B";"NS2 Gen";"8692,21310466667"
"42503422";"2025-04-14";"Klärwerk Waßmannsdorf";"DETP_BE03";"Waßmannsdorf";"229398,2625";"18,34";"6,970";"dPCR mit Inhibitorentfernung";"Influenza A";"M1 Gen";"4494,00688400000"
"42503422";"2025-04-14";"Klärwerk Waßmannsdorf";"DETP_BE03";"Waßmannsdorf";"229398,2625";"18,34";"6,970";"dPCR mit Inhibitorentfernung";"Influenza B";"NS2 Gen";"5964,98726300000"
"12503874";"2025-04-16";"Klärwerk Ruhleben";"DETP_BE01";"Ruhleben";"215890,0000";"20,48";"7,167";"dPCR mit Inhibitorentfernung";"Influenza A";"M1 Gen";"0,00000000000"
"12503874";"2025-04-16";"Klärwerk Ruhleben";"DETP_BE01";"Ruhleben";"215890,0000";"20,48";"7,167";"dPCR mit Inhibitorentfernung";"Influenza B";"NS2 Gen";"10340,42243566667"
"62501584";"2025-04-16";"Klärwerk Schönerlinde";"DETP_BE02";"Schönerlinde";"97817,0000";"17,60";"7,270";"dPCR mit Inhibitorentfernung";"Influenza A";"M1 Gen";"10465,74986766667"
"62501584";"2025-04-16";"Klärwerk Schönerlinde";"DETP_BE02";"Schönerlinde";"97817,0000";"17,60";"7,270";"dPCR mit Inhibitorentfernung";"Influenza B";"NS2 Gen";"10456,66150866667"
"42503423";"2025-04-16";"Klärwerk Waßmannsdorf";"DETP_BE03";"Waßmannsdorf";"227584,2750";"18,78";"6,984";"dPCR mit Inhibitorentfernung";"Influenza A";"M1 Gen";"0,00000000000"
"42503423";"2025-04-16";"Klärwerk Waßmannsdorf";"DETP_BE03";"Waßmannsdorf";"227584,2750";"18,78";"6,984";"dPCR mit Inhibitorentfernung";"Influenza B";"NS2 Gen";"4587,33375733333"
"12503875";"2025-04-21";"Klärwerk Ruhleben";"DETP_BE01";"Ruhleben";"202450,0000";"19,78";"7,044";"dPCR mit Inhibitorentfernung";"Influenza A";"M1 Gen";"3514,95410900000"
"12503875";"2025-04-21";"Klärwerk Ruhleben";"DETP_BE01";"Ruhleben";"202450,0000";"19,78";"7,044";"dPCR mit Inhibitorentfernung";"Influenza B";"NS2 Gen";"5287,80778100000"
"62501585";"2025-04-21";"Klärwerk Schönerlinde";"DETP_BE02";"Schönerlinde";"84775,1000";"17,30";"7,220";"dPCR mit Inhibitorentfernung";"Influenza A";"M1 Gen";"3570,50128333333"
"62501585";"2025-04-21";"Klärwerk Schönerlinde";"DETP_BE02";"Schönerlinde";"84775,1000";"17,30";"7,220";"dPCR mit Inhibitorentfernung";"Influenza B";"NS2 Gen";"11031,55887700000"
"42503425";"2025-04-21";"Klärwerk Waßmannsdorf";"DETP_BE03";"Waßmannsdorf";"219804,7500";"18,55";"6,973";"dPCR mit Inhibitorentfernung";"Influenza A";"M1 Gen";"3618,60818333333"
"42503425";"2025-04-21";"Klärwerk Waßmannsdorf";"DETP_BE03";"Waßmannsdorf";"219804,7500";"18,55";"6,973";"dPCR mit Inhibitorentfernung";"Influenza B";"NS2 Gen";"3618,60818333333"
