latitude,longitude,uuid,kreis_name,kreis_schluessel,gemeindeverband_name,gemeindeverband_schluessel,gemeinde_name,gemeinde_schluessel,gemeindeteil_name,gemeindeteil_schluessel,strasse_name,strasse_schluessel,hausnummer,hausnummer_zusatz,postleitzahl,art,bezeichnung,traeger_bezeichnung,traeger_art,konzept,plaetze,barrierefrei,betreuungszeiten,telefon_festnetz,telefon_mobil,email,website
54.1283201095396,12.0691057764868,e977e1ea-c011-4047-88bf-c1ac4c2bfcad,Rostock,"13003","Rostock, Hanse- und Universitätsstadt","130030000","Rostock, Hanse- und Universitätsstadt","130030000000",Schmarl,"0012",Stephan-Jantzen-Ring,"08730",32,,"18106",Kinderkrippe,Käferbude,Begegnungsstätte Schmarl e.V.,gewerblich-privat,,24,,Mo-Fr 06:00-17:00,+49 381 2527496,,hdf-schmarl@web.de,
54.085865149184,12.135985836908,4a264daa-059f-46f3-b9a5-f22eec042004,Rostock,"13003","Rostock, Hanse- und Universitätsstadt","130030000","Rostock, Hanse- und Universitätsstadt","130030000000",Stadtmitte,"0019",Hermannstr.,"03550",36,,"18055",Kindergarten,Kellermäuse,Ökohaus e.V.,gewerblich-privat,,18,,Mo-Fr 07:00-17:00,+49 381 4922912,,kinderladen@oekohaus-rostock.de,
54.0968935368823,12.0894396401572,bd0026c0-262f-4bba-9a4b-a06a63a85378,Rostock,"13003","Rostock, Hanse- und Universitätsstadt","130030000","Rostock, Hanse- und Universitätsstadt","130030000000",Reutershagen,"0013",Kuphalstr.,"06340",79,,"18069",Kindergarten,Kuphalstraße,Gesellschaft für Gesundheit und Pädagogik mbH,kommerziell,,74,,Mo-Fr 06:00-19:00,+49 381 8008297,,birthe.stolzmann@ggp-gruppe.de,
54.135791851548,12.0757733807492,7566c7a6-69a5-46df-b8ed-523dc2398e3b,Rostock,"13003","Rostock, Hanse- und Universitätsstadt","130030000","Rostock, Hanse- und Universitätsstadt","130030000000",Schmarl,"0012",Kolumbusring,"07130",20,,"18106",Kindergarten,Regenbogen,Diakonie Rostocker Stadtmission e.V.,kirchlich,,105,,Mo-Fr 06:00-17:00,+49 381 1201367,,regenbogen-leitung@rostocker-stadtmission.de,
54.0822546037158,12.1449701191064,8ebe2b89-6e72-4ce2-b6bc-e084754105e5,Rostock,"13003","Rostock, Hanse- und Universitätsstadt","130030000","Rostock, Hanse- und Universitätsstadt","130030000000",Stadtmitte,"0019",Bahnhofstr.,"01060",34,,"18055",Kinderkrippe,Friedrich-Franz-Bahnhof,Institut Lernen und Leben e.V.,gewerblich-privat,,36,,Mo-Fr 05:30-19:00,+49 381 25223925,,kitaamfriedrichfranzbahnhof@ill-ev.de,
54.1516187946313,12.0620763030919,8d5c2369-a8eb-4890-ab07-43bac653fe7a,Rostock,"13003","Rostock, Hanse- und Universitätsstadt","130030000","Rostock, Hanse- und Universitätsstadt","130030000000",Lichtenhagen,"0008",Putbuser Str.,"02140",10,,"18109",Kindergarten,Lotsenkinder,Institut Lernen und Leben e.V.,gewerblich-privat,,45,,Mo-Fr 06:00-18:00,+49 381 51056782,,kitalotsenkinder@ill-ev.de,
54.1557671111134,12.0645179790082,b51ff6d5-e170-42fd-a066-deeb6c14a091,Rostock,"13003","Rostock, Hanse- und Universitätsstadt","130030000","Rostock, Hanse- und Universitätsstadt","130030000000",Lichtenhagen,"0008",Bützower Str.,"09500",11,,"18109",Kinderkrippe,Biene Maja,Arbeiter-Samariter-Bund Kreisverband Rostock e.V.,freie Wohlfahrtspflege,,66,,Mo-Fr 06:00-17:00,+49 381 714063,,kita.bienemaja@asb-rostock.de,
54.0698471197993,12.1121385079023,f690e112-5d83-4bb3-8558-8462f77dd6f3,Rostock,"13003","Rostock, Hanse- und Universitätsstadt","130030000","Rostock, Hanse- und Universitätsstadt","130030000000",Südstadt,"0017",Pawlowstr.,"07550",16,,"18059",Hort,Hort der Werkstattschule,Europäische Stiftung für innovative Bildung gAG,kommerziell,,192,,Mo-Fr 06:30-17:30,+49 381 453774141,,sgruenthal@werkstattschule-in-rostock.de,
54.0701754687445,12.1199621483453,23c2056a-3823-46b6-83d1-fd03e7a17cf1,Rostock,"13003","Rostock, Hanse- und Universitätsstadt","130030000","Rostock, Hanse- und Universitätsstadt","130030000000",Südstadt,"0017",Erich-Weinert-Str.,"02170",40,,"18059",Kinderkrippe,Kindergarten der Werkstattschule,Kindergarten der Werkstattschule Schritt für Schritt GmbH,kommerziell,,36,,Mo-Fr 06:30-18:00,+49 381 453774230,,pwisotzky@kiga-wir.de,
54.0883878870027,12.1177888941522,ff164708-ebd5-4c73-a923-d684903dc516,Rostock,"13003","Rostock, Hanse- und Universitätsstadt","130030000","Rostock, Hanse- und Universitätsstadt","130030000000",Kröpeliner-Tor-Vorstadt,"0016",Ottostr.,"07430",16,,"18057",Kinderkrippe,Kastanienhaus,Institut Lernen und Leben e.V.,gewerblich-privat,,28,,Mo-Fr 06:00-18:00,+49 381 2007819,,kitakastanienhaus@ill-ev.de,
54.0844019328778,12.1228750641138,1d8ad13e-c770-4fdb-be2e-2e46139933a0,Rostock,"13003","Rostock, Hanse- und Universitätsstadt","130030000","Rostock, Hanse- und Universitätsstadt","130030000000",Kröpeliner-Tor-Vorstadt,"0016",Feldstr.,"02360",48,a,"18057",Hort,Hort der Waldorfschule,Initiative zur Förderung der Waldorfpädagogik Rostock e.V.,gewerblich-privat,,101,,Mo-Fr 10:00-17:00,+49 381 2520044,,hort@waldorfschule-rostock.de,
54.0691578313503,12.0759179463067,6225d6c9-a402-421c-b722-a80967170436,Rostock,"13003","Rostock, Hanse- und Universitätsstadt","130030000","Rostock, Hanse- und Universitätsstadt","130030000000",Gartenstadt/Stadtweide,"0015",Stadtweide Reihenhäuser,"08680",31,,"18059",Kindergarten,Öko Kita Stadtweide (AWO),AWO-Sozialdienst Rostock gGmbH,freie Wohlfahrtspflege,,45,,Mo-Fr 06:00-17:00,+49 381 4001064,,oekokita@awo-rostock.de,
54.1198361961627,12.0561060122278,91e0282e-4346-4220-ae54-f204b75d5f6f,Rostock,"13003","Rostock, Hanse- und Universitätsstadt","130030000","Rostock, Hanse- und Universitätsstadt","130030000000",Evershagen,"0011",Anton-Makarenko-Str.,"00750",1,,"18106",Hort,Jona,Diakonie Rostocker Stadtmission e.V.,kirchlich,,44,,Mo-Fr 06:00-17:00,+49 381 7698228,,jona-leitung@rostocker-stadtmission.de,
54.0822546037158,12.1449701191064,8ece0479-73bc-47a4-bf84-aa45bd9ed304,Rostock,"13003","Rostock, Hanse- und Universitätsstadt","130030000","Rostock, Hanse- und Universitätsstadt","130030000000",Stadtmitte,"0019",Bahnhofstr.,"01060",34,,"18055",Kindergarten,Friedrich-Franz-Bahnhof,Institut Lernen und Leben e.V.,gewerblich-privat,,67,,Mo-Fr 05:30-19:00,+49 381 25223925,,kitaamfriedrichfranzbahnhof@ill-ev.de,
54.1159733400495,12.1012992867738,dba21a7d-1647-431b-bef9-552d31c6e363,Rostock,"13003","Rostock, Hanse- und Universitätsstadt","130030000","Rostock, Hanse- und Universitätsstadt","130030000000",Gehlsdorf,"0025",Backbordstr.,"13310",3,,"18147",Kindergarten,Am Gehlsdorfer Ufer,Institut Lernen und Leben e.V.,gewerblich-privat,,58,,Mo-Fr 06:00-18:00,+49 381 66618760,,kitaamgehlsdorferufer@ill-ev.de,
54.135791851548,12.0757733807492,2ba960d1-12c4-4d62-baf0-c89c84387342,Rostock,"13003","Rostock, Hanse- und Universitätsstadt","130030000","Rostock, Hanse- und Universitätsstadt","130030000000",Schmarl,"0012",Kolumbusring,"07130",20,,"18106",Kinderkrippe,Regenbogen,Diakonie Rostocker Stadtmission e.V.,kirchlich,,36,,Mo-Fr 06:00-17:00,+49 381 1201367,,regenbogen-leitung@rostocker-stadtmission.de,
54.0850363689553,12.0836581483297,521f4cea-cf41-4f83-a442-ac39f2f0182d,Rostock,"13003","Rostock, Hanse- und Universitätsstadt","130030000","Rostock, Hanse- und Universitätsstadt","130030000000",Gartenstadt/Stadtweide,"0015",Im Garten,"03980",14,,"18057",Kindergarten,Pusteblume,Diakonie Rostocker Stadtmission e.V.,kirchlich,,39,,Mo-Fr 06:00-17:00,+49 381 2000858,,pusteblume-leitung@rostocker-stadtmission.de,
54.1283201095396,12.0691057764868,cdbe70e1-f432-4638-be01-f07855915fe2,Rostock,"13003","Rostock, Hanse- und Universitätsstadt","130030000","Rostock, Hanse- und Universitätsstadt","130030000000",Schmarl,"0012",Stephan-Jantzen-Ring,"08730",32,,"18106",Kindergarten,Käferbude,Begegnungsstätte Schmarl e.V.,gewerblich-privat,,60,,Mo-Fr 06:00-17:00,+49 381 2527496,,hdf-schmarl@web.de,
54.1770736253618,12.1073529726562,67cc92b3-8d15-433c-b1c1-6c0c2be5fb6a,Rostock,"13003","Rostock, Hanse- und Universitätsstadt","130030000","Rostock, Hanse- und Universitätsstadt","130030000000",Seebad Hohe Düne,"0004",Hohe Düne,"03670",1,a,"18119",Kinderkrippe,Dünennest,Institut Lernen und Leben e.V.,gewerblich-privat,,24,,Mo-Fr 06:00-18:00,+49 381 2060326,,kitaduenennest@ill-ev.de,
54.0883878870027,12.1177888941522,59397b76-f61b-486f-b409-eb84abf1ee2e,Rostock,"13003","Rostock, Hanse- und Universitätsstadt","130030000","Rostock, Hanse- und Universitätsstadt","130030000000",Kröpeliner-Tor-Vorstadt,"0016",Ottostr.,"07430",16,,"18057",Kindergarten,Kastanienhaus,Institut Lernen und Leben e.V.,gewerblich-privat,,50,,Mo-Fr 06:00-18:00,+49 381 2007819,,kitakastanienhaus@ill-ev.de,
54.0896507695041,12.1448699105851,dded8b1a-546d-4cd5-89be-fceb79c6cb1d,Rostock,"13003","Rostock, Hanse- und Universitätsstadt","130030000","Rostock, Hanse- und Universitätsstadt","130030000000",Stadtmitte,"0019",Fischbank,"02420",6,,"18055",Kindergarten,Kinderhaus Fischbank,Institut Lernen und Leben e.V.,gewerblich-privat,,82,,Mo-Fr 06:00-19:00,+49 381 4995096,,kitafischbankrostock@ill-ev.de,
54.104619540048,12.0740177027275,9f61f557-1653-47ee-9631-91d450a63109,Rostock,"13003","Rostock, Hanse- und Universitätsstadt","130030000","Rostock, Hanse- und Universitätsstadt","130030000000",Reutershagen,"0013",Krischanweg,"06260",6,,"18069",Kinderkrippe,St. Andreas,Diakonie Rostocker Stadtmission e.V.,kirchlich,,41,,Mo-Fr 07:00-17:00,+49 381 4901383,,st.andreas@rostocker-stadtmission.de,
54.0722013125405,12.1259550266245,e42fc300-922d-45c7-9873-fb05c6421093,Rostock,"13003","Rostock, Hanse- und Universitätsstadt","130030000","Rostock, Hanse- und Universitätsstadt","130030000000",Südstadt,"0017",Mendelejewstr.,"06970",18,,"18059",Kindergarten,St. Martin,Katholische Pfarrei Herz Jesu Rostock,kirchlich,,109,,Mo-Fr 06:30-17:00,+49 381 442043,,st.martin@christus-rostock.de,
54.1198361961627,12.0561060122278,47f03ad7-20b2-45e4-8bb9-6db69927f039,Rostock,"13003","Rostock, Hanse- und Universitätsstadt","130030000","Rostock, Hanse- und Universitätsstadt","130030000000",Evershagen,"0011",Anton-Makarenko-Str.,"00750",1,,"18106",Kinderkrippe,Jona,Diakonie Rostocker Stadtmission e.V.,kirchlich,,60,,Mo-Fr 06:00-17:00,+49 381 7698228,,jona-leitung@rostocker-stadtmission.de,
54.096512639763,12.1580027095717,0760c19b-ad65-462d-b427-ff0724e4295f,Rostock,"13003","Rostock, Hanse- und Universitätsstadt","130030000","Rostock, Hanse- und Universitätsstadt","130030000000",Brinckmansdorf,"0020",Dierkower Damm,"01820",39,,"18146",Hort,Michaelshof (Hort),Evangelische Stiftung Michaelshof,kirchlich,,215,,Mo-Fr 06:30-17:00,+49 381 669183117,,alexandra.falkner@michaelshof.de,
54.1230842172545,12.0534463190159,56324035-d27b-407b-a6cb-6455314477ec,Rostock,"13003","Rostock, Hanse- und Universitätsstadt","130030000","Rostock, Hanse- und Universitätsstadt","130030000000",Evershagen,"0011",Maxim-Gorki-Str.,"06940",28,,"18106",Hort,Maxim-Gorki-Straße,Integral gGmbH,kommerziell,,50,,Mo-Fr 06:00-17:30,+49 381 7620320,,gorki@kita-integral.de,
54.078476183342,12.1142690073767,438f0701-b86e-413c-8fc8-69e0c2bab521,Rostock,"13003","Rostock, Hanse- und Universitätsstadt","130030000","Rostock, Hanse- und Universitätsstadt","130030000000",Südstadt,"0017",Albert-Einstein-Str.,"00160",31,,"18059",Kinderkrippe,Waldorfkindergarten,Initiative zur Förderung der Waldorfpädagogik Rostock e.V.,gewerblich-privat,,12,,Mo-Fr 07:00-17:00,+49 381 4000945,,kindergarten@waldorfschule-rostock.de,
54.07797547544,12.1429812434246,abcd46ba-a424-4eb6-9c7b-81637c535fd7,Rostock,"13003","Rostock, Hanse- und Universitätsstadt","130030000","Rostock, Hanse- und Universitätsstadt","130030000000",Stadtmitte,"0019",Blücherstr.,"01440",42,,"18055",Hort,Hort am Wasserturm,Institut Lernen und Leben e.V.,gewerblich-privat,,88,,Mo-Fr 06:00-18:00,+49 381 4904084,,hortamwasserturm@ill-ev.de,
54.0901342347646,12.1076002885643,9b9a43e7-e25b-4afc-bc79-9593eaa3689c,Rostock,"13003","Rostock, Hanse- und Universitätsstadt","130030000","Rostock, Hanse- und Universitätsstadt","130030000000",Kröpeliner-Tor-Vorstadt,"0016",Waldemarstr.,"09410",33,,"18057",Kindergarten,Waldemarstraße,Gesellschaft für Gesundheit und Pädagogik mbH,kommerziell,,127,,Mo-Fr 06:00-19:00,+49 381 4923869,,anke.jordan@ggp-gruppe.de,
54.0742951520707,12.1748689766789,6bac2834-81d1-415d-93dd-0cf2d7969ccf,Rostock,"13003","Rostock, Hanse- und Universitätsstadt","130030000","Rostock, Hanse- und Universitätsstadt","130030000000",Brinckmansdorf,"0020",Vicke-Schorler-Ring,"11880",94,,"18055",Kindergarten,Kindergarten am Schulcampus Kassebohm,Institut Lernen und Leben e.V.,gewerblich-privat,,54,,Mo-Fr 06:00-18:00,+49 381 3643010,,kitaamschulcampus@ill-ev.de,
54.1469298253146,12.0635425470883,10910c69-e133-4af1-95d4-34f4a294f177,Rostock,"13003","Rostock, Hanse- und Universitätsstadt","130030000","Rostock, Hanse- und Universitätsstadt","130030000000",Lichtenhagen,"0008",Ratzeburger Str.,"04310",6,,"18109",Kindergarten,Sonnenblume,Institut Lernen und Leben e.V.,gewerblich-privat,,135,,Mo-Fr 06:00-18:00,+49 381 711008,,kitahaussonnenblume@ill-ev.de,
54.0723835455999,12.1270028005566,314df628-2f26-492b-a51f-8bfc31075d00,Rostock,"13003","Rostock, Hanse- und Universitätsstadt","130030000","Rostock, Hanse- und Universitätsstadt","130030000000",Südstadt,"0017",Mendelejewstr.,"06970",19,a,"18059",Hort,Hort Don-Bosco-Schule,Bernostiftung – Katholische Stiftung für Schule und Erziehung in Mecklenburg und Schleswig-Holstein,kirchlich,,202,,Mo-Fr 07:00-17:30,+49 381 4005371,,hortleitung@dbs-hro.de,
54.090737774782,12.0860987389268,703ff180-1580-49ec-8e41-bbd9c1490950,Rostock,"13003","Rostock, Hanse- und Universitätsstadt","130030000","Rostock, Hanse- und Universitätsstadt","130030000000",Reutershagen,"0013",Humperdinckstr.,"03760",12,,"18069",Kindergarten,Humperdinckstraße,Gesellschaft für Gesundheit und Pädagogik mbH,kommerziell,,140,,Mo-So 00:00-00:00,+49 381 82603,,sandra.demirci@ggp-gruppe.de,
54.084677111604,12.1866296005172,3c23eb9f-178f-46ea-97ed-ae82fb90fd01,Rostock,"13003","Rostock, Hanse- und Universitätsstadt","130030000","Rostock, Hanse- und Universitätsstadt","130030000000",Brinckmansdorf,"0020",Korl-Beggerow-Weg,"11460",39,,"18055",Kindergarten,Kinnerhuus (ILL),Institut Lernen und Leben e.V.,gewerblich-privat,,82,,Mo-Fr 06:00-19:00,+49 381 6665397,,kitakinnerhuus@ill-ev.de,
54.0740833482506,12.1799099717023,142a2d6f-0e81-44fc-90ef-d0d3429e18c6,Rostock,"13003","Rostock, Hanse- und Universitätsstadt","130030000","Rostock, Hanse- und Universitätsstadt","130030000000",Brinckmansdorf,"0020",Heinrich-Engel-Weg,"12150",11,,"18055",Kinderkrippe,Europakindergarten,Institut Lernen und Leben e.V.,gewerblich-privat,,36,,Mo-Fr 06:00-18:00,+49 381 683668,,europakita-rostock@ill-ev.de,
54.1770736253618,12.1073529726562,0be0d943-b55d-4616-90d7-92e6d80b865a,Rostock,"13003","Rostock, Hanse- und Universitätsstadt","130030000","Rostock, Hanse- und Universitätsstadt","130030000000",Seebad Hohe Düne,"0004",Hohe Düne,"03670",1,a,"18119",Kindergarten,Dünennest,Institut Lernen und Leben e.V.,gewerblich-privat,,44,,Mo-Fr 06:00-18:00,+49 381 2060326,,kitaduenennest@ill-ev.de,
54.1247917560212,12.0521546404822,b3c3cce3-a440-488d-a817-afdc283c221a,Rostock,"13003","Rostock, Hanse- und Universitätsstadt","130030000","Rostock, Hanse- und Universitätsstadt","130030000000",Evershagen,"0011",Thomas-Morus-Str.,"01460",4,,"18106",Kinderkrippe,St. Thomas Morus,Katholische Pfarrei Herz Jesu Rostock,kirchlich,,22,,Mo-Fr 06:30-17:30,+49 381 7954575,,thomasmorus-kita@web.de,
54.1557671111134,12.0645179790082,b5a867aa-0e86-4176-80ea-443e53d49d45,Rostock,"13003","Rostock, Hanse- und Universitätsstadt","130030000","Rostock, Hanse- und Universitätsstadt","130030000000",Lichtenhagen,"0008",Bützower Str.,"09500",11,,"18109",Kindergarten,Biene Maja,Arbeiter-Samariter-Bund Kreisverband Rostock e.V.,freie Wohlfahrtspflege,,143,,Mo-Fr 06:00-17:00,+49 381 714063,,kita.bienemaja@asb-rostock.de,
54.0691578313503,12.0759179463067,4831982b-c6a3-40b4-b51f-0c997bc7d891,Rostock,"13003","Rostock, Hanse- und Universitätsstadt","130030000","Rostock, Hanse- und Universitätsstadt","130030000000",Gartenstadt/Stadtweide,"0015",Stadtweide Reihenhäuser,"08680",31,,"18059",Kinderkrippe,Öko Kita Stadtweide (AWO),AWO-Sozialdienst Rostock gGmbH,freie Wohlfahrtspflege,,26,,Mo-Fr 06:00-17:00,+49 381 4001064,,oekokita@awo-rostock.de,
54.0901342347646,12.1076002885643,a804b2cd-83f4-431a-8dd9-76a34f2e53cb,Rostock,"13003","Rostock, Hanse- und Universitätsstadt","130030000","Rostock, Hanse- und Universitätsstadt","130030000000",Kröpeliner-Tor-Vorstadt,"0016",Waldemarstr.,"09410",33,,"18057",Kinderkrippe,Waldemarstraße,Gesellschaft für Gesundheit und Pädagogik mbH,kommerziell,,102,,Mo-Fr 06:00-19:00,+49 381 4923869,,anke.jordan@ggp-gruppe.de,
54.0989249359947,12.1205986359117,38551af7-d884-4a47-850f-18e3cd93a991,Rostock,"13003","Rostock, Hanse- und Universitätsstadt","130030000","Rostock, Hanse- und Universitätsstadt","130030000000",Gehlsdorf,"0025",Fährstr.,"02330",25,,"18147",Kindergarten,Michaelshof (Kindergarten),Evangelische Stiftung Michaelshof,kirchlich,,69,,Mo-Fr 06:00-18:00,+49 381 645257,,kindergarten@michaelshof.de,
54.1230842172545,12.0534463190159,d681fd3d-262e-4443-ab43-35dcccec4f6b,Rostock,"13003","Rostock, Hanse- und Universitätsstadt","130030000","Rostock, Hanse- und Universitätsstadt","130030000000",Evershagen,"0011",Maxim-Gorki-Str.,"06940",28,,"18106",Kinderkrippe,Maxim-Gorki-Straße,Integral gGmbH,kommerziell,,60,,Mo-Fr 06:00-17:30,+49 381 7620320,,gorki@kita-integral.de,
54.0722013125405,12.1259550266245,bd74f5c9-5df9-442a-b1da-066ab16b2eae,Rostock,"13003","Rostock, Hanse- und Universitätsstadt","130030000","Rostock, Hanse- und Universitätsstadt","130030000000",Südstadt,"0017",Mendelejewstr.,"06970",18,,"18059",Kinderkrippe,St. Martin,Katholische Pfarrei Herz Jesu Rostock,kirchlich,,24,,Mo-Fr 06:30-17:00,+49 381 442043,,st.martin@christus-rostock.de,
54.1030029644123,12.1691729406494,e1790803-da27-4afe-81f7-c2756da118be,Rostock,"13003","Rostock, Hanse- und Universitätsstadt","130030000","Rostock, Hanse- und Universitätsstadt","130030000000",Dierkow-Neu,"0021",Georg-Adolf-Demmler-Str.,"02670",12,,"18146",Kinderkrippe,Hein Hannemann,Lebenshilfe Rostock und Umland gGmbH,gewerblich-privat,,24,,Mo-Fr 06:00-17:00,+49 381 681290,,kita@lebenshilfe-rostock.de,
54.1510880921491,12.082454621279,55412b45-4157-488f-93e6-0f4f1d97013d,Rostock,"13003","Rostock, Hanse- und Universitätsstadt","130030000","Rostock, Hanse- und Universitätsstadt","130030000000",Groß Klein,"0009",Werftallee,"09670",25,,"18109",Kindergarten,Klein und Groß (ILL),Institut Lernen und Leben e.V.,gewerblich-privat,,66,,Mo-Fr 06:00-18:00,+49 381 25276688,,kitakleinundgross@ill-ev.de,
54.1469298253146,12.0635425470883,ebbe463b-dfd7-4625-8e2d-151d08c9a863,Rostock,"13003","Rostock, Hanse- und Universitätsstadt","130030000","Rostock, Hanse- und Universitätsstadt","130030000000",Lichtenhagen,"0008",Ratzeburger Str.,"04310",6,,"18109",Kinderkrippe,Sonnenblume,Institut Lernen und Leben e.V.,gewerblich-privat,,66,,Mo-Fr 06:00-18:00,+49 381 711008,,kitahaussonnenblume@ill-ev.de,
54.0740833482506,12.1799099717023,3ce2fa55-de90-41b2-ba88-bba06ef9003f,Rostock,"13003","Rostock, Hanse- und Universitätsstadt","130030000","Rostock, Hanse- und Universitätsstadt","130030000000",Brinckmansdorf,"0020",Heinrich-Engel-Weg,"12150",11,,"18055",Kindergarten,Europakindergarten,Institut Lernen und Leben e.V.,gewerblich-privat,,72,,Mo-Fr 06:00-18:00,+49 381 683668,,europakita-rostock@ill-ev.de,
54.1510880921491,12.082454621279,085bee0b-8ab9-4e38-bc41-0531384d981e,Rostock,"13003","Rostock, Hanse- und Universitätsstadt","130030000","Rostock, Hanse- und Universitätsstadt","130030000000",Groß Klein,"0009",Werftallee,"09670",25,,"18109",Kinderkrippe,Klein und Groß (ILL),Institut Lernen und Leben e.V.,gewerblich-privat,,36,,Mo-Fr 06:00-18:00,+49 381 25276688,,kitakleinundgross@ill-ev.de,
54.090737774782,12.0860987389268,649e986a-640d-4a63-8f5b-10a903cb3d9e,Rostock,"13003","Rostock, Hanse- und Universitätsstadt","130030000","Rostock, Hanse- und Universitätsstadt","130030000000",Reutershagen,"0013",Humperdinckstr.,"03760",12,,"18069",Kindergarten,Humperdinckstraße Flex,Gesellschaft für Gesundheit und Pädagogik mbH,kommerziell,,140,,Mo-So 00:00-00:00,+49 381 82603,,sandra.demirci@ggp-gruppe.de,
54.090737774782,12.0860987389268,84817cdb-ef39-4249-a17a-235d41f9100c,Rostock,"13003","Rostock, Hanse- und Universitätsstadt","130030000","Rostock, Hanse- und Universitätsstadt","130030000000",Reutershagen,"0013",Humperdinckstr.,"03760",12,,"18069",Kinderkrippe,Humperdinckstraße Flex,Gesellschaft für Gesundheit und Pädagogik mbH,kommerziell,,80,,Mo-So 00:00-00:00,+49 381 82603,,sandra.demirci@ggp-gruppe.de,
54.085865149184,12.135985836908,ac3a3756-2117-4ad1-98a4-f1f37f93832c,Rostock,"13003","Rostock, Hanse- und Universitätsstadt","130030000","Rostock, Hanse- und Universitätsstadt","130030000000",Stadtmitte,"0019",Hermannstr.,"03550",36,,"18055",Kinderkrippe,Kellermäuse,Ökohaus e.V.,gewerblich-privat,,2,,Mo-Fr 07:00-17:00,+49 381 4922912,,kinderladen@oekohaus-rostock.de,
54.1129945044333,12.1399337354217,cab9eb96-ff9c-429f-8252-dac8826853c4,Rostock,"13003","Rostock, Hanse- und Universitätsstadt","130030000","Rostock, Hanse- und Universitätsstadt","130030000000",Toitenwinkel,"0024",Pablo-Picasso-Str.,"07450",36,,"18147",Kindergarten,Seestern,Arbeiter-Samariter-Bund Kreisverband Rostock e.V.,freie Wohlfahrtspflege,,157,,Mo-Fr 06:00-20:30,+49 381 6865049,,kita.seestern@asb-rostock.de,
54.0665176611278,12.1144241420692,7bbabe8b-9dba-4539-ae6c-9d900fc6bbee,Rostock,"13003","Rostock, Hanse- und Universitätsstadt","130030000","Rostock, Hanse- und Universitätsstadt","130030000000",Südstadt,"0017",Ernst-Haeckel-Str.,"02210",1,,"18059",Kinderkrippe,Ernst-Haeckel-Straße,Gesellschaft für Gesundheit und Pädagogik mbH,kommerziell,,16,,Mo-Fr 06:00-17:00,+49 381 4000419,,manuela.mantei@ggp-gruppe.de,
54.0665176611278,12.1144241420692,959ab6c1-ad3a-4ba1-a283-567605ac68c6,Rostock,"13003","Rostock, Hanse- und Universitätsstadt","130030000","Rostock, Hanse- und Universitätsstadt","130030000000",Südstadt,"0017",Ernst-Haeckel-Str.,"02210",1,,"18059",Kindergarten,Ernst-Haeckel-Straße,Gesellschaft für Gesundheit und Pädagogik mbH,kommerziell,,29,,Mo-Fr 06:00-17:00,+49 381 4000419,,manuela.mantei@ggp-gruppe.de,
54.090770116304,12.1238100696352,6d6568fb-ea2a-4607-ad6b-16864575ea6c,Rostock,"13003","Rostock, Hanse- und Universitätsstadt","130030000","Rostock, Hanse- und Universitätsstadt","130030000000",Kröpeliner-Tor-Vorstadt,"0016",Patriotischer Weg,"07520",120,,"18057",Kindergarten,Universitas,PRIVATSCHULE UNIVERSITAS gGmbH,kommerziell,,16,,Mo-Fr 07:00-18:00,+49 381 453774330,,mail@universitas-rostock.de,
54.0896507695041,12.1448699105851,5037a297-2225-45cf-ac95-f144fe3e282c,Rostock,"13003","Rostock, Hanse- und Universitätsstadt","130030000","Rostock, Hanse- und Universitätsstadt","130030000000",Stadtmitte,"0019",Fischbank,"02420",6,,"18055",Kinderkrippe,Kinderhaus Fischbank,Institut Lernen und Leben e.V.,gewerblich-privat,,48,,Mo-Fr 06:00-19:00,+49 381 4995096,,kitafischbankrostock@ill-ev.de,
54.09143628368,12.1386190551223,93e7164b-2937-488c-8cab-d0c2aacf2397,Rostock,"13003","Rostock, Hanse- und Universitätsstadt","130030000","Rostock, Hanse- und Universitätsstadt","130030000000",Stadtmitte,"0019",Burgwall,"01660",32,,"18055",Kinderkrippe,Buntes Kinderhaus,Arbeiter-Samariter-Bund Kreisverband Rostock e.V.,freie Wohlfahrtspflege,,32,,Mo-Fr 06:00-17:00,+49 381 25311,,kita.bunteskinderhaus@asb-rostock.de,
54.1516187946313,12.0620763030919,bc3ab152-0784-4c70-8404-a3ac063b51e1,Rostock,"13003","Rostock, Hanse- und Universitätsstadt","130030000","Rostock, Hanse- und Universitätsstadt","130030000000",Lichtenhagen,"0008",Putbuser Str.,"02140",10,,"18109",Kinderkrippe,Lotsenkinder,Institut Lernen und Leben e.V.,gewerblich-privat,,18,,Mo-Fr 06:00-18:00,+49 381 51056782,,kitalotsenkinder@ill-ev.de,
54.1159733400495,12.1012992867738,d3d417cf-821d-4824-8bb9-6ca43891cc3e,Rostock,"13003","Rostock, Hanse- und Universitätsstadt","130030000","Rostock, Hanse- und Universitätsstadt","130030000000",Gehlsdorf,"0025",Backbordstr.,"13310",3,,"18147",Kinderkrippe,Am Gehlsdorfer Ufer,Institut Lernen und Leben e.V.,gewerblich-privat,,32,,Mo-Fr 06:00-18:00,+49 381 66618760,,kitaamgehlsdorferufer@ill-ev.de,
54.074811106251,12.1284490205122,f6487264-929b-4230-9c39-37f9162ad111,Rostock,"13003","Rostock, Hanse- und Universitätsstadt","130030000","Rostock, Hanse- und Universitätsstadt","130030000000",Südstadt,"0017",Erich-Schlesinger-Str.,"02030",37,b,"18059",Kinderkrippe,Zauberflöte,Institut Lernen und Leben e.V.,gewerblich-privat,,36,,Mo-Fr 06:00-18:00,+49 381 44039823,,kitadiezauberfloete@ill-ev.de,
54.101861275578,12.1764366051423,26ac11c7-f3f1-4547-8e7f-67c9cd4a1aaa,Rostock,"13003","Rostock, Hanse- und Universitätsstadt","130030000","Rostock, Hanse- und Universitätsstadt","130030000000",Dierkow-Neu,"0021",Berringerstr.,"04130",33,,"18146",Kinderkrippe,Steppkeland,Deutsches Rotes Kreuz Kreisverband Rostock e.V.,freie Wohlfahrtspflege,,48,,Mo-Fr 06:00-18:00,+49 381 242796490,,steppkeland@drk-rostock.de,
54.1339191487009,12.0550832705363,bda52fdb-8dae-4f7b-9ebd-af978a172957,Rostock,"13003","Rostock, Hanse- und Universitätsstadt","130030000","Rostock, Hanse- und Universitätsstadt","130030000000",Lütten Klein,"0010",Helsinkier Str.,"03480",40,,"18107",Kinderkrippe,Sonnenkinderhaus,Diakonie Rostocker Stadtmission e.V.,kirchlich,,44,,Mo-Fr 06:00-17:00,+49 381 714233,,sonnenkinderhaus@rostocker-stadtmission.de,
54.0796725884756,12.1009659819647,cf41d867-18aa-49d8-89ad-49642c85aff8,Rostock,"13003","Rostock, Hanse- und Universitätsstadt","130030000","Rostock, Hanse- und Universitätsstadt","130030000000",Hansaviertel,"0014",Thierfelderstr.,"08920",2,,"18059",Kinderkrippe,Montessori,Montessori-Kinderhaus e.V.,gewerblich-privat,,22,,Mo-Fr 06:00-17:00,+49 381 2016161,,montessori-kinderhaus-ev@gmx.de,
54.0701754687445,12.1199621483453,7e97980c-ae59-46de-a68a-f4ebf8714013,Rostock,"13003","Rostock, Hanse- und Universitätsstadt","130030000","Rostock, Hanse- und Universitätsstadt","130030000000",Südstadt,"0017",Erich-Weinert-Str.,"02170",40,,"18059",Kindergarten,Kindergarten der Werkstattschule,Kindergarten der Werkstattschule Schritt für Schritt GmbH,kommerziell,,95,,Mo-Fr 06:30-18:00,+49 381 453774230,,pwisotzky@kiga-wir.de,
54.0815483657922,12.1635229548344,729e11c2-d1e9-4133-aff6-a22d77a6254d,Rostock,"13003","Rostock, Hanse- und Universitätsstadt","130030000","Rostock, Hanse- und Universitätsstadt","130030000000",Brinckmansdorf,"0020",Tessiner Str.,"08820",17,,"18055",Kindergarten,Wiedenhoff,Institut Lernen und Leben e.V.,gewerblich-privat,,42,,Mo-Fr 06:00-18:00,+49 381 77883977,,kitawiedenhoff@ill-ev.de,
54.090770116304,12.1238100696352,dbe50a32-2d06-47e2-8437-9739d5d0f78f,Rostock,"13003","Rostock, Hanse- und Universitätsstadt","130030000","Rostock, Hanse- und Universitätsstadt","130030000000",Kröpeliner-Tor-Vorstadt,"0016",Patriotischer Weg,"07520",120,,"18057",Hort,Universitas,PRIVATSCHULE UNIVERSITAS gGmbH,kommerziell,,64,,Mo-Fr 07:00-18:00,+49 381 453774330,,mail@universitas-rostock.de,
54.090737774782,12.0860987389268,2be421b5-fb67-4fb4-94db-2743257338dd,Rostock,"13003","Rostock, Hanse- und Universitätsstadt","130030000","Rostock, Hanse- und Universitätsstadt","130030000000",Reutershagen,"0013",Humperdinckstr.,"03760",12,,"18069",Kinderkrippe,Humperdinckstraße,Gesellschaft für Gesundheit und Pädagogik mbH,kommerziell,,70,,Mo-So 00:00-00:00,+49 381 82603,,sandra.demirci@ggp-gruppe.de,
54.0796725884756,12.1009659819647,50593bac-2d1e-4347-bf01-e816228aa1b9,Rostock,"13003","Rostock, Hanse- und Universitätsstadt","130030000","Rostock, Hanse- und Universitätsstadt","130030000000",Hansaviertel,"0014",Thierfelderstr.,"08920",2,,"18059",Kindergarten,Montessori,Montessori-Kinderhaus e.V.,gewerblich-privat,,42,,Mo-Fr 06:00-17:00,+49 381 2016161,,montessori-kinderhaus-ev@gmx.de,
54.0665176611278,12.1144241420692,1474ec19-49c4-4039-951b-70853db5721e,Rostock,"13003","Rostock, Hanse- und Universitätsstadt","130030000","Rostock, Hanse- und Universitätsstadt","130030000000",Südstadt,"0017",Ernst-Haeckel-Str.,"02210",1,,"18059",Kinderkrippe,Krabbelgruppe,Ökohaus e.V.,gewerblich-privat,,12,,Mo-Fr 07:00-17:00,+49 381 442390,,krabbelgruppe@oekohaus-rostock.de,
54.1458780753166,12.0784269859913,96f1e402-7171-438f-9ceb-b5c978d8ddb2,Rostock,"13003","Rostock, Hanse- und Universitätsstadt","130030000","Rostock, Hanse- und Universitätsstadt","130030000000",Groß Klein,"0009",Segelmacherweg,"08530",25,,"18109",Kinderkrippe,Kinderhaus am Warnowpark,AWO-Sozialdienst Rostock gGmbH,freie Wohlfahrtspflege,,60,,Mo-Fr 06:00-18:00,+49 381 1200102,,kitagrossklein@awo-rostock.de,
54.1129945044333,12.1399337354217,82698f07-08d2-4534-8531-e3e8977b8b29,Rostock,"13003","Rostock, Hanse- und Universitätsstadt","130030000","Rostock, Hanse- und Universitätsstadt","130030000000",Toitenwinkel,"0024",Pablo-Picasso-Str.,"07450",36,,"18147",Kinderkrippe,Seestern,Arbeiter-Samariter-Bund Kreisverband Rostock e.V.,freie Wohlfahrtspflege,,80,,Mo-Fr 06:00-20:30,+49 381 6865049,,kita.seestern@asb-rostock.de,
54.0815483657922,12.1635229548344,ce26b271-e732-4fec-a819-02f52735cae9,Rostock,"13003","Rostock, Hanse- und Universitätsstadt","130030000","Rostock, Hanse- und Universitätsstadt","130030000000",Brinckmansdorf,"0020",Tessiner Str.,"08820",17,,"18055",Kinderkrippe,Wiedenhoff,Institut Lernen und Leben e.V.,gewerblich-privat,,24,,Mo-Fr 06:00-18:00,+49 381 77883977,,kitawiedenhoff@ill-ev.de,
54.104619540048,12.0740177027275,e0bda495-07a1-4709-84ad-d1ac80c3593d,Rostock,"13003","Rostock, Hanse- und Universitätsstadt","130030000","Rostock, Hanse- und Universitätsstadt","130030000000",Reutershagen,"0013",Krischanweg,"06260",6,,"18069",Kindergarten,St. Andreas,Diakonie Rostocker Stadtmission e.V.,kirchlich,,70,,Mo-Fr 07:00-17:00,+49 381 4901383,,st.andreas@rostocker-stadtmission.de,
54.1247917560212,12.0521546404822,47e4be10-76b3-4596-bdb3-8f53ba016fc3,Rostock,"13003","Rostock, Hanse- und Universitätsstadt","130030000","Rostock, Hanse- und Universitätsstadt","130030000000",Evershagen,"0011",Thomas-Morus-Str.,"01460",4,,"18106",Kindergarten,St. Thomas Morus,Katholische Pfarrei Herz Jesu Rostock,kirchlich,,40,,Mo-Fr 06:30-17:30,+49 381 7954575,,thomasmorus-kita@web.de,
54.078476183342,12.1142690073767,3816b57f-5a00-4c39-b957-06c422762102,Rostock,"13003","Rostock, Hanse- und Universitätsstadt","130030000","Rostock, Hanse- und Universitätsstadt","130030000000",Südstadt,"0017",Albert-Einstein-Str.,"00160",31,,"18059",Kindergarten,Waldorfkindergarten,Initiative zur Förderung der Waldorfpädagogik Rostock e.V.,gewerblich-privat,,60,,Mo-Fr 07:00-17:00,+49 381 4000945,,kindergarten@waldorfschule-rostock.de,
54.101861275578,12.1764366051423,41bedddb-a9e1-44cf-b5cb-a17c067af8f7,Rostock,"13003","Rostock, Hanse- und Universitätsstadt","130030000","Rostock, Hanse- und Universitätsstadt","130030000000",Dierkow-Neu,"0021",Berringerstr.,"04130",33,,"18146",Hort,Steppkeland,Deutsches Rotes Kreuz Kreisverband Rostock e.V.,freie Wohlfahrtspflege,,88,,Mo-Fr 06:00-18:00,+49 381 242796490,,steppkeland@drk-rostock.de,
54.09143628368,12.1386190551223,38c12fa5-4b53-451b-bb41-d415775255d7,Rostock,"13003","Rostock, Hanse- und Universitätsstadt","130030000","Rostock, Hanse- und Universitätsstadt","130030000000",Stadtmitte,"0019",Burgwall,"01660",32,,"18055",Kindergarten,Buntes Kinderhaus,Arbeiter-Samariter-Bund Kreisverband Rostock e.V.,freie Wohlfahrtspflege,,44,,Mo-Fr 06:00-17:00,+49 381 25311,,kita.bunteskinderhaus@asb-rostock.de,
54.0844799947292,12.1428175960857,0e26902a-2bf3-4173-a93c-136d63854198,Rostock,"13003","Rostock, Hanse- und Universitätsstadt","130030000","Rostock, Hanse- und Universitätsstadt","130030000000",Stadtmitte,"0019",Lindenstr.,"06640",3,a,"18055",Hort,Hort der Jenaplanschule,Schulverein Jenaplanschule Rostock e.V.,gewerblich-privat,,290,,Mo-Fr 07:00-17:30,+49 381 2003809,,hort@jenaplan-rostock.de,
54.0989249359947,12.1205986359117,463bf109-449a-4d97-af64-3fae9cb23bae,Rostock,"13003","Rostock, Hanse- und Universitätsstadt","130030000","Rostock, Hanse- und Universitätsstadt","130030000000",Gehlsdorf,"0025",Fährstr.,"02330",25,,"18147",Kinderkrippe,Michaelshof (Kindergarten),Evangelische Stiftung Michaelshof,kirchlich,,30,,Mo-Fr 06:00-18:00,+49 381 645257,,kindergarten@michaelshof.de,
54.0737459728214,12.1119236745739,1732d88b-c4c4-4751-8d9b-480d1710d645,Rostock,"13003","Rostock, Hanse- und Universitätsstadt","130030000","Rostock, Hanse- und Universitätsstadt","130030000000",Südstadt,"0017",Brahestr.,"01600",6,a,"18059",Kinderkrippe,Rappelkiste,AWO-Sozialdienst Rostock gGmbH,freie Wohlfahrtspflege,,60,,Mo-Fr 06:00-18:00,+49 381 441810,,kitasued@awo-rostock.de,
54.1458780753166,12.0784269859913,cdf8af7d-255c-4e4d-9cf5-c3d765e46f0a,Rostock,"13003","Rostock, Hanse- und Universitätsstadt","130030000","Rostock, Hanse- und Universitätsstadt","130030000000",Groß Klein,"0009",Segelmacherweg,"08530",25,,"18109",Kindergarten,Kinderhaus am Warnowpark,AWO-Sozialdienst Rostock gGmbH,freie Wohlfahrtspflege,,190,,Mo-Fr 06:00-18:00,+49 381 1200102,,kitagrossklein@awo-rostock.de,
54.084677111604,12.1866296005172,8e4ba13f-18f9-49c4-a12a-b03f1c60029f,Rostock,"13003","Rostock, Hanse- und Universitätsstadt","130030000","Rostock, Hanse- und Universitätsstadt","130030000000",Brinckmansdorf,"0020",Korl-Beggerow-Weg,"11460",39,,"18055",Kinderkrippe,Kinnerhuus (ILL),Institut Lernen und Leben e.V.,gewerblich-privat,,40,,Mo-Fr 06:00-19:00,+49 381 6665397,,kitakinnerhuus@ill-ev.de,
54.0846901388617,12.1217916275985,42000e73-9d18-48ae-bf06-fbe56b0abdb2,Rostock,"13003","Rostock, Hanse- und Universitätsstadt","130030000","Rostock, Hanse- und Universitätsstadt","130030000000",Kröpeliner-Tor-Vorstadt,"0016",Feldstr.,"02360",54,,"18057",Kinderkrippe,Lindenpark,Deutsches Rotes Kreuz Kreisverband Rostock e.V.,freie Wohlfahrtspflege,,96,,Mo-Fr 06:00-18:00,+49 381 242796570,,kita-lindenpark@drk-rostock.de,
54.1030029644123,12.1691729406494,b9d2cff6-b8af-49ca-8134-3d3d3969b0c6,Rostock,"13003","Rostock, Hanse- und Universitätsstadt","130030000","Rostock, Hanse- und Universitätsstadt","130030000000",Dierkow-Neu,"0021",Georg-Adolf-Demmler-Str.,"02670",12,,"18146",Kindergarten,Hein Hannemann,Lebenshilfe Rostock und Umland gGmbH,gewerblich-privat,,60,,Mo-Fr 06:00-17:00,+49 381 681290,,kita@lebenshilfe-rostock.de,
54.0737459728214,12.1119236745739,615756b2-cada-4ae3-b47f-8e8fe93f216b,Rostock,"13003","Rostock, Hanse- und Universitätsstadt","130030000","Rostock, Hanse- und Universitätsstadt","130030000000",Südstadt,"0017",Brahestr.,"01600",6,a,"18059",Kindergarten,Rappelkiste,AWO-Sozialdienst Rostock gGmbH,freie Wohlfahrtspflege,,135,,Mo-Fr 06:00-18:00,+49 381 441810,,kitasued@awo-rostock.de,
54.0968935368823,12.0894396401572,8f37458e-df29-4b35-ab3d-72d65659c331,Rostock,"13003","Rostock, Hanse- und Universitätsstadt","130030000","Rostock, Hanse- und Universitätsstadt","130030000000",Reutershagen,"0013",Kuphalstr.,"06340",79,,"18069",Kinderkrippe,Kuphalstraße,Gesellschaft für Gesundheit und Pädagogik mbH,kommerziell,,36,,Mo-Fr 06:00-19:00,+49 381 8008297,,birthe.stolzmann@ggp-gruppe.de,
54.144405202884,12.051219662405,0b1c76ea-2dae-47e4-ba9f-d82e0879ff9f,Rostock,"13003","Rostock, Hanse- und Universitätsstadt","130030000","Rostock, Hanse- und Universitätsstadt","130030000000",Lütten Klein,"0010",Turkuer Str.,"09080",59,a,"18107",Hort,Hort Küstenkinner,VS Kinder- und Jugendhilfe Region Rostock gGmbH,freie Wohlfahrtspflege,,220,,,,,,
54.0862947721808,12.0977709216019,ebfcbbb1-c2ae-4f4c-850b-d793b447f6b4,Rostock,"13003","Rostock, Hanse- und Universitätsstadt","130030000","Rostock, Hanse- und Universitätsstadt","130030000000",Hansaviertel,"0014",Kopernikusstr.,"06170",16,a,"18057",Kinderkrippe,Butzemannhaus,Deutsches Rotes Kreuz Kreisverband Rostock e.V.,freie Wohlfahrtspflege,,78,,Mo-Fr 06:00-18:00,+49 381 242796440,,butzemannhaus@drk-rostock.de,
54.1516187946313,12.0620763030919,ba5e54d9-9bb3-44d1-ae23-7962ba29eccb,Rostock,"13003","Rostock, Hanse- und Universitätsstadt","130030000","Rostock, Hanse- und Universitätsstadt","130030000000",Lichtenhagen,"0008",Putbuser Str.,"02140",10,,"18109",Hort,Lotsenkinder,Institut Lernen und Leben e.V.,gewerblich-privat,,308,,Mo-Fr 06:00-18:00,+49 381 51056782,,kitalotsenkinder@ill-ev.de,
54.1759663216825,12.0740735350842,eb9e52c5-b043-4bc2-8505-c1c27cea7f44,Rostock,"13003","Rostock, Hanse- und Universitätsstadt","130030000","Rostock, Hanse- und Universitätsstadt","130030000000",Seebad Warnemünde,"0001",Parkstr.,"07480",12,,"18119",Kinderkrippe,Knirpsenland (DRK),Deutsches Rotes Kreuz Kreisverband Rostock e.V.,freie Wohlfahrtspflege,,38,,Mo-Fr 06:00-18:00,+49 381 242796560,,knirpsenland@drk-rostock.de,
54.0917930786472,12.1369950446731,ef66748c-b99d-4d14-87a8-6b8c0421492e,Rostock,"13003","Rostock, Hanse- und Universitätsstadt","130030000","Rostock, Hanse- und Universitätsstadt","130030000000",Stadtmitte,"0019",Lagerstr.,"06430",17,,"18055",Hort,Schatzkiste,Diakonie Rostocker Stadtmission e.V.,kirchlich,,,,,+49 381 461360,,info@rostocker-stadtmission.de,
54.0917930786472,12.1369950446731,39464b95-ddbc-4271-9824-49dcba02f9a0,Rostock,"13003","Rostock, Hanse- und Universitätsstadt","130030000","Rostock, Hanse- und Universitätsstadt","130030000000",Stadtmitte,"0019",Lagerstr.,"06430",17,,"18055",Kindergarten,Schatzkiste,Diakonie Rostocker Stadtmission e.V.,kirchlich,,90,,,+49 381 461360,,info@rostocker-stadtmission.de,
54.1485866387466,12.0784812528759,3275a691-3e5d-447e-817e-ea552e0d560d,Rostock,"13003","Rostock, Hanse- und Universitätsstadt","130030000","Rostock, Hanse- und Universitätsstadt","130030000000",Groß Klein,"0009",Gerüstbauerring,"02890",40,,"18109",Hort,Naturwerkstatt,VS Kinder- und Jugendhilfe Region Rostock gGmbH,freie Wohlfahrtspflege,,50,,,,,kita.naturwerkstatt@vs-hro.de,
54.169732112402,12.0777033407905,649e5596-7780-49ec-9596-240557cb6f92,Rostock,"13003","Rostock, Hanse- und Universitätsstadt","130030000","Rostock, Hanse- und Universitätsstadt","130030000000",Seebad Warnemünde,"0001",Friedrich-Barnewitz-Str.,"11150",13,,"18119",Hort,Strandläufer,VS Kinder- und Jugendhilfe Region Rostock gGmbH,freie Wohlfahrtspflege,,66,,,+49 381 52975,+49 151 1241783,,
54.1132152821742,12.1412035147229,b6184861-9c6d-4319-aa92-4dc300ded880,Rostock,"13003","Rostock, Hanse- und Universitätsstadt","130030000","Rostock, Hanse- und Universitätsstadt","130030000000",Toitenwinkel,"0024",Pablo-Picasso-Str.,"07450",37,,"18147",Kindergarten,Wellenreiter,VS Kinder- und Jugendhilfe Region Rostock gGmbH,freie Wohlfahrtspflege,,165,,,,,wellenreiter@vs-hro.de,
54.1132152821742,12.1412035147229,330f279a-2f8c-4fa0-84ab-eadebd6cf230,Rostock,"13003","Rostock, Hanse- und Universitätsstadt","130030000","Rostock, Hanse- und Universitätsstadt","130030000000",Toitenwinkel,"0024",Pablo-Picasso-Str.,"07450",37,,"18147",Kinderkrippe,Wellenreiter,VS Kinder- und Jugendhilfe Region Rostock gGmbH,freie Wohlfahrtspflege,,66,,,,,wellenreiter@vs-hro.de,
54.1081135362198,12.1715405824389,7312ee0a-602c-4990-9313-83381a9d61f7,Rostock,"13003","Rostock, Hanse- und Universitätsstadt","130030000","Rostock, Hanse- und Universitätsstadt","130030000000",Dierkow-Neu,"0021",Walter-Butzek-Str.,"09480",23,,"18146",Hort,Hort Ostseekinner (VS),VS Kinder- und Jugendhilfe Region Rostock gGmbH,freie Wohlfahrtspflege,,132,,,,,,
54.0764403210536,12.1627102120536,35f99eb4-5761-4f06-a0b2-1064be67e052,Rostock,"13003","Rostock, Hanse- und Universitätsstadt","130030000","Rostock, Hanse- und Universitätsstadt","130030000000",Brinckmansdorf,"0020",Röthsoll,"14360",3,,"18055",Kinderkrippe,CJD Kindertagesstätte,Christliches Jugenddorfwerk Deutschlands e.V.,kirchlich,,26,,,,+49 151 68834200,kita.rostock@cjd.de,
54.0764403210536,12.1627102120536,430d5695-9e14-4fe9-b53e-b411fe53edf6,Rostock,"13003","Rostock, Hanse- und Universitätsstadt","130030000","Rostock, Hanse- und Universitätsstadt","130030000000",Brinckmansdorf,"0020",Röthsoll,"14360",3,,"18055",Kindergarten,CJD Kindertagesstätte,Christliches Jugenddorfwerk Deutschlands e.V.,kirchlich,,40,,,,+49 151 68834200,kita.rostock@cjd.de,
54.0891518091872,12.1487543187524,1dea5635-e6f7-47ce-9ba7-a3244dfc0412,Rostock,"13003","Rostock, Hanse- und Universitätsstadt","130030000","Rostock, Hanse- und Universitätsstadt","130030000000",Stadtmitte,"0019",Küterbruch,"06400",4,,"18055",Kinderkrippe,Küterbruch / Michaelshof,Evangelische Stiftung Michaelshof,kirchlich,,28,,,,,,
54.0891518091872,12.1487543187524,78d4fddd-f905-4d9c-94c0-168e6b951edf,Rostock,"13003","Rostock, Hanse- und Universitätsstadt","130030000","Rostock, Hanse- und Universitätsstadt","130030000000",Stadtmitte,"0019",Küterbruch,"06400",4,,"18055",Kindergarten,Küterbruch / Michaelshof,Evangelische Stiftung Michaelshof,kirchlich,,48,,,,,,
54.082623127743,12.1754261123932,ce64c060-5ef8-4ee2-be03-c0682e2809b4,Rostock,"13003","Rostock, Hanse- und Universitätsstadt","130030000","Rostock, Hanse- und Universitätsstadt","130030000000",Brinckmansdorf,"0020",Vagel-Grip-Weg,"09220",10,a,"18055",Hort,Hort John Brinckman,Institut Lernen und Leben e.V.,gewerblich-privat,,263,,Mo-Fr 06:00-18:00,+49 381 3753630,,hortjohnbrinckman@ill-ev.de,
54.0963871246579,12.0737616655913,a93d340f-e75d-4300-90c0-13a2e01194c4,Rostock,"13003","Rostock, Hanse- und Universitätsstadt","130030000","Rostock, Hanse- und Universitätsstadt","130030000000",Reutershagen,"0013",Goerdelerstr.,"06370",20,,"18069",Kindergarten,Anne Frank,VS Kinder- und Jugendhilfe Region Rostock gGmbH,freie Wohlfahrtspflege,,141,,,+49 381 83695,,anne.frank-rostock@volkssolidaritaet.de,
54.0963871246579,12.0737616655913,30fb25a4-c5f0-46a2-904b-73eac32e2fd9,Rostock,"13003","Rostock, Hanse- und Universitätsstadt","130030000","Rostock, Hanse- und Universitätsstadt","130030000000",Reutershagen,"0013",Goerdelerstr.,"06370",20,,"18069",Kinderkrippe,Anne Frank,VS Kinder- und Jugendhilfe Region Rostock gGmbH,freie Wohlfahrtspflege,,84,,,+49 381 83695,,anne.frank-rostock@volkssolidaritaet.de,
54.1759663216825,12.0740735350842,89951250-b67f-4127-b2bb-e163a5cda005,Rostock,"13003","Rostock, Hanse- und Universitätsstadt","130030000","Rostock, Hanse- und Universitätsstadt","130030000000",Seebad Warnemünde,"0001",Parkstr.,"07480",12,,"18119",Kindergarten,Knirpsenland (DRK),Deutsches Rotes Kreuz Kreisverband Rostock e.V.,freie Wohlfahrtspflege,,102,,Mo-Fr 06:00-18:00,+49 381 242796560,,knirpsenland@drk-rostock.de,
54.1788118894811,12.0832729445312,0b9fe3df-e749-4142-87d4-0ac9ca44a8ed,Rostock,"13003","Rostock, Hanse- und Universitätsstadt","130030000","Rostock, Hanse- und Universitätsstadt","130030000000",Seebad Warnemünde,"0001",Heinrich-Heine-Str.,"03430",3,,"18119",Hort,Hort Warnemünde,Deutsches Rotes Kreuz Kreisverband Rostock e.V.,freie Wohlfahrtspflege,,144,,Mo-Fr 10:30-17:30,+49 381 242796530,,hort-warnemuende@drk-rostock.de,
54.089670515543,12.147420062046,d2b0ddd2-c48c-4b58-acd7-e2021efdf395,Rostock,"13003","Rostock, Hanse- und Universitätsstadt","130030000","Rostock, Hanse- und Universitätsstadt","130030000000",Stadtmitte,"0019",Alter Markt,"00260",1,,"18055",Hort,Hort am Alten Markt,VS Kinder- und Jugendhilfe Region Rostock gGmbH,freie Wohlfahrtspflege,,286,,Mo-Fr 06:00-18:00,+49 381 4582756,,hort-alter-markt@volkssolidaritaet.de,
54.135791851548,12.0757733807492,84b91c02-c13d-42ea-9290-55fac542ee65,Rostock,"13003","Rostock, Hanse- und Universitätsstadt","130030000","Rostock, Hanse- und Universitätsstadt","130030000000",Schmarl,"0012",Kolumbusring,"07130",20,,"18106",Hort,Regenbogen,Diakonie Rostocker Stadtmission e.V.,kirchlich,,30,,Mo-Fr 06:00-17:00,+49 381 1201367,,regenbogen-leitung@rostocker-stadtmission.de,
54.169732112402,12.0777033407905,df252d07-8d18-4575-abc0-2bb9040ba4ce,Rostock,"13003","Rostock, Hanse- und Universitätsstadt","130030000","Rostock, Hanse- und Universitätsstadt","130030000000",Seebad Warnemünde,"0001",Friedrich-Barnewitz-Str.,"11150",13,,"18119",Kindergarten,Strandläufer,VS Kinder- und Jugendhilfe Region Rostock gGmbH,freie Wohlfahrtspflege,,69,,,+49 381 52975,+49 151 1241783,,
54.169732112402,12.0777033407905,201746c9-c9e7-45e4-aaf4-dc8a2b3e3977,Rostock,"13003","Rostock, Hanse- und Universitätsstadt","130030000","Rostock, Hanse- und Universitätsstadt","130030000000",Seebad Warnemünde,"0001",Friedrich-Barnewitz-Str.,"11150",13,,"18119",Kinderkrippe,Strandläufer,VS Kinder- und Jugendhilfe Region Rostock gGmbH,freie Wohlfahrtspflege,,54,,,+49 381 52975,+49 151 1241783,,
54.0903509118952,12.1063127662645,bf2e9d75-e128-45af-9089-aa4c9c400551,Rostock,"13003","Rostock, Hanse- und Universitätsstadt","130030000","Rostock, Hanse- und Universitätsstadt","130030000000",Kröpeliner-Tor-Vorstadt,"0016",Waldemarstr.,"09410",31,,"18057",Kinderkrippe,Spielkiste,VS Kinder- und Jugendhilfe Region Rostock gGmbH,freie Wohlfahrtspflege,,30,,Mo-Fr 06:00-17:00,+49 381 2003757,,spielkiste@volkssolidaritaet.de,
54.0903509118952,12.1063127662645,88a69db0-cc04-4a85-bd87-40472589c792,Rostock,"13003","Rostock, Hanse- und Universitätsstadt","130030000","Rostock, Hanse- und Universitätsstadt","130030000000",Kröpeliner-Tor-Vorstadt,"0016",Waldemarstr.,"09410",31,,"18057",Kindergarten,Spielkiste,VS Kinder- und Jugendhilfe Region Rostock gGmbH,freie Wohlfahrtspflege,,57,,Mo-Fr 06:00-17:00,+49 381 2003757,,spielkiste@volkssolidaritaet.de,
54.0903509118952,12.1063127662645,d1f4ac40-8999-4581-b8eb-36d27577def6,Rostock,"13003","Rostock, Hanse- und Universitätsstadt","130030000","Rostock, Hanse- und Universitätsstadt","130030000000",Kröpeliner-Tor-Vorstadt,"0016",Waldemarstr.,"09410",31,,"18057",Hort,Spielkiste,VS Kinder- und Jugendhilfe Region Rostock gGmbH,freie Wohlfahrtspflege,,88,,Mo-Fr 06:00-17:00,+49 381 2003757,,spielkiste@volkssolidaritaet.de,
54.1096774218817,12.1602314650403,85a8dc89-51ee-4799-8edd-2791d50c022e,Rostock,"13003","Rostock, Hanse- und Universitätsstadt","130030000","Rostock, Hanse- und Universitätsstadt","130030000000",Dierkow-West,"0023",Hinrichsdorfer Str.,"03600",6,,"18146",Kindergarten,Klaukschieter (ASB-KV),Arbeiter-Samariter-Bund Kreisverband Rostock e.V.,freie Wohlfahrtspflege,,60,,,,,,
54.1339191487009,12.0550832705363,9ca95987-5579-43e0-805c-445c99ae244a,Rostock,"13003","Rostock, Hanse- und Universitätsstadt","130030000","Rostock, Hanse- und Universitätsstadt","130030000000",Lütten Klein,"0010",Helsinkier Str.,"03480",40,,"18107",Kindergarten,Sonnenkinderhaus,Diakonie Rostocker Stadtmission e.V.,kirchlich,,112,,Mo-Fr 06:00-17:00,+49 381 714233,,sonnenkinderhaus@rostocker-stadtmission.de,
54.1086029977301,12.1637609811467,d5e09c00-17a3-4c33-97ed-e31fec0dca56,Rostock,"13003","Rostock, Hanse- und Universitätsstadt","130030000","Rostock, Hanse- und Universitätsstadt","130030000000",Dierkow-Neu,"0021",Johann-C.-Wilken-Str.,"04030",1,,"18146",Kindergarten,Lütt Sparling,VS Kinder- und Jugendhilfe Region Rostock gGmbH,freie Wohlfahrtspflege,,140,,,+49 381 697222,,luett.sparling@volkssolidaritaet.de,
54.1086029977301,12.1637609811467,27711411-cc97-4603-bafc-3d3c26db5c60,Rostock,"13003","Rostock, Hanse- und Universitätsstadt","130030000","Rostock, Hanse- und Universitätsstadt","130030000000",Dierkow-Neu,"0021",Johann-C.-Wilken-Str.,"04030",1,,"18146",Kinderkrippe,Lütt Sparling,VS Kinder- und Jugendhilfe Region Rostock gGmbH,freie Wohlfahrtspflege,,54,,,+49 381 697222,,luett.sparling@volkssolidaritaet.de,
54.0850363689553,12.0836581483297,2d866ebe-5e31-410e-a2a6-ae5729b6f75f,Rostock,"13003","Rostock, Hanse- und Universitätsstadt","130030000","Rostock, Hanse- und Universitätsstadt","130030000000",Gartenstadt/Stadtweide,"0015",Im Garten,"03980",14,,"18057",Kinderkrippe,Pusteblume,Diakonie Rostocker Stadtmission e.V.,kirchlich,,24,,Mo-Fr 06:00-17:00,+49 381 2000858,,pusteblume-leitung@rostocker-stadtmission.de,
54.0863746992714,12.0771174247858,e666da8f-e00f-4336-8558-af7aa16881eb,Rostock,"13003","Rostock, Hanse- und Universitätsstadt","130030000","Rostock, Hanse- und Universitätsstadt","130030000000",Gartenstadt/Stadtweide,"0015",Groß Schwaßer Weg,"03100",11,,"18057",Hort,Hort CJD,Christliches Jugenddorfwerk Deutschlands e.V.,kirchlich,,270,,Mo-Fr 06:30-17:00,+49 381 8071184,,grit.hesse@cjd.de,
54.1509085714455,12.079674328064,7c48632e-400d-44a6-bf6f-fa9e7f4f1300,Rostock,"13003","Rostock, Hanse- und Universitätsstadt","130030000","Rostock, Hanse- und Universitätsstadt","130030000000",Groß Klein,"0009",Taklerring,"08880",44,,"18109",Hort,Hort Groß und Klein (AWO),AWO-Sozialdienst Rostock gGmbH,freie Wohlfahrtspflege,,270,,Mo-Fr 06:00-18:00,+49 381 85799420,,hortgrossundklein@awo-rostock.de,
54.0989836909207,12.0661478182935,cb0e6f1d-6448-405c-b72c-04afecaab808,Rostock,"13003","Rostock, Hanse- und Universitätsstadt","130030000","Rostock, Hanse- und Universitätsstadt","130030000000",Reutershagen,"0013",Etkar-André-Str.,"02270",53,,"18069",Kindergarten,Krötenwiese,Krötenwiese gGmbH,kommerziell,,44,,Mo-Fr 06:30-17:00,+49 381 83553,,kindergarten@kroetenwiese.de,
54.0989836909207,12.0661478182935,027eb34b-5a31-4b00-9490-588aa7e18c7e,Rostock,"13003","Rostock, Hanse- und Universitätsstadt","130030000","Rostock, Hanse- und Universitätsstadt","130030000000",Reutershagen,"0013",Etkar-André-Str.,"02270",53,,"18069",Kinderkrippe,Krötenwiese,Krötenwiese gGmbH,kommerziell,,15,,Mo-Fr 06:30-17:00,+49 381 83553,,kindergarten@kroetenwiese.de,
54.0846901388617,12.1217916275985,81cba4cf-ada5-49ae-aa81-54d2dd7447a7,Rostock,"13003","Rostock, Hanse- und Universitätsstadt","130030000","Rostock, Hanse- und Universitätsstadt","130030000000",Kröpeliner-Tor-Vorstadt,"0016",Feldstr.,"02360",54,,"18057",Kindergarten,Lindenpark,Deutsches Rotes Kreuz Kreisverband Rostock e.V.,freie Wohlfahrtspflege,,184,,Mo-Fr 06:00-18:00,+49 381 242796570,,kita-lindenpark@drk-rostock.de,
54.1256106858712,12.060604915116,72c38a7b-e6ca-4e6a-b86c-bfe7b1e8103c,Rostock,"13003","Rostock, Hanse- und Universitätsstadt","130030000","Rostock, Hanse- und Universitätsstadt","130030000000",Evershagen,"0011",Martin-Andersen-Nexö-Ring,"06810",8,,"18106",Hort,Martin-Andersen-Nexö-Ring,Integral gGmbH,kommerziell,,58,,Mo-Fr 06:00-17:30,+49 381 712030,,nexoe@kita-integral.de,
54.1256106858712,12.060604915116,793cca19-fd44-4d40-bff6-9303977f856a,Rostock,"13003","Rostock, Hanse- und Universitätsstadt","130030000","Rostock, Hanse- und Universitätsstadt","130030000000",Evershagen,"0011",Martin-Andersen-Nexö-Ring,"06810",8,,"18106",Kindergarten,Martin-Andersen-Nexö-Ring,Integral gGmbH,kommerziell,,140,,Mo-Fr 06:00-17:30,+49 381 712030,,nexoe@kita-integral.de,
54.1256106858712,12.060604915116,2a9ed85d-7aa6-4c29-948a-3e7c6cc07c6f,Rostock,"13003","Rostock, Hanse- und Universitätsstadt","130030000","Rostock, Hanse- und Universitätsstadt","130030000000",Evershagen,"0011",Martin-Andersen-Nexö-Ring,"06810",8,,"18106",Kinderkrippe,Martin-Andersen-Nexö-Ring,Integral gGmbH,kommerziell,,66,,Mo-Fr 06:00-17:30,+49 381 712030,,nexoe@kita-integral.de,
54.0904616031428,12.12185461605,1595a5b6-b5f0-418c-824b-0beedb5c49c1,Rostock,"13003","Rostock, Hanse- und Universitätsstadt","130030000","Rostock, Hanse- und Universitätsstadt","130030000000",Kröpeliner-Tor-Vorstadt,"0016",Patriotischer Weg,"07520",23,a,"18057",Kindergarten,Kinderwelt,Kalis Kinderwelten GmbH,kommerziell,,129,,Mo-Fr 06:00-18:30,+49 381 4934976,,ines.kriegisch@kita-rostock.de,
54.0904616031428,12.12185461605,93ba2b36-50ef-4170-b5c6-4203587685ee,Rostock,"13003","Rostock, Hanse- und Universitätsstadt","130030000","Rostock, Hanse- und Universitätsstadt","130030000000",Kröpeliner-Tor-Vorstadt,"0016",Patriotischer Weg,"07520",23,a,"18057",Kinderkrippe,Kinderwelt,Kalis Kinderwelten GmbH,kommerziell,,82,,Mo-Fr 06:00-18:30,+49 381 4934976,,ines.kriegisch@kita-rostock.de,
54.1230842172545,12.0534463190159,3faaa443-01b8-43d1-a717-6742b414a8a2,Rostock,"13003","Rostock, Hanse- und Universitätsstadt","130030000","Rostock, Hanse- und Universitätsstadt","130030000000",Evershagen,"0011",Maxim-Gorki-Str.,"06940",28,,"18106",Kindergarten,Maxim-Gorki-Straße,Integral gGmbH,kommerziell,,154,,Mo-Fr 06:00-17:30,+49 381 7620320,,gorki@kita-integral.de,
54.1165738824261,12.0523779116251,fa6cccb6-7181-4948-829f-fa4c971bca64,Rostock,"13003","Rostock, Hanse- und Universitätsstadt","130030000","Rostock, Hanse- und Universitätsstadt","130030000000",Evershagen,"0011",Maxim-Gorki-Str.,"06940",67,,"18106",Hort,Ostseegörn - Hort,Institut Lernen und Leben e.V.,gewerblich-privat,,230,,Mo-Fr 06:00-18:00,+49 381 77886162,,hortdeostseegoern@ill-ev.de,
54.0838507958078,12.1353401829974,1de242e3-494c-4337-a8e5-4d99994f34e4,Rostock,"13003","Rostock, Hanse- und Universitätsstadt","130030000","Rostock, Hanse- und Universitätsstadt","130030000000",Stadtmitte,"0019",Augustenstr.,"00970",23,,"18055",Kinderkrippe,Augustenstraße,Integral gGmbH,kommerziell,,80,,Mo-Fr 06:00-17:30,+49 381 1285610,,augusten@kita-integral.de,
54.0838507958078,12.1353401829974,c42974c4-07f8-41b1-a2ee-eec135de6ee9,Rostock,"13003","Rostock, Hanse- und Universitätsstadt","130030000","Rostock, Hanse- und Universitätsstadt","130030000000",Stadtmitte,"0019",Augustenstr.,"00970",23,,"18055",Hort,Augustenstraße,Integral gGmbH,kommerziell,,80,,Mo-Fr 06:00-17:30,+49 381 1285610,,augusten@kita-integral.de,
54.0838507958078,12.1353401829974,cca8432a-c79d-4971-9326-b6174a064098,Rostock,"13003","Rostock, Hanse- und Universitätsstadt","130030000","Rostock, Hanse- und Universitätsstadt","130030000000",Stadtmitte,"0019",Augustenstr.,"00970",23,,"18055",Kindergarten,Augustenstraße,Integral gGmbH,kommerziell,,180,,Mo-Fr 06:00-17:30,+49 381 1285610,,augusten@kita-integral.de,
54.1436010144615,12.0449692254674,24b4386c-b05e-4e75-8da9-20ea9a97535c,Rostock,"13003","Rostock, Hanse- und Universitätsstadt","130030000","Rostock, Hanse- und Universitätsstadt","130030000000",Lütten Klein,"0010",Usedomer Str.,"09190",50,,"18107",Kindergarten,Lütt Kinnerhus,VS Kinder- und Jugendhilfe Region Rostock gGmbH,freie Wohlfahrtspflege,,150,,,,,,
54.1436010144615,12.0449692254674,773eea4d-5e77-42a7-b6c2-a6d284e09440,Rostock,"13003","Rostock, Hanse- und Universitätsstadt","130030000","Rostock, Hanse- und Universitätsstadt","130030000000",Lütten Klein,"0010",Usedomer Str.,"09190",50,,"18107",Kinderkrippe,Lütt Kinnerhus,VS Kinder- und Jugendhilfe Region Rostock gGmbH,freie Wohlfahrtspflege,,66,,,,,,
54.0737459728214,12.1119236745739,59fe97d7-9c90-460f-a23a-3ea6e9196333,Rostock,"13003","Rostock, Hanse- und Universitätsstadt","130030000","Rostock, Hanse- und Universitätsstadt","130030000000",Südstadt,"0017",Brahestr.,"01600",6,a,"18059",Hort,Rappelkiste,AWO-Sozialdienst Rostock gGmbH,freie Wohlfahrtspflege,,250,,Mo-Fr 06:00-18:00,+49 381 441810,,kitasued@awo-rostock.de,
54.074811106251,12.1284490205122,b042d964-3446-4118-9771-8bb7f7e4e644,Rostock,"13003","Rostock, Hanse- und Universitätsstadt","130030000","Rostock, Hanse- und Universitätsstadt","130030000000",Südstadt,"0017",Erich-Schlesinger-Str.,"02030",37,b,"18059",Kindergarten,Zauberflöte,Institut Lernen und Leben e.V.,gewerblich-privat,,48,,Mo-Fr 06:00-18:00,+49 381 44039823,,kitadiezauberfloete@ill-ev.de,
54.1198361961627,12.0561060122278,a6ad9f11-8cd6-40d8-ad91-2af52d73d85f,Rostock,"13003","Rostock, Hanse- und Universitätsstadt","130030000","Rostock, Hanse- und Universitätsstadt","130030000000",Evershagen,"0011",Anton-Makarenko-Str.,"00750",1,,"18106",Kindergarten,Jona,Diakonie Rostocker Stadtmission e.V.,kirchlich,,150,,Mo-Fr 06:00-17:00,+49 381 7698228,,jona-leitung@rostocker-stadtmission.de,
54.1369341671855,12.0466502115148,b8e34814-b9d7-4c90-a141-153c0e97fbd0,Rostock,"13003","Rostock, Hanse- und Universitätsstadt","130030000","Rostock, Hanse- und Universitätsstadt","130030000000",Lütten Klein,"0010",Gedser Str.,"02770",8,,"18107",Kindergarten,Lütt Birkenkinner,Deutsches Rotes Kreuz Kreisverband Rostock e.V.,freie Wohlfahrtspflege,,177,,Mo-Fr 06:00-18:00,+49 381 242796470,,b.bluemchen@drk-rostock.de,
54.1369341671855,12.0466502115148,b4c6e1b4-08fd-48ac-ac7f-948a87e42612,Rostock,"13003","Rostock, Hanse- und Universitätsstadt","130030000","Rostock, Hanse- und Universitätsstadt","130030000000",Lütten Klein,"0010",Gedser Str.,"02770",8,,"18107",Hort,Lütt Birkenkinner,Deutsches Rotes Kreuz Kreisverband Rostock e.V.,freie Wohlfahrtspflege,,154,,Mo-Fr 06:00-18:00,+49 381 242796470,,b.bluemchen@drk-rostock.de,
54.1369341671855,12.0466502115148,89513f8c-2cad-41fa-a46b-63c413027485,Rostock,"13003","Rostock, Hanse- und Universitätsstadt","130030000","Rostock, Hanse- und Universitätsstadt","130030000000",Lütten Klein,"0010",Gedser Str.,"02770",8,,"18107",Kinderkrippe,Lütt Birkenkinner,Deutsches Rotes Kreuz Kreisverband Rostock e.V.,freie Wohlfahrtspflege,,60,,Mo-Fr 06:00-18:00,+49 381 242796470,,b.bluemchen@drk-rostock.de,
54.0690293931426,12.1131309054482,340186cb-1f7c-4717-806a-999dd7300645,Rostock,"13003","Rostock, Hanse- und Universitätsstadt","130030000","Rostock, Hanse- und Universitätsstadt","130030000000",Südstadt,"0017",Pawlowstr.,"07550",15,a,"18059",Kinderkrippe,Gänseblümchen,Kinderfördertagesstätte Gänseblümchen,kommerziell,,36,,,+49 381 46219391,,witt-gaensebluemchen@gmx.de,
54.0690293931426,12.1131309054482,f5650c9a-e4e5-44c9-aa1b-94017d44aef2,Rostock,"13003","Rostock, Hanse- und Universitätsstadt","130030000","Rostock, Hanse- und Universitätsstadt","130030000000",Südstadt,"0017",Pawlowstr.,"07550",15,a,"18059",Kindergarten,Gänseblümchen,Kinderfördertagesstätte Gänseblümchen,kommerziell,,88,,,+49 381 46219391,,witt-gaensebluemchen@gmx.de,
54.1060293423583,12.1634557585809,ead3df76-02de-42b3-b462-07aaa4080948,Rostock,"13003","Rostock, Hanse- und Universitätsstadt","130030000","Rostock, Hanse- und Universitätsstadt","130030000000",Dierkow-Neu,"0021",Lorenzstr.,"03530",66,,"18146",Kindergarten,Wildblume,Arbeiter-Samariter-Bund Kreisverband Rostock e.V.,freie Wohlfahrtspflege,,132,,Mo-Fr 06:00-18:00,+49 381 681290,,kita-wildblume@asb-kjh.de,
54.1060293423583,12.1634557585809,c88824e2-bc76-49bb-a727-e4f08edda50b,Rostock,"13003","Rostock, Hanse- und Universitätsstadt","130030000","Rostock, Hanse- und Universitätsstadt","130030000000",Dierkow-Neu,"0021",Lorenzstr.,"03530",66,,"18146",Kinderkrippe,Wildblume,Arbeiter-Samariter-Bund Kreisverband Rostock e.V.,freie Wohlfahrtspflege,,72,,Mo-Fr 06:00-18:00,+49 381 681290,,kita-wildblume@asb-kjh.de,
54.1060293423583,12.1634557585809,c5f487cc-c0b2-47e4-afe5-92e5a02f1212,Rostock,"13003","Rostock, Hanse- und Universitätsstadt","130030000","Rostock, Hanse- und Universitätsstadt","130030000000",Dierkow-Neu,"0021",Lorenzstr.,"03530",66,,"18146",Hort,Wildblume,Arbeiter-Samariter-Bund Kreisverband Rostock e.V.,freie Wohlfahrtspflege,,44,,Mo-Fr 06:00-18:00,+49 381 681290,,kita-wildblume@asb-kjh.de,
54.0870604050751,12.1422015378324,60cc3f8e-776b-4849-acb5-5ede2919888a,Rostock,"13003","Rostock, Hanse- und Universitätsstadt","130030000","Rostock, Hanse- und Universitätsstadt","130030000000",Stadtmitte,"0019",Beginenberg,"01160",10,,"18055",Kinderkrippe,Marie Bloch,VS Kinder- und Jugendhilfe Region Rostock gGmbH,freie Wohlfahrtspflege,,30,,Mo-Fr 06:30-17:30,+49 381 4922088,,marie.bloch@volkssolidaritaet.de,
54.0870604050751,12.1422015378324,835664ed-3ad3-448e-8a9e-f27edf1c6d42,Rostock,"13003","Rostock, Hanse- und Universitätsstadt","130030000","Rostock, Hanse- und Universitätsstadt","130030000000",Stadtmitte,"0019",Beginenberg,"01160",10,,"18055",Kindergarten,Marie Bloch,VS Kinder- und Jugendhilfe Region Rostock gGmbH,freie Wohlfahrtspflege,,70,,Mo-Fr 06:30-17:30,+49 381 4922088,,marie.bloch@volkssolidaritaet.de,
54.0857502754129,12.1225089193487,4192e855-7947-40dd-8fea-981d73fe5b59,Rostock,"13003","Rostock, Hanse- und Universitätsstadt","130030000","Rostock, Hanse- und Universitätsstadt","130030000000",Kröpeliner-Tor-Vorstadt,"0016",Feldstr.,"02360",58,,"18057",Kinderkrippe,Muschelkorb,Diakonie Rostocker Stadtmission e.V.,kirchlich,,38,,Mo-Fr 06:30-17:00,+49 381 496527150,,muschelkorb-leitung@rostocker-stadtmission.de,
54.0857502754129,12.1225089193487,c719690f-da0d-4495-8016-584e92c7609a,Rostock,"13003","Rostock, Hanse- und Universitätsstadt","130030000","Rostock, Hanse- und Universitätsstadt","130030000000",Kröpeliner-Tor-Vorstadt,"0016",Feldstr.,"02360",58,,"18057",Kindergarten,Muschelkorb,Diakonie Rostocker Stadtmission e.V.,kirchlich,,72,,Mo-Fr 06:30-17:00,+49 381 496527150,,muschelkorb-leitung@rostocker-stadtmission.de,
54.1096774218817,12.1602314650403,53d8a6ca-0200-415b-8a49-82c4d61d50e0,Rostock,"13003","Rostock, Hanse- und Universitätsstadt","130030000","Rostock, Hanse- und Universitätsstadt","130030000000",Dierkow-West,"0023",Hinrichsdorfer Str.,"03600",6,,"18146",Kinderkrippe,Klaukschieter (ASB-KV),Arbeiter-Samariter-Bund Kreisverband Rostock e.V.,freie Wohlfahrtspflege,,30,,,,,,
54.0823124933803,12.1042038410129,aa063f53-72d6-40e5-ac68-06045273fa96,Rostock,"13003","Rostock, Hanse- und Universitätsstadt","130030000","Rostock, Hanse- und Universitätsstadt","130030000000",Hansaviertel,"0014",Ernst-Heydemann-Str.,"02220",13,,"18057",Kinderkrippe,Kleine Naturforscher,Institut Lernen und Leben e.V.,gewerblich-privat,,26,,,+49 381 25289931,,kitakleinenaturforscher@ill-ev.de,
54.0823124933803,12.1042038410129,98bdc31c-629d-4c05-839a-673c7d3886ea,Rostock,"13003","Rostock, Hanse- und Universitätsstadt","130030000","Rostock, Hanse- und Universitätsstadt","130030000000",Hansaviertel,"0014",Ernst-Heydemann-Str.,"02220",13,,"18057",Kindergarten,Kleine Naturforscher,Institut Lernen und Leben e.V.,gewerblich-privat,,55,,,+49 381 25289931,,kitakleinenaturforscher@ill-ev.de,
54.114526982534,12.1554882570923,90e4aa99-1841-413c-8469-a0aaf2d5a2c3,Rostock,"13003","Rostock, Hanse- und Universitätsstadt","130030000","Rostock, Hanse- und Universitätsstadt","130030000000",Toitenwinkel,"0024",Martin-Luther-King-Allee,"06820",1,,"18147",Kindergarten,Lebensbaum,Deutsches Rotes Kreuz Kreisverband Rostock e.V.,freie Wohlfahrtspflege,,97,,Mo-Fr 06:00-18:00,+49 381 242796600,,kita-lebensbaum@drk-rostock.de,
54.114526982534,12.1554882570923,85e3d076-67e9-494e-b6a7-4a344ab58974,Rostock,"13003","Rostock, Hanse- und Universitätsstadt","130030000","Rostock, Hanse- und Universitätsstadt","130030000000",Toitenwinkel,"0024",Martin-Luther-King-Allee,"06820",1,,"18147",Kinderkrippe,Lebensbaum,Deutsches Rotes Kreuz Kreisverband Rostock e.V.,freie Wohlfahrtspflege,,54,,Mo-Fr 06:00-18:00,+49 381 242796600,,kita-lebensbaum@drk-rostock.de,
54.1071578788259,12.1153600040781,18f839b1-d765-4cd8-a706-6a53c7dfe52b,Rostock,"13003","Rostock, Hanse- und Universitätsstadt","130030000","Rostock, Hanse- und Universitätsstadt","130030000000",Gehlsdorf,"0025",Pressentinstr.,"07720",56,b,"18147",Hort,Kindervilla Cords,Kindervilla Cords e.V.,gewerblich-privat,,265,,Mo-Fr 06:30-17:00,+49 381 680964,,info@kindervilla-cords.de,
54.1071578788259,12.1153600040781,80563408-4162-4278-b0dc-36a8d12f01b2,Rostock,"13003","Rostock, Hanse- und Universitätsstadt","130030000","Rostock, Hanse- und Universitätsstadt","130030000000",Gehlsdorf,"0025",Pressentinstr.,"07720",56,b,"18147",Kindergarten,Kindervilla Cords,Kindervilla Cords e.V.,gewerblich-privat,,73,,Mo-Fr 06:30-17:00,+49 381 680964,,info@kindervilla-cords.de,
54.1071578788259,12.1153600040781,96816018-71bc-44a3-8d40-7fb0368a08ad,Rostock,"13003","Rostock, Hanse- und Universitätsstadt","130030000","Rostock, Hanse- und Universitätsstadt","130030000000",Gehlsdorf,"0025",Pressentinstr.,"07720",56,b,"18147",Kinderkrippe,Kindervilla Cords,Kindervilla Cords e.V.,gewerblich-privat,,34,,Mo-Fr 06:30-17:00,+49 381 680964,,info@kindervilla-cords.de,
54.0798219807735,12.1022824687153,388ea57a-b3b4-401c-827a-25d91642fecc,Rostock,"13003","Rostock, Hanse- und Universitätsstadt","130030000","Rostock, Hanse- und Universitätsstadt","130030000000",Hansaviertel,"0014",Thierfelderstr.,"08920",1,,"18059",Kinderkrippe,Spurensucher,VS Kinder- und Jugendhilfe Region Rostock gGmbH,freie Wohlfahrtspflege,,36,,Mo-Fr 06:00-17:00,+49 381 4925563,,spurensucher@volkssolidaritaet.de,
54.0798219807735,12.1022824687153,60b66dfe-5b6e-4398-a737-9231b3523d87,Rostock,"13003","Rostock, Hanse- und Universitätsstadt","130030000","Rostock, Hanse- und Universitätsstadt","130030000000",Hansaviertel,"0014",Thierfelderstr.,"08920",1,,"18059",Kindergarten,Spurensucher,VS Kinder- und Jugendhilfe Region Rostock gGmbH,freie Wohlfahrtspflege,,75,,Mo-Fr 06:00-17:00,+49 381 4925563,,spurensucher@volkssolidaritaet.de,
54.0604819025949,12.1126698384994,b3df3027-8966-445f-8ef4-3567377a57cd,Rostock,"13003","Rostock, Hanse- und Universitätsstadt","130030000","Rostock, Hanse- und Universitätsstadt","130030000000",Biestow,"0018",Weidengrund,"10730",64,,"18059",Kindergarten,De Südergören,VS Kinder- und Jugendhilfe Region Rostock gGmbH,freie Wohlfahrtspflege,,75,,,,,,
54.0604819025949,12.1126698384994,aa3507b6-7e65-422e-8af7-dacd898654a1,Rostock,"13003","Rostock, Hanse- und Universitätsstadt","130030000","Rostock, Hanse- und Universitätsstadt","130030000000",Biestow,"0018",Weidengrund,"10730",64,,"18059",Kinderkrippe,De Südergören,VS Kinder- und Jugendhilfe Region Rostock gGmbH,freie Wohlfahrtspflege,,36,,,,,,
54.0917935024768,12.136995474326,57639196-4509-404f-8f40-74d7f2a7a7ed,Rostock,"13003","Rostock, Hanse- und Universitätsstadt","130030000","Rostock, Hanse- und Universitätsstadt","130030000000",Stadtmitte,"0019",Lagerstr.,"06430",17,,"18055",Kinderkrippe,Schatzkiste,Diakonie Rostocker Stadtmission e.V.,kirchlich,,48,,,+49 381 461360,,info@rostocker-stadtmission.de,
54.0862947721808,12.0977709216019,48af9b25-68da-405d-81f4-6d1220b879b1,Rostock,"13003","Rostock, Hanse- und Universitätsstadt","130030000","Rostock, Hanse- und Universitätsstadt","130030000000",Hansaviertel,"0014",Kopernikusstr.,"06170",16,a,"18057",Kindergarten,Butzemannhaus,Deutsches Rotes Kreuz Kreisverband Rostock e.V.,freie Wohlfahrtspflege,,154,,Mo-Fr 06:00-18:00,+49 381 242796440,,butzemannhaus@drk-rostock.de,
54.101861275578,12.1764366051423,d340789a-e3fb-470b-be08-28dc568e9dca,Rostock,"13003","Rostock, Hanse- und Universitätsstadt","130030000","Rostock, Hanse- und Universitätsstadt","130030000000",Dierkow-Neu,"0021",Berringerstr.,"04130",33,,"18146",Kindergarten,Steppkeland,Deutsches Rotes Kreuz Kreisverband Rostock e.V.,freie Wohlfahrtspflege,,126,,Mo-Fr 06:00-18:00,+49 381 242796490,,steppkeland@drk-rostock.de,
54.1485866387466,12.0784812528759,5c4fe754-d062-43ec-9579-1f0222bdefb7,Rostock,"13003","Rostock, Hanse- und Universitätsstadt","130030000","Rostock, Hanse- und Universitätsstadt","130030000000",Groß Klein,"0009",Gerüstbauerring,"02890",40,,"18109",Kindergarten,Naturwerkstatt,VS Kinder- und Jugendhilfe Region Rostock gGmbH,freie Wohlfahrtspflege,,154,,,,,kita.naturwerkstatt@vs-hro.de,
54.1485866387466,12.0784812528759,f9492c8d-257d-40e9-9ece-d3e32ee08e09,Rostock,"13003","Rostock, Hanse- und Universitätsstadt","130030000","Rostock, Hanse- und Universitätsstadt","130030000000",Groß Klein,"0009",Gerüstbauerring,"02890",40,,"18109",Kinderkrippe,Naturwerkstatt,VS Kinder- und Jugendhilfe Region Rostock gGmbH,freie Wohlfahrtspflege,,60,,,,,kita.naturwerkstatt@vs-hro.de,
54.1330154974114,12.0697492118631,e74361cc-9a2e-4ef5-9115-e61e10058d14,Rostock,"13003","Rostock, Hanse- und Universitätsstadt","130030000","Rostock, Hanse- und Universitätsstadt","130030000000",Schmarl,"0012",Stephan-Jantzen-Ring,"08730",5,,"18106",Hort,Hort Warnowschipper,VS Kinder- und Jugendhilfe Region Rostock gGmbH,freie Wohlfahrtspflege,,176,,,+49 381 80174722,,anmeldungen-hort-schmarl@vs-hro.de,
54.1154652945039,12.1414860182859,2eeac360-84af-468f-9abf-c5b933ff2afe,Rostock,"13003","Rostock, Hanse- und Universitätsstadt","130030000","Rostock, Hanse- und Universitätsstadt","130030000000",Toitenwinkel,"0024",Pablo-Picasso-Str.,"07450",43,,"18147",Hort,Hort De Veermaster,VS Kinder- und Jugendhilfe Region Rostock gGmbH,freie Wohlfahrtspflege,,286,,,,,,
54.0979463079674,12.0661690464553,4eac1ff6-344f-4a26-94f6-413869b9e324,Rostock,"13003","Rostock, Hanse- und Universitätsstadt","130030000","Rostock, Hanse- und Universitätsstadt","130030000000",Reutershagen,"0013",Etkar-André-Str.,"02270",52,,"18069",Kinderkrippe,Flotte Waldkäfer,Deutsches Rotes Kreuz Kreisverband Rostock e.V.,freie Wohlfahrtspflege,,30,,Mo-Fr 06:00-18:00,+49 381 242796420,,kita-reutershagen@drk-rostock.de,
54.0979463079674,12.0661690464553,4fac7dcb-041a-4685-8bb8-10f136cdcde0,Rostock,"13003","Rostock, Hanse- und Universitätsstadt","130030000","Rostock, Hanse- und Universitätsstadt","130030000000",Reutershagen,"0013",Etkar-André-Str.,"02270",52,,"18069",Kindergarten,Flotte Waldkäfer,Deutsches Rotes Kreuz Kreisverband Rostock e.V.,freie Wohlfahrtspflege,,56,,Mo-Fr 06:00-18:00,+49 381 242796420,,kita-reutershagen@drk-rostock.de,
54.0979463079674,12.0661690464553,cf5a0932-bf02-4f22-95a2-d2744e6a3c66,Rostock,"13003","Rostock, Hanse- und Universitätsstadt","130030000","Rostock, Hanse- und Universitätsstadt","130030000000",Reutershagen,"0013",Etkar-André-Str.,"02270",52,,"18069",Hort,Flotte Waldkäfer,Deutsches Rotes Kreuz Kreisverband Rostock e.V.,freie Wohlfahrtspflege,,176,,Mo-Fr 06:00-18:00,+49 381 242796420,,kita-reutershagen@drk-rostock.de,
54.1141234987209,12.1476874073346,9c8a7331-ac1e-4b30-a98c-06d585e57568,Rostock,"13003","Rostock, Hanse- und Universitätsstadt","130030000","Rostock, Hanse- und Universitätsstadt","130030000000",Toitenwinkel,"0024",Albert-Schweitzer-Str.,"00170",25,,"18147",Kindergarten,Am Wäldchen,Diakonie Rostocker Stadtmission e.V.,kirchlich,,126,,Mo-Fr 06:00-17:00,+49 381 696749,,am-waeldchen@rostocker-stadtmission.de,
54.1141234987209,12.1476874073346,c483d1f9-e746-469b-8f59-b02d3d59db32,Rostock,"13003","Rostock, Hanse- und Universitätsstadt","130030000","Rostock, Hanse- und Universitätsstadt","130030000000",Toitenwinkel,"0024",Albert-Schweitzer-Str.,"00170",25,,"18147",Kinderkrippe,Am Wäldchen,Diakonie Rostocker Stadtmission e.V.,kirchlich,,48,,Mo-Fr 06:00-17:00,+49 381 696749,,am-waeldchen@rostocker-stadtmission.de,
54.1141234987209,12.1476874073346,d0d4bc8b-5c33-4364-9cb3-1e06942c3401,Rostock,"13003","Rostock, Hanse- und Universitätsstadt","130030000","Rostock, Hanse- und Universitätsstadt","130030000000",Toitenwinkel,"0024",Albert-Schweitzer-Str.,"00170",25,,"18147",Hort,Am Wäldchen,Diakonie Rostocker Stadtmission e.V.,kirchlich,,,,Mo-Fr 06:00-17:00,+49 381 696749,,am-waeldchen@rostocker-stadtmission.de,
54.0662359129066,12.1232130981254,ce698783-db44-4fa9-bdd9-8c07aa7a9272,Rostock,"13003","Rostock, Hanse- und Universitätsstadt","130030000","Rostock, Hanse- und Universitätsstadt","130030000000",Südstadt,"0017",Lomonossowstr.,"06700",25,,"18059",Kindergarten,Haus Sonnenschein,Deutsches Rotes Kreuz Kreisverband Rostock e.V.,freie Wohlfahrtspflege,,126,,Mo-Fr 06:00-18:00,+49 381 242796400,,haus-sonnenschein@drk-rostock.de,
54.0662359129066,12.1232130981254,2fa9e883-724f-42a9-a928-fa771d6b95ab,Rostock,"13003","Rostock, Hanse- und Universitätsstadt","130030000","Rostock, Hanse- und Universitätsstadt","130030000000",Südstadt,"0017",Lomonossowstr.,"06700",25,,"18059",Hort,Haus Sonnenschein,Deutsches Rotes Kreuz Kreisverband Rostock e.V.,freie Wohlfahrtspflege,,100,,Mo-Fr 06:00-18:00,+49 381 242796400,,haus-sonnenschein@drk-rostock.de,
54.0662359129066,12.1232130981254,5e047030-c9f6-494c-807a-f4d5206de520,Rostock,"13003","Rostock, Hanse- und Universitätsstadt","130030000","Rostock, Hanse- und Universitätsstadt","130030000000",Südstadt,"0017",Lomonossowstr.,"06700",25,,"18059",Kinderkrippe,Haus Sonnenschein,Deutsches Rotes Kreuz Kreisverband Rostock e.V.,freie Wohlfahrtspflege,,60,,Mo-Fr 06:00-18:00,+49 381 242796400,,haus-sonnenschein@drk-rostock.de,
54.1208980282368,12.0520843999656,536c697d-babf-4ffa-b61c-5e59ac5c89a1,Rostock,"13003","Rostock, Hanse- und Universitätsstadt","130030000","Rostock, Hanse- und Universitätsstadt","130030000000",Evershagen,"0011",Maxim-Gorki-Str.,"06940",52,,"18106",Kinderkrippe,Ostseegörn - Kita,Institut Lernen und Leben e.V.,gewerblich-privat,,30,,Mo-Fr 06:00-18:00,+49 381 7620409,,kitadeostseegoern@ill-ev.de,
54.1208980282368,12.0520843999656,06f0bd96-be28-4924-aabc-f828db263923,Rostock,"13003","Rostock, Hanse- und Universitätsstadt","130030000","Rostock, Hanse- und Universitätsstadt","130030000000",Evershagen,"0011",Maxim-Gorki-Str.,"06940",52,,"18106",Kindergarten,Ostseegörn - Kita,Institut Lernen und Leben e.V.,gewerblich-privat,,81,,Mo-Fr 06:00-18:00,+49 381 7620409,,kitadeostseegoern@ill-ev.de,
54.1021554439047,12.0883790057931,2fe4918a-6e0d-4a96-a988-f7755c99f941,Rostock,"13003","Rostock, Hanse- und Universitätsstadt","130030000","Rostock, Hanse- und Universitätsstadt","130030000000",Reutershagen,"0013",Fritz-Triddelfitz-Weg,"10060",1,d,"18069",Kindergarten,Tierhäuschen,Arbeiter-Samariter-Bund Kreisverband Rostock e.V.,freie Wohlfahrtspflege,,69,,Mo-Fr 06:00-17:30,+49 381 8098210,,kita-tierhaeuschen@asb-kjh.de,
54.1021554439047,12.0883790057931,cac942f0-d58a-4ec7-943e-d227503e4497,Rostock,"13003","Rostock, Hanse- und Universitätsstadt","130030000","Rostock, Hanse- und Universitätsstadt","130030000000",Reutershagen,"0013",Fritz-Triddelfitz-Weg,"10060",1,d,"18069",Kinderkrippe,Tierhäuschen,Arbeiter-Samariter-Bund Kreisverband Rostock e.V.,freie Wohlfahrtspflege,,30,,Mo-Fr 06:00-17:30,+49 381 8098210,,kita-tierhaeuschen@asb-kjh.de,
54.0877166618597,12.1172918001477,42657d48-6c28-47ee-9687-36056c7b546d,Rostock,"13003","Rostock, Hanse- und Universitätsstadt","130030000","Rostock, Hanse- und Universitätsstadt","130030000000",Kröpeliner-Tor-Vorstadt,"0016",Barnstorfer Weg,"01120",21,,"18057",Hort,Hort Margarete,Institut Lernen und Leben e.V.,gewerblich-privat,,304,,Mo-Fr 06:00-18:00,+49 381 2037759,,hortmargarete@ill-ev.de,
54.1208980282368,12.0520843999656,f62248af-39fa-4d28-a91e-61c9f9368d79,Rostock,"13003","Rostock, Hanse- und Universitätsstadt","130030000","Rostock, Hanse- und Universitätsstadt","130030000000",Evershagen,"0011",Maxim-Gorki-Str.,"06940",52,,"18106",Hort,Ostseegörn - Kita,Institut Lernen und Leben e.V.,gewerblich-privat,,,,Mo-Fr 06:00-18:00,+49 381 7620409,,kitadeostseegoern@ill-ev.de,
54.0814680722596,12.1288010832832,a51d88d3-ce3b-45fe-b800-4dfe110ebd6b,Rostock,"13003","Rostock, Hanse- und Universitätsstadt","130030000","Rostock, Hanse- und Universitätsstadt","130030000000",Stadtmitte,"0019",Goethestr.,"02970",1,,"18055",Hort,Hort Stadtkinder,Deutsches Rotes Kreuz Kreisverband Rostock e.V.,freie Wohlfahrtspflege,,264,,Mo-Fr 10:25-17:30,+49 381 242796510,,hort-goethe@drk-rostock.de,
54.0875728687213,12.1088100339757,f3834d8a-afde-4d0c-a08a-dfa03d7fe3d9,Rostock,"13003","Rostock, Hanse- und Universitätsstadt","130030000","Rostock, Hanse- und Universitätsstadt","130030000000",Kröpeliner-Tor-Vorstadt,"0016",Ulmenstr.,"02400",44,,"18057",Hort,Hortcampus Ulmenstraße,Gesellschaft für Gesundheit und Pädagogik mbH,kommerziell,,189,,Mo-Fr 06:30-17:00,+49 381 2528785,,jana.kaemmert@ggp-gruppe.de,
54.0947190836538,12.0856663593955,c9e122f7-6a0f-457d-9e9b-0c71315cd71e,Rostock,"13003","Rostock, Hanse- und Universitätsstadt","130030000","Rostock, Hanse- und Universitätsstadt","130030000000",Reutershagen,"0013",Kuphalstr.,"06340",77,,"18069",Hort,Hort Am Schwanenteich,Rostocker Freizeitzentrum e.V.,gewerblich-privat,,187,,Mo-Fr 06:00-17:00,+49 381 89030422,,hort@rfz-rostock.de,
54.0989989563152,12.0821598535609,2d42c083-7178-429e-a82c-e3edad65776d,Rostock,"13003","Rostock, Hanse- und Universitätsstadt","130030000","Rostock, Hanse- und Universitätsstadt","130030000000",Reutershagen,"0013",John-Schehr-Str.,"04170",10,,"18069",Hort,Hort Fritz Reuter,Institut Lernen und Leben e.V.,gewerblich-privat,,165,,Mo-Fr 06:00-18:00,+49 381 82014,,hortfritzreuter@ill-ev.de,
54.0742951520707,12.1748689766789,d70639fe-c88e-41c9-80cb-e0c0269fa8b3,Rostock,"13003","Rostock, Hanse- und Universitätsstadt","130030000","Rostock, Hanse- und Universitätsstadt","130030000000",Brinckmansdorf,"0020",Vicke-Schorler-Ring,"11880",94,,"18055",Hort,Hort am Schulcampus Kassebohm,Institut Lernen und Leben e.V.,gewerblich-privat,,177,,Mo-Fr 06:00-18:00,+49 381 63729965,,hortamschulcampus@ill-ev.de,
54.08246134974,12.1034008268344,9c624424-14ed-433c-ac2c-b08fa02f4ce4,Rostock,"13003","Rostock, Hanse- und Universitätsstadt","130030000","Rostock, Hanse- und Universitätsstadt","130030000000",Hansaviertel,"0014",Ernst-Heydemann-Str.,"02220",12,,"18057",Kindergarten,Gewächshaus,Institut Lernen und Leben e.V.,gewerblich-privat,,82,,Mo-Fr 05:30-20:30,+49 381 4945520,,kitagewaechshaus@ill-ev.de,
54.08246134974,12.1034008268344,1e2bd92c-84ae-4877-baad-cd47d5259597,Rostock,"13003","Rostock, Hanse- und Universitätsstadt","130030000","Rostock, Hanse- und Universitätsstadt","130030000000",Hansaviertel,"0014",Ernst-Heydemann-Str.,"02220",12,,"18057",Kinderkrippe,Gewächshaus,Institut Lernen und Leben e.V.,gewerblich-privat,,38,,Mo-Fr 05:30-20:30,+49 381 4945520,,kitagewaechshaus@ill-ev.de,
54.130618803541,12.0728819098436,2d7f5188-9405-4fb1-a6a3-3ce70dd8e91b,Rostock,"13003","Rostock, Hanse- und Universitätsstadt","130030000","Rostock, Hanse- und Universitätsstadt","130030000000",Schmarl,"0012",Adam-J.-Krusenstern-Str.,"00070",12,,"18106",Kinderkrippe,Spatzennest,Kalis Kinderwelten GmbH,kommerziell,,72,,Mo-Fr 06:00-18:30,+49 381 1200581,,robert.lausch@kita-rostock.de,
54.130618803541,12.0728819098436,2a583064-75af-42fc-b569-d9154b5e2af3,Rostock,"13003","Rostock, Hanse- und Universitätsstadt","130030000","Rostock, Hanse- und Universitätsstadt","130030000000",Schmarl,"0012",Adam-J.-Krusenstern-Str.,"00070",12,,"18106",Hort,Spatzennest,Kalis Kinderwelten GmbH,kommerziell,,22,,Mo-Fr 06:00-18:30,+49 381 1200581,,robert.lausch@kita-rostock.de,
54.130618803541,12.0728819098436,7b34b240-45ee-4f84-9665-11247bcdb63b,Rostock,"13003","Rostock, Hanse- und Universitätsstadt","130030000","Rostock, Hanse- und Universitätsstadt","130030000000",Schmarl,"0012",Adam-J.-Krusenstern-Str.,"00070",12,,"18106",Kindergarten,Spatzennest,Kalis Kinderwelten GmbH,kommerziell,,138,,Mo-Fr 06:00-18:30,+49 381 1200581,,robert.lausch@kita-rostock.de,
