FID,geom,amenity,operator,operator:wikidata,osm_id,osm_type,editlink,tutoriallink,payment:coins,created_by,note,check_date,brand,brand:wikidata,fee,indoor,covered,model,payment:credit_cards,payment:notes,payment:telephone_cards,payment:cash,source:position,ref,ref2,source,fixme,internet_access,internet_access:fee,internet_access:ssid,brand:wikipedia,operator:wikipedia,payment:debit_cards,booth,payment:american_express,payment:diners_club,payment:jcb,payment:mastercard,payment:others,payment:visa,ref_name,description,sms,video,shelter,payment:electronic_purses,note:de,wheelchair,name,addr:street,designation,contact:phone,phone,lit,support,level,direction,tunnel,emergency,payment:calling_cards,payment:reverse_charge_calls,layer,internet_access:operator,payment:phonecard,colour,button_operated,callable,display
OSM_MRN_amenity_telephone_4326_Point.1,POINT (8.6755661 49.5534972),telephone,Deutsche Telekom AG,Q9396,16548172,node,https://www.openstreetmap.org/node/16548172,https://learnosm.org/de/beginner/,,,,,,,,,,,,,,,,,,,,,,,,,,,,,,,,,,,,,,,,,,,,,,,,,,,,,,,,,,,,
OSM_MRN_amenity_telephone_4326_Point.2,POINT (8.4792312 49.6034804),telephone,Deutsche Telekom,,27193270,node,https://www.openstreetmap.org/node/27193270,https://learnosm.org/de/beginner/,yes,,,,,,,,,,,,,,,,,,,,,,,,,,,,,,,,,,,,,,,,,,,,,,,,,,,,,,,,,,,
OSM_MRN_amenity_telephone_4326_Point.3,POINT (8.5592289 49.646734),telephone,,,27499281,node,https://www.openstreetmap.org/node/27499281,https://learnosm.org/de/beginner/,,,,,,,,,,,,,,,,,,,,,,,,,,,,,,,,,,,,,,,,,,,,,,,,,,,,,,,,,,,,
OSM_MRN_amenity_telephone_4326_Point.4,POINT (8.5676969 49.6472461),telephone,,,27702589,node,https://www.openstreetmap.org/node/27702589,https://learnosm.org/de/beginner/,,,,,,,,,,,,,,,,,,,,,,,,,,,,,,,,,,,,,,,,,,,,,,,,,,,,,,,,,,,,
OSM_MRN_amenity_telephone_4326_Point.5,POINT (8.4955204 49.6499561),telephone,,,27726765,node,https://www.openstreetmap.org/node/27726765,https://learnosm.org/de/beginner/,,,,,,,,,,,,,,,,,,,,,,,,,,,,,,,,,,,,,,,,,,,,,,,,,,,,,,,,,,,,
OSM_MRN_amenity_telephone_4326_Point.6,POINT (8.2491202 48.9874385),telephone,Deutsche Telekom AG,,28265271,node,https://www.openstreetmap.org/node/28265271,https://learnosm.org/de/beginner/,,,,,,,,,,,,,,,,,,,,,,,,,,,,,,,,,,,,,,,,,,,,,,,,,,,,,,,,,,,,
OSM_MRN_amenity_telephone_4326_Point.7,POINT (8.4570654 49.6890433),telephone,,,28341221,node,https://www.openstreetmap.org/node/28341221,https://learnosm.org/de/beginner/,,JOSM,,,,,,,,,,,,,,,,,,,,,,,,,,,,,,,,,,,,,,,,,,,,,,,,,,,,,,,,,,
OSM_MRN_amenity_telephone_4326_Point.8,POINT (8.4121392 49.6588533),telephone,,,28452695,node,https://www.openstreetmap.org/node/28452695,https://learnosm.org/de/beginner/,,,,,,,,,,,,,,,,,,,,,,,,,,,,,,,,,,,,,,,,,,,,,,,,,,,,,,,,,,,,
OSM_MRN_amenity_telephone_4326_Point.9,POINT (8.9289586 49.4109947),telephone,,,28835608,node,https://www.openstreetmap.org/node/28835608,https://learnosm.org/de/beginner/,,,T-Com Calling Card or SOS and Freecall,,,,,,,,,,,,,,,,,,,,,,,,,,,,,,,,,,,,,,,,,,,,,,,,,,,,,,,,,
OSM_MRN_amenity_telephone_4326_Point.10,POINT (8.2876364 49.0322125),telephone,Deutsche Telekom AG,,29018680,node,https://www.openstreetmap.org/node/29018680,https://learnosm.org/de/beginner/,,,,,,,,,,,,,,,,,,,,,,,,,,,,,,,,,,,,,,,,,,,,,,,,,,,,,,,,,,,,
OSM_MRN_amenity_telephone_4326_Point.11,POINT (8.2506667 49.0216578),telephone,Deutsche Telekom AG,,29952141,node,https://www.openstreetmap.org/node/29952141,https://learnosm.org/de/beginner/,,,,,,,,,,,,,,,,,,,,,,,,,,,,,,,,,,,,,,,,,,,,,,,,,,,,,,,,,,,,
OSM_MRN_amenity_telephone_4326_Point.12,POINT (8.3619031 49.6308557),telephone,Deutsche Telekom AG,Q9396,30206381,node,https://www.openstreetmap.org/node/30206381,https://learnosm.org/de/beginner/,,,,2023-08-29,,,,,,,,,,,,,,,,,,,,,,,,,,,,,,,,,,,,,,,,,,,,,,,,,,,,,,,,
OSM_MRN_amenity_telephone_4326_Point.13,POINT (8.3604213 49.6280443),telephone,Deutsche Telekom AG,Q9396,30206618,node,https://www.openstreetmap.org/node/30206618,https://learnosm.org/de/beginner/,,,,,Deutsche Telekom,Q9396,,,,,,,,,,,,,,,,,,,,,,,,,,,,,,,,,,,,,,,,,,,,,,,,,,,,,,
OSM_MRN_amenity_telephone_4326_Point.14,POINT (8.5044587 49.5017117),telephone,Deutsche Telekom AG,,30561275,node,https://www.openstreetmap.org/node/30561275,https://learnosm.org/de/beginner/,yes,,,,,,,,,,,,,,,,,,,,,,,,,,,,,,,,,,,,,,,,,,,,,,,,,,,,,,,,,,,
OSM_MRN_amenity_telephone_4326_Point.15,POINT (8.2488086 49.0239723),telephone,Deutsche Telekom AG,,30946112,node,https://www.openstreetmap.org/node/30946112,https://learnosm.org/de/beginner/,,,,,,,,,,,,,,,,,,,,,,,,,,,,,,,,,,,,,,,,,,,,,,,,,,,,,,,,,,,,
OSM_MRN_amenity_telephone_4326_Point.16,POINT (8.2773066 49.0320936),telephone,Deutsche Telekom AG,,30949408,node,https://www.openstreetmap.org/node/30949408,https://learnosm.org/de/beginner/,,,,,,,,,,,,,,,,,,,,,,,,,,,,,,,,,,,,,,,,,,,,,,,,,,,,,,,,,,,,
OSM_MRN_amenity_telephone_4326_Point.17,POINT (8.6147189 49.6738924),telephone,,,36667723,node,https://www.openstreetmap.org/node/36667723,https://learnosm.org/de/beginner/,,,,,,,,,,,,,,,,,,,,,,,,,,,,,,,,,,,,,,,,,,,,,,,,,,,,,,,,,,,,
OSM_MRN_amenity_telephone_4326_Point.18,POINT (8.6214803 49.6785844),telephone,Deutsche Telekom AG,Q9396,36667730,node,https://www.openstreetmap.org/node/36667730,https://learnosm.org/de/beginner/,,,,,,,yes,no,,,,,,,,,,,,,,,,,,,,,,,,,,,,,,,,,,,,,,,,,,,,,,,,,,,,
OSM_MRN_amenity_telephone_4326_Point.19,POINT (8.5640752 49.5320458),telephone,,,48910879,node,https://www.openstreetmap.org/node/48910879,https://learnosm.org/de/beginner/,,,,,,,,,,,,,,,,,,,,,,,,,,,,,,,,,,,,,,,,,,,,,,,,,,,,,,,,,,,,
OSM_MRN_amenity_telephone_4326_Point.20,POINT (8.5580928 49.4764644),telephone,Deutsche Telekom AG,Q9396,67181460,node,https://www.openstreetmap.org/node/67181460,https://learnosm.org/de/beginner/,no,,,,,,,,no,Basistelefon,yes,no,yes,,,,,,,,,,,,,,,,,,,,,,,,,,,,,,,,,,,,,,,,,,,,,,,
OSM_MRN_amenity_telephone_4326_Point.21,POINT (7.9565829 49.0525669),telephone,Deutsche Telekom AG,Q9396,71620968,node,https://www.openstreetmap.org/node/71620968,https://learnosm.org/de/beginner/,,,,,,,,,,,,,,,,,,,,,,,,,,,,,,,,,,,,,,,,,,,,,,,,,,,,,,,,,,,,
OSM_MRN_amenity_telephone_4326_Point.22,POINT (8.1399436 49.3517004),telephone,Deutsche Telekom AG,Q9396,117417957,node,https://www.openstreetmap.org/node/117417957,https://learnosm.org/de/beginner/,,,,2024-02-06,Deutsche Telekom,Q9396,,,,,,,,,,,,,,,,,,,,,,,,,,,,,,,,,,,,,,,,,,,,,,,,,,,,,,
OSM_MRN_amenity_telephone_4326_Point.23,POINT (9.4962879 49.5542479),telephone,,,165138683,node,https://www.openstreetmap.org/node/165138683,https://learnosm.org/de/beginner/,,JOSM,,,,,,,,,,,,,,,,,,,,,,,,,,,,,,,,,,,,,,,,,,,,,,,,,,,,,,,,,,
OSM_MRN_amenity_telephone_4326_Point.24,POINT (8.9866986 49.3558666),telephone,,,198828577,node,https://www.openstreetmap.org/node/198828577,https://learnosm.org/de/beginner/,,JOSM,,,,,,,,,,,,,,,,,,,,,,,,,,,,,,,,,,,,,,,,,,,,,,,,,,,,,,,,,,
OSM_MRN_amenity_telephone_4326_Point.25,POINT (8.4167707 49.5029162),telephone,Deutsche Telekom AG,,215947064,node,https://www.openstreetmap.org/node/215947064,https://learnosm.org/de/beginner/,,,,,,,,,,,,,,,,,,,,,,,,,,,,,,,,,,,,,,,,,,,,,,,,,,,,,,,,,,,,
OSM_MRN_amenity_telephone_4326_Point.26,POINT (8.2860297 49.4767247),telephone,Deutsche Telekom AG,,247369766,node,https://www.openstreetmap.org/node/247369766,https://learnosm.org/de/beginner/,,,,,,,,,,,,,,,,,,,,,,,,,,,,,,,,,,,,,,,,,,,,,,,,,,,,,,,,,,,,
OSM_MRN_amenity_telephone_4326_Point.27,POINT (8.2727709 49.0460888),telephone,Deutsche Telekom AG,Q9396,248113461,node,https://www.openstreetmap.org/node/248113461,https://learnosm.org/de/beginner/,,,,2022-11-20,,,,,booth,,,,yes,no,,,,,,,,,,,,,,,,,,,,,,,,,,,,,,,,,,,,,,,,,,,,,,
OSM_MRN_amenity_telephone_4326_Point.28,POINT (8.1341685 49.265224),telephone,Deutsche Telekom AG,Q9396,262350451,node,https://www.openstreetmap.org/node/262350451,https://learnosm.org/de/beginner/,,,,,,,,,,,,,,,,,,,,,,,,,,,,,,,,,,,,,,,,,,,,,,,,,,,,,,,,,,,,
OSM_MRN_amenity_telephone_4326_Point.29,POINT (8.4598127 49.5942106),telephone,,,267398701,node,https://www.openstreetmap.org/node/267398701,https://learnosm.org/de/beginner/,,,,,,,,,,,,,,,,,,,,,,,,,,,,,,,,,,,,,,,,,,,,,,,,,,,,,,,,,,,,
OSM_MRN_amenity_telephone_4326_Point.30,POINT (8.6917345 49.4131404),telephone,Deutsche Telekom AG,Q9396,267889560,node,https://www.openstreetmap.org/node/267889560,https://learnosm.org/de/beginner/,yes,,,2023-11-08,,,,,,,,,yes,,HiRes aerial imagery,,,,,,,,,,,,,,,,,,,,,,,,,,,,,,,,,,,,,,,,,,,,,
OSM_MRN_amenity_telephone_4326_Point.31,POINT (8.69027 49.4147347),telephone,Deutsche Telekom,,267889569,node,https://www.openstreetmap.org/node/267889569,https://learnosm.org/de/beginner/,yes,,,2023-06-26,,,,,yes,,,,yes,,,,,,,,,,,,,,,,,,,,,,,,,,,,,,,,,,,,,,,,,,,,,,,
OSM_MRN_amenity_telephone_4326_Point.32,POINT (8.3712066 49.6349699),telephone,Deutsche Telekom AG,,270781643,node,https://www.openstreetmap.org/node/270781643,https://learnosm.org/de/beginner/,,,,,,,,,,,,,,,,,,,,,,,,,,,,,,,,,,,,,,,,,,,,,,,,,,,,,,,,,,,,
OSM_MRN_amenity_telephone_4326_Point.33,POINT (8.2477538 49.3594819),telephone,Deutsche Telekom,,271104701,node,https://www.openstreetmap.org/node/271104701,https://learnosm.org/de/beginner/,,,,,,,,,,,,,,,,,,,,,,,,,,,,,,,,,,,,,,,,,,,,,,,,,,,,,,,,,,,,
OSM_MRN_amenity_telephone_4326_Point.34,POINT (8.36047 49.645722),telephone,Deutsche Telekom AG,Q9396,271330648,node,https://www.openstreetmap.org/node/271330648,https://learnosm.org/de/beginner/,,,,,Deutsche Telekom,Q9396,,,,,,,,,,,,,,,,,,,,,,,,,,,,,,,,,,,,,,,,,,,,,,,,,,,,,,
OSM_MRN_amenity_telephone_4326_Point.35,POINT (8.0200917 49.0445262),telephone,Deutsche Telekom AG,Q9396,274810462,node,https://www.openstreetmap.org/node/274810462,https://learnosm.org/de/beginner/,,,,,,,,,,,,,,,,,,,,,,,,,,,,,,,,,,,,,,,,,,,,,,,,,,,,,,,,,,,,
OSM_MRN_amenity_telephone_4326_Point.36,POINT (8.470097 49.596234),telephone,,,275563829,node,https://www.openstreetmap.org/node/275563829,https://learnosm.org/de/beginner/,,,,2021-08-25,,,,,,,,,,,,,,,,,,,,,,,,,,,,,,,,,,,,,,,,,,,,,,,,,,,,,,,,
OSM_MRN_amenity_telephone_4326_Point.37,POINT (8.5945133 49.3923393),telephone,Deutsche Telekom AG,,276024949,node,https://www.openstreetmap.org/node/276024949,https://learnosm.org/de/beginner/,,,,,,,,,,,,,,,,,,,,,,,,,,,,,,,,,,,,,,,,,,,,,,,,,,,,,,,,,,,,
OSM_MRN_amenity_telephone_4326_Point.38,POINT (8.471356 49.594875),telephone,,,277195847,node,https://www.openstreetmap.org/node/277195847,https://learnosm.org/de/beginner/,,Arktos mobile,,,,,,,,,,,,,,,,,,,,,,,,,,,,,,,,,,,,,,,,,,,,,,,,,,,,,,,,,,
OSM_MRN_amenity_telephone_4326_Point.39,POINT (8.487145 49.587105),telephone,,,277672773,node,https://www.openstreetmap.org/node/277672773,https://learnosm.org/de/beginner/,yes,,,,,,,,,,,,,,,,,,,,,,,,,,,,,,,,,,,,,,,,,,,,,,,,,,,,,,,,,,,
OSM_MRN_amenity_telephone_4326_Point.40,POINT (8.586746 49.59841),telephone,,,281949718,node,https://www.openstreetmap.org/node/281949718,https://learnosm.org/de/beginner/,,Arktos mobile,,,,,,,,,,,,,,,,,,,,,,,,,,,,,,,,,,,,,,,,,,,,,,,,,,,,,,,,,,
OSM_MRN_amenity_telephone_4326_Point.41,POINT (8.1407964 48.9814222),telephone,Deutsche Telekom,,283102053,node,https://www.openstreetmap.org/node/283102053,https://learnosm.org/de/beginner/,,,,,,,,,,,,,,,,,,,,,,,,,,,,,,,,,,,,,,,,,,,,,,,,,,,,,,,,,,,,
OSM_MRN_amenity_telephone_4326_Point.42,POINT (8.422011 49.3153608),telephone,Deutsche Telekom AG,,290505104,node,https://www.openstreetmap.org/node/290505104,https://learnosm.org/de/beginner/,,,,,,,,,,,,,,,,,,,,,,,,,,,,,,,,,,,,,,,,,,,,,,,,,,,,,,,,,,,,
OSM_MRN_amenity_telephone_4326_Point.43,POINT (8.1036304 49.1372039),telephone,Deutsche Telekom AG,Q9396,290570351,node,https://www.openstreetmap.org/node/290570351,https://learnosm.org/de/beginner/,,,,,,,,,,,,,,,,,,,,,,,,,,,,,,,,,,,,,,,,,,,,,,,,,,,,,,,,,,,,
OSM_MRN_amenity_telephone_4326_Point.44,POINT (9.022189 49.3655744),telephone,,,291446835,node,https://www.openstreetmap.org/node/291446835,https://learnosm.org/de/beginner/,,,,,,,,,,,,,,,,,,,,,,,,,,,,,,,,,,,,,,,,,,,,,,,,,,,,,,,,,,,,
OSM_MRN_amenity_telephone_4326_Point.45,POINT (8.1863655 49.0959471),telephone,Deutsche Telekom AG,Q9396,291804439,node,https://www.openstreetmap.org/node/291804439,https://learnosm.org/de/beginner/,no,,,,,,,,,,yes,,yes,,,,,,,,,,,,,,,,,,,,,,,,,,,,,,,,,,,,,,,,,,,,,,,
OSM_MRN_amenity_telephone_4326_Point.46,POINT (8.1674024 49.3714535),telephone,Deutsche Telekom,,292918738,node,https://www.openstreetmap.org/node/292918738,https://learnosm.org/de/beginner/,,,,,,,,,,,,,,,,,,,,,,,,,,,,,,,,,,,,,,,,,,,,,,,,,,,,,,,,,,,,
OSM_MRN_amenity_telephone_4326_Point.47,POINT (8.7603401 49.4178953),telephone,Deutsche Telekom AG,,294829389,node,https://www.openstreetmap.org/node/294829389,https://learnosm.org/de/beginner/,,,,2024-07-10,,,,,,,,,,,HiRes aerial imagery,622100805306,Kleingemünder Straße 33,survey,,,,,,,,,,,,,,,,,,,,,,,,,,,,,,,,,,,,,,,,,,
OSM_MRN_amenity_telephone_4326_Point.48,POINT (8.3124543 49.3605591),telephone,Deutsche Telekom AG,,295380364,node,https://www.openstreetmap.org/node/295380364,https://learnosm.org/de/beginner/,,,,,,,,,,,,,,,,,,,Noch existent? Bei Vorbeifahrt nicht gesehen.,,,,,,,,,,,,,,,,,,,,,,,,,,,,,,,,,,,,,,,,,
OSM_MRN_amenity_telephone_4326_Point.49,POINT (8.7600868 49.6238258),telephone,Deutsche Telekom AG,Q9396,298505753,node,https://www.openstreetmap.org/node/298505753,https://learnosm.org/de/beginner/,yes,,,,,,,,,,yes,,yes,,,6253000223114,,,,,,,,,,,,,,,,,,,,,,,,,,,,,,,,,,,,,,,,,,,,
OSM_MRN_amenity_telephone_4326_Point.50,POINT (8.7023328 49.5786303),telephone,Telekom,,298521367,node,https://www.openstreetmap.org/node/298521367,https://learnosm.org/de/beginner/,,,,,,,,,,,,,,,,,,,,,,,,,,,,,,,,,,,,,,,,,,,,,,,,,,,,,,,,,,,,
OSM_MRN_amenity_telephone_4326_Point.51,POINT (8.4498378 49.4723134),telephone,Deutsche Telekom AG,,300792509,node,https://www.openstreetmap.org/node/300792509,https://learnosm.org/de/beginner/,yes,,,2023-05-08,,,,,,,yes,,yes,,,,,,,,,,,,,,,,,,,,,,,,,,,,,,,,,,,,,,,,,,,,,,,
OSM_MRN_amenity_telephone_4326_Point.52,POINT (8.6876241 49.3804141),telephone,Deutsche Telekom AG,Q9396,300961046,node,https://www.openstreetmap.org/node/300961046,https://learnosm.org/de/beginner/,yes,,,2023-03-16,,,,,,,yes,,yes,,,6221/337675,Karlsruher Straße 96 / Marktplatz,,,,,,,,,,,,,,,,,,,,,,,,,,,,,,,,,,,,,,,,,,,
OSM_MRN_amenity_telephone_4326_Point.53,POINT (8.3244098 49.5590957),telephone,Deutsche Telekom AG,,302277209,node,https://www.openstreetmap.org/node/302277209,https://learnosm.org/de/beginner/,,,,,,,,,,,,,,,,,,,,,,,,,,,,,,,,,,,,,,,,,,,,,,,,,,,,,,,,,,,,
OSM_MRN_amenity_telephone_4326_Point.54,POINT (8.7147489 49.6157943),telephone,Deutsche Telekom AG,Q9396,303625075,node,https://www.openstreetmap.org/node/303625075,https://learnosm.org/de/beginner/,,,,,,,,,,,,,,,,,,,,,,,,,,,,,,,,,,,,,,,,,,,,,,,,,,,,,,,,,,,,
OSM_MRN_amenity_telephone_4326_Point.55,POINT (8.6767013 49.4044978),telephone,Deutsche Telekom AG,,309414392,node,https://www.openstreetmap.org/node/309414392,https://learnosm.org/de/beginner/,no,,,2024-05-22,,,,no,,,,,,,,,,,Ist das noch aktiv? Prüfen,,,,,,,,,,,,,,,,,,,,,,,,,,,,,,,,,,,,,,,,,
OSM_MRN_amenity_telephone_4326_Point.56,POINT (8.6872044 49.4033603),telephone,Deutsche Telekom AG,,309437271,node,https://www.openstreetmap.org/node/309437271,https://learnosm.org/de/beginner/,yes,,,2024-02-27,,,,,,,,,,,,622100600306,Kaiserstraße,,,,,,,,,,,,,,,,,,,,,,,,,,,,,,,,,,,,,,,,,,,
OSM_MRN_amenity_telephone_4326_Point.57,POINT (8.7987176 49.3403283),telephone,,,311382533,node,https://www.openstreetmap.org/node/311382533,https://learnosm.org/de/beginner/,,,,,,,,,,,,,,,HiRes aerial imagery,622600078107,"Mauer, Heidelbergerstraße",,,,,,,,,,,,,,,,,,,,,,,,,,,,,,,,,,,,,,,,,,,
OSM_MRN_amenity_telephone_4326_Point.58,POINT (8.3893387 49.533528),telephone,Deutsche Telekom AG,,311973577,node,https://www.openstreetmap.org/node/311973577,https://learnosm.org/de/beginner/,,,,,,,yes,no,,,,,,,,,,,,wlan,customers,Telekom,,,,,,,,,,,,,,,,,,,,,,,,,,,,,,,,,,,,,,
OSM_MRN_amenity_telephone_4326_Point.59,POINT (9.3156696 49.4780086),telephone,Deutsche Telekom AG,,314472734,node,https://www.openstreetmap.org/node/314472734,https://learnosm.org/de/beginner/,,,,,,,,,,,,,,,,,,,,,,,,,,,,,,,,,,,,,,,,,,,,,,,,,,,,,,,,,,,,
OSM_MRN_amenity_telephone_4326_Point.60,POINT (8.6305678 49.3501655),telephone,Deutsche Telekom AG,Q9396,315315526,node,https://www.openstreetmap.org/node/315315526,https://learnosm.org/de/beginner/,yes,,,,Deutsche Telekom,Q9396,,,,,,,,,,,,,,,,,de:Deutsche Telekom,de:Deutsche Telekom,,,,,,,,,,,,,,,,,,,,,,,,,,,,,,,,,,,,
OSM_MRN_amenity_telephone_4326_Point.61,POINT (8.5913584 49.3689923),telephone,Deutsche Telekom AG,,325836442,node,https://www.openstreetmap.org/node/325836442,https://learnosm.org/de/beginner/,,,,,,,,,,,,,,,,,,,,,,,,,,,,,,,,,,,,,,,,,,,,,,,,,,,,,,,,,,,,
OSM_MRN_amenity_telephone_4326_Point.62,POINT (8.7990902 49.5660717),telephone,Deutsche Telekom AG,,335790435,node,https://www.openstreetmap.org/node/335790435,https://learnosm.org/de/beginner/,,,,,,,,,,,,,,,,,,,,,,,,,no,,,,,,,,,,,,,,,,,,,,,,,,,,,,,,,,,,,
OSM_MRN_amenity_telephone_4326_Point.63,POINT (8.6142969 49.5143043),telephone,Deutsche Telekom AG,Q9396,335951370,node,https://www.openstreetmap.org/node/335951370,https://learnosm.org/de/beginner/,yes,,,,,,,,,,,,yes,,,,,,,,,,,,,,,,,,,,,,,,,,,,,,,,,,,,,,,,,,,,,,,
OSM_MRN_amenity_telephone_4326_Point.64,POINT (8.0814578 49.1379943),telephone,Deutsche Telekom AG,Q9396,344526595,node,https://www.openstreetmap.org/node/344526595,https://learnosm.org/de/beginner/,yes,,,,,,,,,,,,,,,,,,,,,,,,,,,,,,,,,,,,,,,,,,,,,,,,,,,,,,,,,,,
OSM_MRN_amenity_telephone_4326_Point.65,POINT (8.6279196 49.6428687),telephone,Deutsche Telekom AG,Q9396,344774540,node,https://www.openstreetmap.org/node/344774540,https://learnosm.org/de/beginner/,yes,,,,,,,,,,yes,,yes,,,,,,,,,,,,,,,,,,,,,,,,,,,,,,,,,,,,,,,,,,,,,,,
OSM_MRN_amenity_telephone_4326_Point.66,POINT (8.0025268 49.1029106),telephone,Deutsche Telekom AG,Q9396,345428000,node,https://www.openstreetmap.org/node/345428000,https://learnosm.org/de/beginner/,,,,2020-10,Deutsche Telekom,Q9396,,,,TeleStation,,,,,,,,,,,,,,,,,,,,,,,,,,,,,,,,,,,,,,,,,,,,,,,,,,
OSM_MRN_amenity_telephone_4326_Point.67,POINT (8.1028128 49.1905486),telephone,Deutsche Telekom AG,Q9396,346550111,node,https://www.openstreetmap.org/node/346550111,https://learnosm.org/de/beginner/,,,,,,,,,,,,,,,,,,,,,,,,,,,,,,,,,,,,,,,,,,,,,,,,,,,,,,,,,,,,
OSM_MRN_amenity_telephone_4326_Point.68,POINT (8.6657314 49.5306362),telephone,T-Com,,352984279,node,https://www.openstreetmap.org/node/352984279,https://learnosm.org/de/beginner/,,,,,,,,,,,,,,,,,,,,,,,,,,,,,,,,,,,,,,,,,,,,,,,,,,,,,,,,,,,,
OSM_MRN_amenity_telephone_4326_Point.69,POINT (8.5686934 49.3200529),telephone,Deutsche Telekom AG,,356337278,node,https://www.openstreetmap.org/node/356337278,https://learnosm.org/de/beginner/,yes,,,2019-02,Deutsche Telekom,,,,booth,TelH90,,no,yes,,,620500005490,,,,,,,,,,TelH_90,yes,yes,yes,yes,no,yes,Raststätte Hockenheim,,,,,,,,,,,,,,,,,,,,,,,,,,,
OSM_MRN_amenity_telephone_4326_Point.70,POINT (8.3293143 49.4715872),telephone,Deutsche Telekom AG,Q9396,358441204,node,https://www.openstreetmap.org/node/358441204,https://learnosm.org/de/beginner/,yes,,,,,,,,,,,,,,,,,,,,,,,,,,,,,,,,,,,,,,,,,,,,,,,,,,,,,,,,,,,
OSM_MRN_amenity_telephone_4326_Point.71,POINT (8.620011 49.6357076),telephone,Deutsche Telekom AG,,370399119,node,https://www.openstreetmap.org/node/370399119,https://learnosm.org/de/beginner/,yes,,,,,,,,,,yes,,yes,,,,,,,,,,,,,,,,,,,,,,,,,,,,,,,,,,,,,,,,,,,,,,,
OSM_MRN_amenity_telephone_4326_Point.72,POINT (9.4847666 49.5802541),telephone,Deutsche Telekom AG,Q9396,384955604,node,https://www.openstreetmap.org/node/384955604,https://learnosm.org/de/beginner/,,,,,Deutsche Telekom,Q9396,,,,,,,,,,,,,,,,,,,,,,,,,,,,,,,,,,,,,,,,,,,,,,,,,,,,,,
OSM_MRN_amenity_telephone_4326_Point.73,POINT (8.509967 49.511978),telephone,Deutsche Telekom AG,,387800942,node,https://www.openstreetmap.org/node/387800942,https://learnosm.org/de/beginner/,yes,,,,,,,,,,,,,,,,,,,,,,,,,,,,,,,,,,,,,,,,,,,,,,,,,,,,,,,,,,,
OSM_MRN_amenity_telephone_4326_Point.74,POINT (8.5535962 49.6433356),telephone,T-Com,,399826187,node,https://www.openstreetmap.org/node/399826187,https://learnosm.org/de/beginner/,,,,,,,,,,,,,,,,,,survey,,,,,,,,,,,,,,,,,,,,,,,,,,,,,,,,,,,,,,,,,,
OSM_MRN_amenity_telephone_4326_Point.75,POINT (8.5552644 49.4629489),telephone,Deutsche Telekom AG,,403187914,node,https://www.openstreetmap.org/node/403187914,https://learnosm.org/de/beginner/,yes,,,,,,,,,,,,,,,,,,,,,,,,,,,,,,,,,,,,,,,,,,,,,,,,,,,,,,,,,,,
OSM_MRN_amenity_telephone_4326_Point.76,POINT (8.4947379 49.4300245),telephone,Deutsche Telekom AG,,410143548,node,https://www.openstreetmap.org/node/410143548,https://learnosm.org/de/beginner/,yes,,,,,,,,,,,,,,,,,,,,,,,,,,,,,,,,,,,,,,,,,,,,,,,,,,,,,,,,,,,
OSM_MRN_amenity_telephone_4326_Point.77,POINT (8.343825 49.2969677),telephone,Deutsche Telekom,,413929943,node,https://www.openstreetmap.org/node/413929943,https://learnosm.org/de/beginner/,yes,,,,,,,,,,,,,,,,,,,,,,,,,,,,,,,,,,,,,,,,,,,,,,,,,,,,,,,,,,,
OSM_MRN_amenity_telephone_4326_Point.78,POINT (8.6321617 49.3504311),telephone,Deutsche Telekom AG,Q9396,416053218,node,https://www.openstreetmap.org/node/416053218,https://learnosm.org/de/beginner/,,,,,Deutsche Telekom,Q9396,,,,,,,,,,,,,,,,,de:Deutsche Telekom,de:Deutsche Telekom,,,,,,,,,,,,,,,,,,,,,,,,,,,,,,,,,,,,
OSM_MRN_amenity_telephone_4326_Point.79,POINT (8.5868818 49.3943361),telephone,Deutsche Telekom AG,Q9396,416072033,node,https://www.openstreetmap.org/node/416072033,https://learnosm.org/de/beginner/,yes,,,,,,,,,,,,,,,,,,,,,,,,,,,,,,,,,,,,,,,,,,,,,,,,,,,,,,,,,,,
OSM_MRN_amenity_telephone_4326_Point.80,POINT (8.4241875 49.4196142),telephone,Deutsche Telekom AG,Q9396,416077685,node,https://www.openstreetmap.org/node/416077685,https://learnosm.org/de/beginner/,,,,,,,,,,,,,,,,,,,,,,,,,,,,,,,,,,,,,,,,,,,,,,,,,,,,,,,,,,,,
OSM_MRN_amenity_telephone_4326_Point.81,POINT (8.665918 49.4767903),telephone,Deutsche Telekom AG,,420356736,node,https://www.openstreetmap.org/node/420356736,https://learnosm.org/de/beginner/,yes,,,,,,,,,,,,,,,,,,,,,,,,,,,,,,,,,,,,,,,,,,,,,,,,,,,,,,,,,,,
OSM_MRN_amenity_telephone_4326_Point.82,POINT (8.5358725 49.4036565),telephone,Deutsche Telekom,,423184990,node,https://www.openstreetmap.org/node/423184990,https://learnosm.org/de/beginner/,,,,2023-04-27,,,,,,,,,,,,,,,,,,,,,,,,,,,,,,,,,,,,,,,,,,,,,,,,,,,,,,,,
OSM_MRN_amenity_telephone_4326_Point.83,POINT (8.4297154 49.3338993),telephone,Deutsche Telekom AG,,427680410,node,https://www.openstreetmap.org/node/427680410,https://learnosm.org/de/beginner/,no,,,2019-08,,,,,no,Basistelefon,,no,yes,,,,,,,no,,,,,,,,,,yes,,yes,,"Basistelefon: Zahlen nur mit Kreditkarte, Telefonkarte Comfort (teils veraltet CallingCard/T-Card genannt - keine anderen Telefonkarten!), oder R-Gespräch. Ansonsten sind Notrufe und kostenfreie Rufnummern möglich; keine SMS.",no,no,,,,,,,,,,,,,,,,,,,,,,,,
OSM_MRN_amenity_telephone_4326_Point.84,POINT (8.7058515 49.4107799),telephone,Deutsche Telekom AG,,428328606,node,https://www.openstreetmap.org/node/428328606,https://learnosm.org/de/beginner/,no,,,2025-01-04,,,,no,,,,,yes,,,622104042834,Grabengasse,,,,,,,,,,,,,,,,,,,,,,,,,,,,,,,,,,,,,,,,,,,
OSM_MRN_amenity_telephone_4326_Point.85,POINT (8.4210675 49.421304),telephone,Deutsche Telekom AG,,429302300,node,https://www.openstreetmap.org/node/429302300,https://learnosm.org/de/beginner/,,,,,,,,,,,,,,,,,,,,,,,,,,,,,,,,,,,,,,,,,,,,,,,,,,,,,,,,,,,,
OSM_MRN_amenity_telephone_4326_Point.86,POINT (8.5640911 49.53618),telephone,,,433347667,node,https://www.openstreetmap.org/node/433347667,https://learnosm.org/de/beginner/,,,,,,,,,,,,,,,,,,,,,,,,,,,,,,,,,,,,,yes,,,,,,,,,,,,,,,,,,,,,,,
OSM_MRN_amenity_telephone_4326_Point.87,POINT (8.4034735 49.521895),telephone,Deutsche Telekom,,435239412,node,https://www.openstreetmap.org/node/435239412,https://learnosm.org/de/beginner/,yes,,,,,,yes,no,,,,yes,,,,,,,,wlan,customers,Telekom,,,yes,,,,,,,,,,,,,yes,,,,,,,,,,,,,,,,,,,,,,
OSM_MRN_amenity_telephone_4326_Point.88,POINT (8.1117199 49.1997579),telephone,Deutsche Telekom AG,Q9396,441099721,node,https://www.openstreetmap.org/node/441099721,https://learnosm.org/de/beginner/,,,,2024-11-09,,,,,,,,,,,,,,,,,,,,,,,,,,,,,,,,,,,,,,,,,,,,,,,,,,,,,,,,
OSM_MRN_amenity_telephone_4326_Point.89,POINT (8.7001493 49.4096542),telephone,Deutsche Telekom AG,,444526197,node,https://www.openstreetmap.org/node/444526197,https://learnosm.org/de/beginner/,yes,,,2024-08-03,,,,,,,,,,,HiRes aerial imagery,622100021073,Märzgasse,,,,,,,,,,,,,,,,,,,,,,,,,,,,,,,,,,,,,,,,,,,
OSM_MRN_amenity_telephone_4326_Point.90,POINT (8.7548863 49.6562402),telephone,Deutsche Telekom AG,,452629264,node,https://www.openstreetmap.org/node/452629264,https://learnosm.org/de/beginner/,yes,,,,,,,,,,,,,,,625300238003,,,,,,,,,,,,,,,,,,,,,,,,,,,,,,,,,,,,,,,,,,,,
OSM_MRN_amenity_telephone_4326_Point.91,POINT (8.5467945 49.3254267),telephone,,,456149332,node,https://www.openstreetmap.org/node/456149332,https://learnosm.org/de/beginner/,,,,,,,,,,,,,,,,,,,,,,,,,,,,,,,,,,,,,,,,,,,,,,,,,,,,,,,,,,,,
OSM_MRN_amenity_telephone_4326_Point.92,POINT (8.4826609 49.454158),telephone,Deutsche Telekom AG,,462270213,node,https://www.openstreetmap.org/node/462270213,https://learnosm.org/de/beginner/,,,,,,,,,,,,,,,,,,,,,,,,,,,,,,,,,,,,,,,,,,,,,,,,,,,,,,,,,,,,
OSM_MRN_amenity_telephone_4326_Point.93,POINT (8.7572862 49.6232089),telephone,Deutsche Telekom AG,Q9396,469713836,node,https://www.openstreetmap.org/node/469713836,https://learnosm.org/de/beginner/,yes,,,,,,,,,,,,,,,625300806962,,,,,,,,,,,,,,,,,,,,,,,,,,,,,,,,,,,,,,,,,,,,
OSM_MRN_amenity_telephone_4326_Point.94,POINT (8.4510419 49.3720461),telephone,Deutsche Telekom AG,,470368590,node,https://www.openstreetmap.org/node/470368590,https://learnosm.org/de/beginner/,,,,,,,,,,,,,,,,,,,,,,,,,,,,,,,,,,,,,,,,,,,,,,,,,,,,,,,,,,,,
OSM_MRN_amenity_telephone_4326_Point.95,POINT (8.3495707 49.4394297),telephone,Deutsche Telekom AG,Q9396,475591963,node,https://www.openstreetmap.org/node/475591963,https://learnosm.org/de/beginner/,,,,,,,,,,,,,,,,,,,,,,,,,,,,,,,,,,,,,,,,,,,,,,,,,,,,,,,,,,,,
OSM_MRN_amenity_telephone_4326_Point.96,POINT (8.4689113 49.473814),telephone,Deutsche Telekom AG,,513416210,node,https://www.openstreetmap.org/node/513416210,https://learnosm.org/de/beginner/,yes,,,2024-01-01,,,,,,,no,,yes,,,,,,,,,,,,,,,,,,,,,,,,,,,,,,,,,,,,,,,,,,,,,,,
OSM_MRN_amenity_telephone_4326_Point.97,POINT (8.4845916 49.4572219),telephone,Deutsche Telekom AG,,516778106,node,https://www.openstreetmap.org/node/516778106,https://learnosm.org/de/beginner/,yes,,,,,,,,,,,,,,,,,,,,,,,,,,,,,,,,,,,,,,,,,,,,,,,,,,,,,,,,,,,
OSM_MRN_amenity_telephone_4326_Point.98,POINT (8.7749183 49.2349605),telephone,Deutsche Telekom AG,,521644788,node,https://www.openstreetmap.org/node/521644788,https://learnosm.org/de/beginner/,yes,,,,,,,,,,,,,,,,,,,,,,,,,,,,,,,,,,,,,,,,,,,,,,,,,,,,,,,,,,,
OSM_MRN_amenity_telephone_4326_Point.99,POINT (8.4932346 49.4535867),telephone,Deutsche Telekom AG,,558592503,node,https://www.openstreetmap.org/node/558592503,https://learnosm.org/de/beginner/,yes,,,2021-07-03,,,,,,,yes,,yes,,,,,,,,,,,,no,,,,,,,,,,,,,yes,,,,,,,,,,,,,,,,,,,,,,
OSM_MRN_amenity_telephone_4326_Point.100,POINT (7.9523215 49.0508618),telephone,Deutsche Telekom AG,Q9396,558856135,node,https://www.openstreetmap.org/node/558856135,https://learnosm.org/de/beginner/,,,,,,,,,,,,,,,,,,,,,,,,,,,,,,,,,,,,,,,,,,,,,,,,,,,,,,,,,,,,
OSM_MRN_amenity_telephone_4326_Point.101,POINT (8.3645137 49.5779985),telephone,Deutsche Telekom AG,Q9396,560091577,node,https://www.openstreetmap.org/node/560091577,https://learnosm.org/de/beginner/,,,,,,,yes,,,,,,,,,,,,,,,,,,,,,,,,,,,,,,,,,,,,,,,,,,,,,,,,,,,,,
OSM_MRN_amenity_telephone_4326_Point.102,POINT (8.3581671 49.5731284),telephone,Deutsche Telekom AG,Q9396,560522192,node,https://www.openstreetmap.org/node/560522192,https://learnosm.org/de/beginner/,,,,,,,,,,,,,,,,,,,,,,,,,,,,,,,,,,,,,,,,,,,,,,,,,,,,,,,,,,,,
OSM_MRN_amenity_telephone_4326_Point.103,POINT (8.1749783 49.4925911),telephone,Deutsche Telekom AG,,560592637,node,https://www.openstreetmap.org/node/560592637,https://learnosm.org/de/beginner/,,,,,,,,,,,,,,,,,,,,,,,,,,,,,,,,,,,,,,,,,,,,,,,,,,,,,,,,,,,,
OSM_MRN_amenity_telephone_4326_Point.104,POINT (8.406378 49.4621534),telephone,Deutsche Telekom AG,Q9396,572740581,node,https://www.openstreetmap.org/node/572740581,https://learnosm.org/de/beginner/,yes,,,,,,,,,,,,yes,,,,,,,,,,,,,,,,,,,,,,,,,,,,,,,,,,,,,,,,,,,,,,,
OSM_MRN_amenity_telephone_4326_Point.105,POINT (8.4907688 49.4594604),telephone,Deutsche Telekom AG,,574759564,node,https://www.openstreetmap.org/node/574759564,https://learnosm.org/de/beginner/,,,,,,,,,,,,,,,,,,,,,,,,,,,,,,,,,,,,,,,,,,,,,,,,,,,,,,,,,,,,
OSM_MRN_amenity_telephone_4326_Point.106,POINT (8.685952 49.3652999),telephone,,,582535875,node,https://www.openstreetmap.org/node/582535875,https://learnosm.org/de/beginner/,,,,2023-09-03,,,,,,,,,,,,,,,,,,,,,,,,,,,,,,,,,,,,,,,,,,,,,,,,,,,,,,,,
OSM_MRN_amenity_telephone_4326_Point.107,POINT (9.1319997 49.3183337),telephone,Deutsche Telekom AG,,600461766,node,https://www.openstreetmap.org/node/600461766,https://learnosm.org/de/beginner/,yes,,,,,,,,,,,,,,,,,,,,,,,,,,,,,,,,,,,,,,,,,,,,,,,,,,,,,,,,,,,
OSM_MRN_amenity_telephone_4326_Point.108,POINT (8.5566091 49.4806261),telephone,Deutsche Telekom AG,,601670239,node,https://www.openstreetmap.org/node/601670239,https://learnosm.org/de/beginner/,,,,,,,,,,,,,,,,,,,,,,,,,,,,,,,,,,,,,,,,,,,,,,,,,,,,,,,,,,,,
OSM_MRN_amenity_telephone_4326_Point.109,POINT (8.1171056 49.24628),telephone,Deutsche Telekom AG,Q9396,605929907,node,https://www.openstreetmap.org/node/605929907,https://learnosm.org/de/beginner/,,,,,,,,,,,,,,,,,,,,,,,,,,,,,,,,,,,,,,,,,,,,,,,,,,,,,,,,,,,,
OSM_MRN_amenity_telephone_4326_Point.110,POINT (7.9934855 49.4180097),telephone,Deutsche Telekom AG,,629099178,node,https://www.openstreetmap.org/node/629099178,https://learnosm.org/de/beginner/,no,,,2022-10-19,,,,,,,,,,,,,,,,,,,,,,,,,,,,,,,,,,,,,,,,,,,,,,,,,,,,,,,,
OSM_MRN_amenity_telephone_4326_Point.111,POINT (9.3268565 49.5196157),telephone,,,643602734,node,https://www.openstreetmap.org/node/643602734,https://learnosm.org/de/beginner/,,,,,,,,,,,,,,,,,,,,,,,,,,,,,,,,,,,,,,,,,,,,,,,,,,,,,,,,,,,,
OSM_MRN_amenity_telephone_4326_Point.112,POINT (8.4807682 49.408245),telephone,Deutsche Telekom AG,,661213244,node,https://www.openstreetmap.org/node/661213244,https://learnosm.org/de/beginner/,yes,,,,,,,,,,no,no,no,,,,,,,,,,,,no,,,,,,,,,,,,,no,,,,,,,,,,,,,,,,,,,,,,
OSM_MRN_amenity_telephone_4326_Point.113,POINT (8.6816364 49.435),telephone,,,663404553,node,https://www.openstreetmap.org/node/663404553,https://learnosm.org/de/beginner/,,,,2023-06-14,,,,,,,,,,,,,,,,,,,,,,,,,,,,,,,,,,,,,,,,,,,,,,,,,,,,,,,,
OSM_MRN_amenity_telephone_4326_Point.114,POINT (8.3842851 49.3803981),telephone,Deutsche Telekom AG,,666933091,node,https://www.openstreetmap.org/node/666933091,https://learnosm.org/de/beginner/,,,,,,,,,,,,,,,,,,,,,,,,,,,,,,,,,,,,,,,,,,,,,,,,,,,,,,,,,,,,
OSM_MRN_amenity_telephone_4326_Point.115,POINT (8.2266617 49.5404882),telephone,Deutsche Telekom AG,,672412224,node,https://www.openstreetmap.org/node/672412224,https://learnosm.org/de/beginner/,yes,,,,,,,,,,,,,,,,,,,,,,,,,,,,,,,,,,,,,,,,,,,,,,,,,,,,,,,,,,,
OSM_MRN_amenity_telephone_4326_Point.116,POINT (8.322084 49.5876789),telephone,Deutsche Telekom AG,,683857964,node,https://www.openstreetmap.org/node/683857964,https://learnosm.org/de/beginner/,,,,,,,,,,,,,,,,,,,,,,,,,,,,,,,,,,,,,,,,,,,,,,,,,,,,,,,,,,,,
OSM_MRN_amenity_telephone_4326_Point.117,POINT (8.1765729 49.439631),telephone,Deutsche Telekom AG,,692830595,node,https://www.openstreetmap.org/node/692830595,https://learnosm.org/de/beginner/,,,,,,,,,,,,,,,,,,local knowledge,,,,,,,,,,,,,,,,,,,,,,,,,,,,,,,,,,,,,,,,,,
OSM_MRN_amenity_telephone_4326_Point.118,POINT (8.1636121 49.1904982),telephone,Deutsche Telekom AG,,701704190,node,https://www.openstreetmap.org/node/701704190,https://learnosm.org/de/beginner/,,,,,,,,,,,,,,,,,,,,,,,,,,,,,,,,,,,,,,,,,,,,,,,,,,,,,,,,,,,,
OSM_MRN_amenity_telephone_4326_Point.119,POINT (8.4310141 49.3039069),telephone,Deutsche Telekom AG,,734395560,node,https://www.openstreetmap.org/node/734395560,https://learnosm.org/de/beginner/,,,,,,,,,,,,,,,,,,,,,,,,,,,,,,,,,,,,,,,,,,,,,,,,,,,,,,,,,,,,
OSM_MRN_amenity_telephone_4326_Point.120,POINT (8.534372 49.3950672),telephone,Deutsche Telekom,,747610342,node,https://www.openstreetmap.org/node/747610342,https://learnosm.org/de/beginner/,yes,,,,,,,,,,,,yes,,,,,,,,,,,,,,,,,,,,,,,,,,,,,,,,,,,,,,,,,,,,,,,
OSM_MRN_amenity_telephone_4326_Point.121,POINT (8.1165052 49.0659794),telephone,Deutsche Telekom AG,Q9396,749771398,node,https://www.openstreetmap.org/node/749771398,https://learnosm.org/de/beginner/,,,,,,,,,,,,,,,,,,,,,,,,,,,,,,,,,,,,,,,,,,,,,,,,,,,,,,,,,,,,
OSM_MRN_amenity_telephone_4326_Point.122,POINT (8.1051798 49.2992123),telephone,Deutsche Telekom AG,Q9396,752588541,node,https://www.openstreetmap.org/node/752588541,https://learnosm.org/de/beginner/,,,St.Martin / Hornbrücke,2021-10-21,,,,,,,,,,,,632300704814,,,,,,,,,,,,,,,,,,,,,,,,,,,,,,,,,,,,,,,,,,,,
OSM_MRN_amenity_telephone_4326_Point.123,POINT (8.137832 49.2033345),telephone,Deutsche Telekom AG,Q9396,758788583,node,https://www.openstreetmap.org/node/758788583,https://learnosm.org/de/beginner/,yes,,,,,,,,,,,,,,,,,,,,,,,,,,,,,,,,,,,,,,,,,,,,,,,,,,,,,,,,,,,
OSM_MRN_amenity_telephone_4326_Point.124,POINT (8.6711998 49.558166),telephone,,,759914994,node,https://www.openstreetmap.org/node/759914994,https://learnosm.org/de/beginner/,,,,,,,,,no,,,,,,,,,,,,,,,,,,,,,,,,,,,,,,,,,,,,,,,,,,,,,,,,,,,
OSM_MRN_amenity_telephone_4326_Point.125,POINT (8.5390223 49.3953288),telephone,Deutsche Telekom AG,,763073313,node,https://www.openstreetmap.org/node/763073313,https://learnosm.org/de/beginner/,yes,,,,,,,,,,,,yes,,,,,,,,,,,,,,,,,,,,,,,,,,,,,,,,,,,,,,,,,,,,,,,
OSM_MRN_amenity_telephone_4326_Point.126,POINT (7.9962601 49.100575),telephone,Deutsche Telekom AG,Q9396,767906077,node,https://www.openstreetmap.org/node/767906077,https://learnosm.org/de/beginner/,,,,2022-07-26,Deutsche Telekom,Q9396,,,,,,,,,,,,,,,,,,,,,,,,,,,,,,,,,,,,,,,,,,,,,,,,,,,,,,
OSM_MRN_amenity_telephone_4326_Point.127,POINT (8.886955 49.3163135),telephone,Deutsche Telekom AG,,771264279,node,https://www.openstreetmap.org/node/771264279,https://learnosm.org/de/beginner/,,,,,,,,,,,,,yes,,,,,,,,,,,,,,,,,,,,,,,,,,,,,,,,,,,,,,,,,,,,,,,
OSM_MRN_amenity_telephone_4326_Point.128,POINT (8.2532654 49.3556568),telephone,Deutsche Telekom,,776690590,node,https://www.openstreetmap.org/node/776690590,https://learnosm.org/de/beginner/,,,,,,,,,,,,,,,,,,,,,,,,,,,,,,,,,,,,,,,,,,,,,,,,,,,,,,,,,,,,
OSM_MRN_amenity_telephone_4326_Point.129,POINT (8.5206577 49.4094799),telephone,Deutsche Telekom AG,,797449648,node,https://www.openstreetmap.org/node/797449648,https://learnosm.org/de/beginner/,,,,2023-08-19,,,,,,,,,,,,,,,,,,,,,,,,,,,,,,,,,,,,,,,,,,,,,,,,,,,,,,,,
OSM_MRN_amenity_telephone_4326_Point.130,POINT (8.7891898 49.6523746),telephone,Deutsche Telekom AG,,801080694,node,https://www.openstreetmap.org/node/801080694,https://learnosm.org/de/beginner/,,,,,,,,,,,,,,,,,,,,,,,,,,,,,,,,,,,,,,,"telefonieren über T-Card, Kreditkarte oder R-Gespräch",,,,,,,,,,,,,,,,,,,,,
OSM_MRN_amenity_telephone_4326_Point.131,POINT (8.6712036 49.3812325),telephone,Deutsche Telekom AG,Q9396,801790661,node,https://www.openstreetmap.org/node/801790661,https://learnosm.org/de/beginner/,,,,2021-03-09,,,,,,,,,,,,,,,,,,,,,,,,,,,,,,,,,,,,,,,,,,,,,,,,,,,,,,,,
OSM_MRN_amenity_telephone_4326_Point.132,POINT (8.8938384 49.2547376),telephone,,,810414309,node,https://www.openstreetmap.org/node/810414309,https://learnosm.org/de/beginner/,,,,,,,,,,,,,,,,,,,,,,,,,,,,,,,,,,,,,,,,,,,,,,,,,,,,,,,,,,,,
OSM_MRN_amenity_telephone_4326_Point.133,POINT (8.28757 49.0323322),telephone,Deutsche Telekom AG,,817525081,node,https://www.openstreetmap.org/node/817525081,https://learnosm.org/de/beginner/,,,,,,,,,,,,,,,,,,,,,,,,,,,,,,,,,,,,,,,,,,,,,,,,,,,,,,,,,,,,
OSM_MRN_amenity_telephone_4326_Point.134,POINT (8.36759 49.4361921),telephone,Deutsche Telekom AG,Q9396,823163479,node,https://www.openstreetmap.org/node/823163479,https://learnosm.org/de/beginner/,,,,,,,,,,,,,,,,,,,,,,,,,,,,,,,,,,,,,,,,,,,,,,,,,,,,,,,,,,,,
OSM_MRN_amenity_telephone_4326_Point.135,POINT (7.9948262 49.0999901),telephone,Deutsche Telekom AG,Q9396,837558193,node,https://www.openstreetmap.org/node/837558193,https://learnosm.org/de/beginner/,,,,2021-08-10,Deutsche Telekom,Q9396,,,,,,,,,,,,,,,,,,,,,,,,,,,,,,,,,,,,,,,,,,,,,,,,,,,,,,
OSM_MRN_amenity_telephone_4326_Point.136,POINT (8.5653185 49.3974942),telephone,,,847659426,node,https://www.openstreetmap.org/node/847659426,https://learnosm.org/de/beginner/,,,,,,,,,no,,,,,,,,,,,,,,,,,,,,,,,,,,,,,,,,,,,,,,,,,,,,,,,,,,,
OSM_MRN_amenity_telephone_4326_Point.137,POINT (8.1360677 49.3213281),telephone,Deutsche Telekom AG,Q9396,866630069,node,https://www.openstreetmap.org/node/866630069,https://learnosm.org/de/beginner/,yes,,,,,,,,,,,,,,,,,,Lage? Existenz?,,,,,,,,,,,,,,,,,,,,,,,,,,,,,,,,,,,,,,,,,
OSM_MRN_amenity_telephone_4326_Point.138,POINT (8.4490015 49.4793135),telephone,Deutsche Telekom AG,,876480672,node,https://www.openstreetmap.org/node/876480672,https://learnosm.org/de/beginner/,,,,2021-12-05,,,,,yes,,,,,,,,,,,,,,,,,,,,,,,,,,,,,,,,,,,,,,,,,,,,,,,,,,,
OSM_MRN_amenity_telephone_4326_Point.139,POINT (8.4717223 49.4987755),telephone,Deutsche Telekom AG,,883463110,node,https://www.openstreetmap.org/node/883463110,https://learnosm.org/de/beginner/,,,,,,,,,,,,,,,,,,,,,,,,,,,,,,,,,,,,,,,,,,,,,,,,,,,,,,,,,,,,
OSM_MRN_amenity_telephone_4326_Point.140,POINT (8.9833282 49.4628411),telephone,,,886154522,node,https://www.openstreetmap.org/node/886154522,https://learnosm.org/de/beginner/,,,,2022-06-29,,,,,,,,,,,,,,,,,,,,,,,,,,,,,,,,,,,,,,,,,,,,,,,,,,,,,,,,
OSM_MRN_amenity_telephone_4326_Point.141,POINT (8.110856 49.200898),telephone,Deutsche Telekom AG,Q9396,893116002,node,https://www.openstreetmap.org/node/893116002,https://learnosm.org/de/beginner/,yes,,,2023-05-09,,,,,,,no,no,yes,,,,,,,,,,,,,TelH_90,,,,,,,,,,,yes,,,,,,,,,,,,,,,,,,,,,,,
OSM_MRN_amenity_telephone_4326_Point.142,POINT (8.470142 49.5027008),telephone,Deutsche Telekom AG,,893277823,node,https://www.openstreetmap.org/node/893277823,https://learnosm.org/de/beginner/,,,,2023-09-25,,,,,,,,no,,,,,,,,,,,,,,,,,,,,,,,,,,,,,,,,,,,,,,,,,,,,,,,,
OSM_MRN_amenity_telephone_4326_Point.143,POINT (8.4733493 49.4848646),telephone,Deutsche Telekom AG,,908462035,node,https://www.openstreetmap.org/node/908462035,https://learnosm.org/de/beginner/,yes,,,2023-09-30,,,,,,,yes,,,,,,,,,,,,,,yes,,,,,,,,,,,,,,,yes,,,,,,,,,,,,,,,,,,,,
OSM_MRN_amenity_telephone_4326_Point.144,POINT (8.9175847 49.2165273),telephone,Deutsche Telekom AG,,913510534,node,https://www.openstreetmap.org/node/913510534,https://learnosm.org/de/beginner/,,,,,,,,,,,,,,,,,,,,,,,,,,,,,,,,,,,,,,,,,,,,,,,,,,,,,,,,,,,,
OSM_MRN_amenity_telephone_4326_Point.145,POINT (8.0748672 49.2502233),telephone,Deutsche Telekom AG,Q9396,917148792,node,https://www.openstreetmap.org/node/917148792,https://learnosm.org/de/beginner/,,,,,,,,,,,,,,,,,,,,,,,,,,,,,,,,,,,,,,,,,,,,,,,,,,,,,,,,,,,,
OSM_MRN_amenity_telephone_4326_Point.146,POINT (8.4681435 49.5002339),telephone,Rhein Neckar Phone,,923166695,node,https://www.openstreetmap.org/node/923166695,https://learnosm.org/de/beginner/,,,,,,,,,,,,,,,,,,,,,,,,,,,,,,,,,,,,,,,,,,,,,,,,,,,,,,,,,,,,
OSM_MRN_amenity_telephone_4326_Point.147,POINT (8.5648069 49.4786362),telephone,Deutsche Telekom AG,,971120520,node,https://www.openstreetmap.org/node/971120520,https://learnosm.org/de/beginner/,,,,,,,,,,,,,,,,,,,,,,,,,,,,,,,,,,,,,,,,,,,,,,,,,,,,,,,,,,,,
OSM_MRN_amenity_telephone_4326_Point.148,POINT (8.5376354 49.3172497),telephone,Deutsche Telekom AG,Q9396,979673521,node,https://www.openstreetmap.org/node/979673521,https://learnosm.org/de/beginner/,yes,,,2019-05,Deutsche Telekom,Q9396,,,yes,Telestation,,no,no,,,620503079361,,,,,,,,,,,,,,,no,,Bahnhofsvorplatz 1,,,,,,,,,,,,,,,,,,,,,,,,,,,
OSM_MRN_amenity_telephone_4326_Point.149,POINT (8.4859962 49.4765348),telephone,Deutsche Telekom AG,Q9396,1000832567,node,https://www.openstreetmap.org/node/1000832567,https://learnosm.org/de/beginner/,yes,,,2024-05-03,Deutsche Telekom,Q9396,,,yes,,yes,,yes,,,,,,,,,,de:Deutsche Telekom,de:Deutsche Telekom,no,,,,,,,,,,,,,,,,,,,,,,,,,,,,,,,,,,,
OSM_MRN_amenity_telephone_4326_Point.150,POINT (8.2522156 49.366083),telephone,Deutsche Telekom,,1003295737,node,https://www.openstreetmap.org/node/1003295737,https://learnosm.org/de/beginner/,,,,,,,,,,,,,,,,,,,,,,,,,,,,,,,,,,,,,,,,,,,,,,,,,,,,,,,,,,,,
OSM_MRN_amenity_telephone_4326_Point.151,POINT (9.131056 49.34939),telephone,,,1018170595,node,https://www.openstreetmap.org/node/1018170595,https://learnosm.org/de/beginner/,,,,,,,,,,,,,,,,,,,,,,,,,,,,,,,,,,,,,,,,,An der Jahnhalle,,,,,,,,,,,,,,,,,,,
OSM_MRN_amenity_telephone_4326_Point.152,POINT (8.0005478 49.1026552),telephone,Deutsche Telekom AG,Q9396,1026497071,node,https://www.openstreetmap.org/node/1026497071,https://learnosm.org/de/beginner/,,,,,Deutsche Telekom,Q9396,,,,,,,,,,,,,,,,,,,,,,,,,,,,,,,,,,,,,,,,,,,,,,,,,,,,,,
OSM_MRN_amenity_telephone_4326_Point.153,POINT (7.9625928 49.2027444),telephone,Deutsche Telekom AG,Q9396,1064220093,node,https://www.openstreetmap.org/node/1064220093,https://learnosm.org/de/beginner/,,,,2023-03-15,,,,,,,,,,,,,,,,,,,,,,,,,,,,,,,,,,,,,,,,,,,,,,,,,,,,,,,,
OSM_MRN_amenity_telephone_4326_Point.154,POINT (8.1174174 49.196091),telephone,Deutsche Telekom AG,Q9396,1064250437,node,https://www.openstreetmap.org/node/1064250437,https://learnosm.org/de/beginner/,,,,,,,,,,,,,,,,,,,,,,,,,,,,,,,,,,,,,,,,,,,,,,,,,,,,,,,,,,,,
OSM_MRN_amenity_telephone_4326_Point.155,POINT (8.1133934 49.1974609),telephone,Deutsche Telekom AG,Q9396,1064250441,node,https://www.openstreetmap.org/node/1064250441,https://learnosm.org/de/beginner/,,,,2023-10-17,,,,,,,,,,,,,,,,,,,,,,,,,,,,,,,,,,,,,,,,,,,,,,,,,,,,,,,,
OSM_MRN_amenity_telephone_4326_Point.156,POINT (8.1075819 49.1956576),telephone,Deutsche Telekom AG,Q9396,1064250449,node,https://www.openstreetmap.org/node/1064250449,https://learnosm.org/de/beginner/,,,,2024-02-19,Deutsche Telekom,Q9396,,,,,,,,,,,,,,,,,,,,,,,,,,,,,,,,,,,,,,,,,,,,,,,,,,,,,,
OSM_MRN_amenity_telephone_4326_Point.157,POINT (8.6220722 49.6805381),telephone,,,1080923455,node,https://www.openstreetmap.org/node/1080923455,https://learnosm.org/de/beginner/,,,,,,,,,,,,,,,,,,,,,,,,,,,,,,,,,,,,,,,,,,,,,,,,,,,,,,,,,,,,
OSM_MRN_amenity_telephone_4326_Point.158,POINT (8.4817165 49.4548556),telephone,Deutsche Telekom AG,,1089629232,node,https://www.openstreetmap.org/node/1089629232,https://learnosm.org/de/beginner/,yes,,,2021-06-02,,,,,booth,,,,,,,,,,,,,,,,,,,,,,,,,,,,,,,,,,,,,,,,,,,,,,,,,,,
OSM_MRN_amenity_telephone_4326_Point.159,POINT (8.3511124 49.4427009),telephone,Deutsche Telekom AG,Q9396,1119804650,node,https://www.openstreetmap.org/node/1119804650,https://learnosm.org/de/beginner/,,,,,,,,,,,,,,,,,,,,,,,,,,,,,,,,,,,,,,,,,,,,,,,,,,,,,,,,,,,,
OSM_MRN_amenity_telephone_4326_Point.160,POINT (8.7199077 49.5785854),telephone,Telekom,,1139500358,node,https://www.openstreetmap.org/node/1139500358,https://learnosm.org/de/beginner/,,,,,,,,,,,,,,,,,,,,,,,,,,,,,,,,,,,,,,,,,,,,,,,,,,,,,,,,,,,,
OSM_MRN_amenity_telephone_4326_Point.161,POINT (8.2775246 49.1959527),telephone,Deutsche Telekom AG,Q9396,1161622447,node,https://www.openstreetmap.org/node/1161622447,https://learnosm.org/de/beginner/,,,,,,,,,,,,,yes,,,,,,,,,,,,,,,,,,,,,,,,,yes,,,,,,,,,,,,,,,,,,,,,,
OSM_MRN_amenity_telephone_4326_Point.162,POINT (8.276937 49.1913034),telephone,Deutsche Telekom AG,Q9396,1161658284,node,https://www.openstreetmap.org/node/1161658284,https://learnosm.org/de/beginner/,,,,,,,,,,,,,,,,,,,,,,,,,,,,,,,,,,,,,,,,,,,,,,,,,,,,,,,,,,,,
OSM_MRN_amenity_telephone_4326_Point.163,POINT (8.2866833 49.1980989),telephone,Deutsche Telekom AG,Q9396,1175004527,node,https://www.openstreetmap.org/node/1175004527,https://learnosm.org/de/beginner/,,,,,,,,,,,,,yes,,,,,,,,,,,,,,,,,,,,,,,,,,,,,Postgrabenstraße,,,,,,,,,,,,,,,,,,
OSM_MRN_amenity_telephone_4326_Point.164,POINT (8.4780798 49.5444548),telephone,,,1175822373,node,https://www.openstreetmap.org/node/1175822373,https://learnosm.org/de/beginner/,,,,,,,,,yes,,,,,,,,,survey,,,,,,,,,,,,,,,,,,,,,,,,,,,,,,,,,,,,,,,,,,
OSM_MRN_amenity_telephone_4326_Point.165,POINT (8.4803192 49.5252598),telephone,Deutsche Telekom AG,,1180621479,node,https://www.openstreetmap.org/node/1180621479,https://learnosm.org/de/beginner/,,,,,,,,,booth,,,,,,,,,,,,,,,,,,,,,,,,,,,,,,,,,,,,,,,,,,,,,,,,,,,
OSM_MRN_amenity_telephone_4326_Point.166,POINT (8.4701153 49.4931201),telephone,Deutsche Telekom AG,,1181499219,node,https://www.openstreetmap.org/node/1181499219,https://learnosm.org/de/beginner/,,,,2024-06-14,,,,,yes,,,,,,,,,,,,,,,,,,,,,,,,,,,,,,,,,,,,,,,,,,,,,,,,,,,
OSM_MRN_amenity_telephone_4326_Point.167,POINT (8.8756229 49.2060817),telephone,,,1223288021,node,https://www.openstreetmap.org/node/1223288021,https://learnosm.org/de/beginner/,,,,,,,,,booth,,,,,,,,,,,,,,,,,,,,,,,,,,,,,,,,,,,,,,,,,,,,,,,,,,,
OSM_MRN_amenity_telephone_4326_Point.168,POINT (8.7989504 49.6553022),telephone,Deutsche Telekom AG,,1271473632,node,https://www.openstreetmap.org/node/1271473632,https://learnosm.org/de/beginner/,yes,,,,,,,,,,,,,,,625300930732,,,,,,,,,,,,,,,,,,,,,,,,,,,,,,,,,,,,,,,,,,,,
OSM_MRN_amenity_telephone_4326_Point.169,POINT (8.3725481 49.4946903),telephone,Deutsche Telekom AG,,1277396195,node,https://www.openstreetmap.org/node/1277396195,https://learnosm.org/de/beginner/,,,,,,,,,,,,,,,,,,,,,,,,,,,,,,,,,,,,,,,,,,,,,,,,,,,,,,,,,,,,
OSM_MRN_amenity_telephone_4326_Point.170,POINT (8.457251 49.4940978),telephone,Rhein Neckar Phone,,1282933494,node,https://www.openstreetmap.org/node/1282933494,https://learnosm.org/de/beginner/,yes,,,,,,,,,,,,,,,,,,,,,,,,,,,,,,,,,,,,,,,,,,,,,,,,,,,,,,,,,,,
OSM_MRN_amenity_telephone_4326_Point.171,POINT (8.4959121 49.4819151),telephone,,,1296616725,node,https://www.openstreetmap.org/node/1296616725,https://learnosm.org/de/beginner/,yes,,,,,,,,,,,,,,,,,,,,,,,,,,,,,,,,,,,,,,,,,,,,,,,,,,,,,,,,,,,
OSM_MRN_amenity_telephone_4326_Point.172,POINT (8.1825659 49.5839158),telephone,Deutsche Telekom AG,,1296884727,node,https://www.openstreetmap.org/node/1296884727,https://learnosm.org/de/beginner/,,,,,,,,,,,,,,,,,,,,,,,,,,,,,,,,,,,,,,,,,,,,,,,,,,,,,,,,,,,,
OSM_MRN_amenity_telephone_4326_Point.173,POINT (8.6074732 49.6830317),telephone,Deutsche Telekom AG,Q9396,1300103947,node,https://www.openstreetmap.org/node/1300103947,https://learnosm.org/de/beginner/,yes,,,,,,,,,,yes,,yes,,,,,,,,,,,,,,,,,,,,,,,,,,,,,,,,,,,,,,,,,,,,,,,
OSM_MRN_amenity_telephone_4326_Point.174,POINT (8.6157469 49.6804624),telephone,Deutsche Telekom AG,Q9396,1305100842,node,https://www.openstreetmap.org/node/1305100842,https://learnosm.org/de/beginner/,yes,,,,Deutsche Telekom,Q9396,,,,,yes,,yes,,,625100987218,,,,,,,,,,,,,,,,,,,,,,,,,,,,,,,,,,,,,,,,,,,,
OSM_MRN_amenity_telephone_4326_Point.175,POINT (8.3432123 49.3158475),telephone,Deutsche Telekom AG,,1309593245,node,https://www.openstreetmap.org/node/1309593245,https://learnosm.org/de/beginner/,,,,,,,,,,,,,,,,,,,,,,,,,,,,,,,,,,,,,,,,,,,,,,,,,,,,,,,,,,,,
OSM_MRN_amenity_telephone_4326_Point.176,POINT (8.6134602 49.6868071),telephone,Deutsche Telekom AG,Q9396,1320785353,node,https://www.openstreetmap.org/node/1320785353,https://learnosm.org/de/beginner/,yes,,,,,,,,,,yes,no,yes,,,,,,,,,,,,,,,,,,,,,,,,,,,,,,,,,,,,,,,,,,,,,,,
OSM_MRN_amenity_telephone_4326_Point.177,POINT (8.3416138 49.4095439),telephone,Deutsche Telekom AG,Q9396,1327318762,node,https://www.openstreetmap.org/node/1327318762,https://learnosm.org/de/beginner/,,,,,,,,,,,,,,,,,,,,,,,,,,,,,,,,,,,,,,,,,,,,,,,,,,,,,,,,,,,,
OSM_MRN_amenity_telephone_4326_Point.178,POINT (8.6335982 49.634031),telephone,,,1337931049,node,https://www.openstreetmap.org/node/1337931049,https://learnosm.org/de/beginner/,,,,,,,,,,,,,,,,,,,,,,,,,,,,,,,,,,,,,,,,,,,,,,,,,,,,,,,,,,,,
OSM_MRN_amenity_telephone_4326_Point.179,POINT (8.3107257 49.4321454),telephone,Deutsche Telekom AG,Q9396,1338144292,node,https://www.openstreetmap.org/node/1338144292,https://learnosm.org/de/beginner/,yes,,,,,,,,,,,,,,,,,,,,,,,,,,,,,,,,,,,,,,,,,,,,,,,,,,,,,,,,,,,
OSM_MRN_amenity_telephone_4326_Point.180,POINT (8.4831057 49.4550588),telephone,,,1352352294,node,https://www.openstreetmap.org/node/1352352294,https://learnosm.org/de/beginner/,,,,,,,,,,,,,,,,,,,,,,,,,,,,,,,,,,,,,,,,,,,,,,,,,,,,,,,,,,,,
OSM_MRN_amenity_telephone_4326_Point.181,POINT (8.7539554 49.4702836),telephone,Deutsche Telekom AG,Q9396,1356931658,node,https://www.openstreetmap.org/node/1356931658,https://learnosm.org/de/beginner/,yes,,,,Deutsche Telekom,Q9396,,,,,,no,no,,,622000005180,,,,,,,,,,,,,,,,,,,,,,no,,,,,,,,,,,,,,,,,,,,,,
OSM_MRN_amenity_telephone_4326_Point.182,POINT (8.347147 49.5277267),telephone,Deutsche Telekom AG,,1370924747,node,https://www.openstreetmap.org/node/1370924747,https://learnosm.org/de/beginner/,,,,,,,,,,,,,,,,,,local konowledge,,,,,,,,,,,,,,,,,,,,,,,,,,,,,,,,,,,,,,,,,,
OSM_MRN_amenity_telephone_4326_Point.183,POINT (8.5656907 49.6586071),telephone,Deutsche Telekom AG,Q9396,1382676072,node,https://www.openstreetmap.org/node/1382676072,https://learnosm.org/de/beginner/,yes,,,,Deutsche Telekom,Q9396,,,,,,,yes,,,,,,,,,,,,,,,,,,,,,,,,,,,,,,,,,,,,,,,,,,,,,,,
OSM_MRN_amenity_telephone_4326_Point.184,POINT (8.473076 49.481815),telephone,Deutsche Telekom AG,,1396229876,node,https://www.openstreetmap.org/node/1396229876,https://learnosm.org/de/beginner/,yes,,,2023-04-20,,,,,roof,,,,no,,,,,,,,,,,,,,,,,,,,,,,,,,,,,,,,,,,,,,,,,,,,,,,
OSM_MRN_amenity_telephone_4326_Point.185,POINT (8.4726425 49.4818812),telephone,Deutsche Telekom AG,,1396229877,node,https://www.openstreetmap.org/node/1396229877,https://learnosm.org/de/beginner/,yes,,2 Telefonzellen nebeneinander,2022-01-08,,,,,roof,,,,no,,,,,,,,,,,,,,,,,,,,,,,,,,,,,,,,,,,,,,,,,,,,,,,
OSM_MRN_amenity_telephone_4326_Point.186,POINT (8.6170069 49.6885258),telephone,Deutsche Telekom AG,Q9396,1418585256,node,https://www.openstreetmap.org/node/1418585256,https://learnosm.org/de/beginner/,yes,,,,,,,,,,yes,no,yes,,,,,,,,,,,,,,,,,,,,,,,,,,,,,,,,,,,,,,,,,,,,,,,
OSM_MRN_amenity_telephone_4326_Point.187,POINT (8.4613209 49.488735),telephone,,,1435351267,node,https://www.openstreetmap.org/node/1435351267,https://learnosm.org/de/beginner/,,,,2024-11-29,,,,,,,,,,,,,,,,,,,,,,,,,,,,,,,,,,,,,,,Öffentliches Telefon (Telekom),,,,,,,,,,,,,,,,,
OSM_MRN_amenity_telephone_4326_Point.188,POINT (8.6140476 49.6836095),telephone,Deutsche Telekom AG,Q9396,1437607304,node,https://www.openstreetmap.org/node/1437607304,https://learnosm.org/de/beginner/,yes,,,,Deutsche Telekom,Q9396,,,,,,,yes,,,,,,,,,,,,,,,,,,,,,,,,,,,,,,,+49 6251 00680957,,,,,,,,,,,,,,,,
OSM_MRN_amenity_telephone_4326_Point.189,POINT (8.4667602 49.488286),telephone,Deutsche Telekom AG,,1451956676,node,https://www.openstreetmap.org/node/1451956676,https://learnosm.org/de/beginner/,yes,,,2024-02-05,,,,,,,yes,,yes,,,,,,,,,,,,,,,,,,,,,,,,,,,yes,,,,,,,,,,,,,,,,,,,,
OSM_MRN_amenity_telephone_4326_Point.190,POINT (8.4704991 49.4862371),telephone,,,1451956679,node,https://www.openstreetmap.org/node/1451956679,https://learnosm.org/de/beginner/,,,,2023-10-22,,,,,,,,,,,,,,,,,,,,,,,,,,,,,,,,,,,,,,,,,,,,,,,,,,,,,,,,
OSM_MRN_amenity_telephone_4326_Point.191,POINT (8.6218645 49.6837827),telephone,,,1452982862,node,https://www.openstreetmap.org/node/1452982862,https://learnosm.org/de/beginner/,yes,,,,,,,,,,,,,,,,,,,,,,,,,,,,,,,,,,,,,,,,,,,+49 6251 00845569,,,,,,,,,,,,,,,,
OSM_MRN_amenity_telephone_4326_Point.192,POINT (8.4289078 49.4629188),telephone,,,1461965590,node,https://www.openstreetmap.org/node/1461965590,https://learnosm.org/de/beginner/,,,,2022-08-24,,,,,,,,,,,,,,,,,,,,,,,,,,,,,,,,,,,,,,,,,,,,,,,,,,,,,,,,
OSM_MRN_amenity_telephone_4326_Point.193,POINT (8.4011213 49.2891628),telephone,,,1467584219,node,https://www.openstreetmap.org/node/1467584219,https://learnosm.org/de/beginner/,,,,,,,,,,,,,,,,,,,,,,,,,,,,,,,,,,,,,,,,,,,,,,,,,,,,,,,,,,,,
OSM_MRN_amenity_telephone_4326_Point.194,POINT (8.4902027 49.4536421),telephone,Deutsche Telekom AG,,1468810891,node,https://www.openstreetmap.org/node/1468810891,https://learnosm.org/de/beginner/,yes,,,2021-07-03,,,,,,,,,,,,,,,,,,,,,,,,,,,,,,,,,,,,,,,,,,,,,,,,,,,,,,,,
OSM_MRN_amenity_telephone_4326_Point.195,POINT (8.5738437 49.2947365),telephone,Deutsche Telekom,,1501271316,node,https://www.openstreetmap.org/node/1501271316,https://learnosm.org/de/beginner/,,,,,,,,,,,,,,,,,,,,,,,,,,,,,,,,,,,,,,,,,,,,,,,,,,,,,,,,,,,,
OSM_MRN_amenity_telephone_4326_Point.196,POINT (8.5062983 49.5073153),telephone,Telekom,,1528659640,node,https://www.openstreetmap.org/node/1528659640,https://learnosm.org/de/beginner/,,,,2021-05-16,,,,,,,,,,,,,,,,,,,,,,,,,,,,,,,,,,,,,,,,,,,,,,,,,,,,,,,,
OSM_MRN_amenity_telephone_4326_Point.197,POINT (8.4716546 49.4854788),telephone,Telekom,,1565664122,node,https://www.openstreetmap.org/node/1565664122,https://learnosm.org/de/beginner/,no,,,2024-02-05,,,,,,,,,,,,,,,,,,,,,,,,,,,,,,,,,,,,,,,,,,,,,,,,,,,,,,,,
OSM_MRN_amenity_telephone_4326_Point.198,POINT (8.4671263 49.4922533),telephone,Deutsche Telekom AG,,1568954594,node,https://www.openstreetmap.org/node/1568954594,https://learnosm.org/de/beginner/,yes,,,2021-10-31,,,yes,no,yes,,,,,,,,,,,,,,,,,,,,,,,,,,,,,,,,,,,,,,,,,,,,,,,,,,,
OSM_MRN_amenity_telephone_4326_Point.199,POINT (8.5276989 49.433209),telephone,Deutsche Telekom AG,,1581429901,node,https://www.openstreetmap.org/node/1581429901,https://learnosm.org/de/beginner/,yes,,,2022-02-13,,,,,,,yes,,,,,,,,,,,,,,,,,,,,,,,,,,,,,,,,,,,,,,,,,,,,,,,,,
OSM_MRN_amenity_telephone_4326_Point.200,POINT (8.4884877 49.527697),telephone,Deutsche Telekom AG,Q9396,1596026511,node,https://www.openstreetmap.org/node/1596026511,https://learnosm.org/de/beginner/,yes,,,2021-01-27,,,,,,,yes,,yes,,,,,,,,,,,,,,,,,,,,,,,,,,,,,,,,,,,,,,,,,,,,,,,
OSM_MRN_amenity_telephone_4326_Point.201,POINT (8.491654 49.4527311),telephone,Deutsche Telekom AG,,1596743785,node,https://www.openstreetmap.org/node/1596743785,https://learnosm.org/de/beginner/,yes,,,2022-08-03,,,,,,,,,,,,,,,,,,,,,,,,,,,,,,,,,,,,,,,,,,,,,,,,,,,,,,,,
OSM_MRN_amenity_telephone_4326_Point.202,POINT (8.4944276 49.5004185),telephone,Deutsche Telekom AG,,1603212351,node,https://www.openstreetmap.org/node/1603212351,https://learnosm.org/de/beginner/,yes,,,,,,,,,,yes,,,,,,,,,,,,,,,,,,,,,,,,,,,yes,,,,,,,,,,,,,,,,,,,,,,
OSM_MRN_amenity_telephone_4326_Point.203,POINT (9.1270059 49.3399849),telephone,,,1606633201,node,https://www.openstreetmap.org/node/1606633201,https://learnosm.org/de/beginner/,,,,,,,,,,,,,,,,,,,,,,,,,,,,,,,,,,,,,,,,,,,,,,,,,,,,,,,,,,,,
OSM_MRN_amenity_telephone_4326_Point.204,POINT (8.4773522 49.4977081),telephone,Deutsche Telekom AG,,1607438754,node,https://www.openstreetmap.org/node/1607438754,https://learnosm.org/de/beginner/,yes,,,,,,,,,,,,,,,,,,,,,,,,,,,,,,,,,,,,,,,,,,,,,,,,,,,,,,,,,,,
OSM_MRN_amenity_telephone_4326_Point.205,POINT (8.4716051 49.4986467),telephone,Deutsche Telekom AG,,1610788897,node,https://www.openstreetmap.org/node/1610788897,https://learnosm.org/de/beginner/,yes,,,,,,,,,,yes,,yes,,,,,,,,,,,,no,,,,,,,,,,,,,yes,,,,,,,,,,,,,,,,,,,,,,
OSM_MRN_amenity_telephone_4326_Point.206,POINT (8.4654435 49.5023098),telephone,Deutsche Telekom AG,,1614061266,node,https://www.openstreetmap.org/node/1614061266,https://learnosm.org/de/beginner/,yes,,,,,,,,,,yes,,yes,,,,,,,,,,,,,,,,,,,,,,,,,,,,,,,,,,,,,,,,,,,,,,,
OSM_MRN_amenity_telephone_4326_Point.207,POINT (8.4679954 49.4760708),telephone,,,1614707942,node,https://www.openstreetmap.org/node/1614707942,https://learnosm.org/de/beginner/,yes,,,2024-01-01,,,,,,,yes,,yes,,,,,,,,,,,,,,,,,,,,,,,,,,,,,,,,,,,,,,,,,,,,,,,
OSM_MRN_amenity_telephone_4326_Point.208,POINT (8.482409 49.4788255),telephone,Deutsche Telekom AG,,1617385444,node,https://www.openstreetmap.org/node/1617385444,https://learnosm.org/de/beginner/,yes,,,2024-05-03,,,,,,,yes,,yes,,,,,,,,,,,,,,,,,,,,,,,,,,,,,,,,+49 621 44528915,,,,,,,,,,,,,,,
OSM_MRN_amenity_telephone_4326_Point.209,POINT (8.645032 49.6749872),telephone,,,1648292412,node,https://www.openstreetmap.org/node/1648292412,https://learnosm.org/de/beginner/,,,,,,,,,,,,,,,,,,,,,,,,,,,,,,,,,,,,,,,,,,,,,,,,,,,,,,,,,,,,
OSM_MRN_amenity_telephone_4326_Point.210,POINT (8.0162187 49.3531165),telephone,Deutsche Telekom AG,Q9396,1650387443,node,https://www.openstreetmap.org/node/1650387443,https://learnosm.org/de/beginner/,,,,,,,,,no,,,,,,,,,,,,,,,,,,,,,,,,,,,,,,,,,,,,,,,,,,,,,,,,,,,
OSM_MRN_amenity_telephone_4326_Point.211,POINT (8.4959237 49.4485099),telephone,Deutsche Telekom AG,,1651291106,node,https://www.openstreetmap.org/node/1651291106,https://learnosm.org/de/beginner/,yes,,,,,,,,,,yes,,yes,,,,,,,,,,,,,,,,,,,,,,,,,,,,,,,,,,,,,,,,,,,,,,,
OSM_MRN_amenity_telephone_4326_Point.212,POINT (8.472417 49.4969457),telephone,Deutsche Telekom AG,,1651952624,node,https://www.openstreetmap.org/node/1651952624,https://learnosm.org/de/beginner/,yes,,,2024-04-07,,,,,,,yes,,yes,,,,,,,,,,,,,,,,,,,,,,,,,no,,,,,,,,,,,,,,,,,,,,,,
OSM_MRN_amenity_telephone_4326_Point.213,POINT (8.4026416 49.6536876),telephone,,,1659081698,node,https://www.openstreetmap.org/node/1659081698,https://learnosm.org/de/beginner/,,,,,,,,,,,,,,,,,,,,,,,,,,,,,,,,,,,,,,,,,,,,,,,,,,,,,,,,,,,,
OSM_MRN_amenity_telephone_4326_Point.214,POINT (8.2549356 49.3718542),telephone,Deutsche Telekom,,1664196932,node,https://www.openstreetmap.org/node/1664196932,https://learnosm.org/de/beginner/,,,,2023-09-14,,,,,,,,,,,,,,,,,,,,,,,,,,,,,,,,,,,,,,,,,,,,,,,,,,,,,,,,
OSM_MRN_amenity_telephone_4326_Point.215,POINT (8.5227383 49.4460094),telephone,Deutsche Telekom AG,Q9396,1681213337,node,https://www.openstreetmap.org/node/1681213337,https://learnosm.org/de/beginner/,yes,,,,Deutsche Telekom,Q9396,,,,,,,,,,,,,,,,,,,,,,,,,,,,,,,,,,,,,,,,,,,,,,,,,,,,,,
OSM_MRN_amenity_telephone_4326_Point.216,POINT (8.4806846 49.4770651),telephone,Deutsche Telekom AG,,1704372355,node,https://www.openstreetmap.org/node/1704372355,https://learnosm.org/de/beginner/,,,,2022-10-16,,,,,,,,,,,,,,,,,,,,,,,,,,,,,,,,,,,,,,,,,,,,,,,,,,,,,,,,
OSM_MRN_amenity_telephone_4326_Point.217,POINT (8.5168484 49.5073717),telephone,Deutsche Telekom AG,,1721478971,node,https://www.openstreetmap.org/node/1721478971,https://learnosm.org/de/beginner/,,,,,,,,,,,,,,,,,,,,,,,,,,,,,,,,,,,,,,,,,,,,,,,,,,,,,,,,,,,,
OSM_MRN_amenity_telephone_4326_Point.218,POINT (8.2009623 49.3296587),telephone,Deutsche Telekom AG,Q9396,1766336979,node,https://www.openstreetmap.org/node/1766336979,https://learnosm.org/de/beginner/,,,,2020-05-26,,,,,no,,,,,,,,,,,,,,,,,,,,,,,,,,,,,,,,,,,,,no,pole,,,,,,,,,,,,,
OSM_MRN_amenity_telephone_4326_Point.219,POINT (8.3271133 49.1663505),telephone,,,1773864581,node,https://www.openstreetmap.org/node/1773864581,https://learnosm.org/de/beginner/,,,,,,,,,,,,,,,,,,,,,,,,,,,,,,,,,,,,,,,,,,,,,,,,,,,,,,,,,,,,
OSM_MRN_amenity_telephone_4326_Point.220,POINT (8.5274977 49.435768),telephone,Deutsche Telekom AG,,1776803259,node,https://www.openstreetmap.org/node/1776803259,https://learnosm.org/de/beginner/,yes,,,,,,,,,,,,,,,,,,,,,,,,,,,,,,,,,,,,,,,,,,,,,,,,,,,,,,,,,,,
OSM_MRN_amenity_telephone_4326_Point.221,POINT (8.4440308 49.4753074),telephone,Tele-Contact,,1796682202,node,https://www.openstreetmap.org/node/1796682202,https://learnosm.org/de/beginner/,yes,,,2023-01-02,,,,,,,,,,,,,,,,,,,,,,,,,,,,,,,,,,,,,,,,,,,,,,,,,,,,,,,,
OSM_MRN_amenity_telephone_4326_Point.222,POINT (8.4346854 49.4685231),telephone,Telecontact,,1811035761,node,https://www.openstreetmap.org/node/1811035761,https://learnosm.org/de/beginner/,yes,,,,,,,,,,,,,,,,,,,,,,,,,,,,,,,,,,,,,,,,,,,,,,,,,,,,,,,,,,,
OSM_MRN_amenity_telephone_4326_Point.223,POINT (8.6125372 49.6760503),telephone,Deutsche Telekom AG,Q9396,1815198537,node,https://www.openstreetmap.org/node/1815198537,https://learnosm.org/de/beginner/,yes,,,,Deutsche Telekom,Q9396,,,,,,,,,,025100105640,,,,,,,,,,,,,,,,,,,,,,,,,,,,,,,,,,,,,,,,,,,,
OSM_MRN_amenity_telephone_4326_Point.224,POINT (8.4068543 49.4688154),telephone,Deutsche Telekom AG,,1818704085,node,https://www.openstreetmap.org/node/1818704085,https://learnosm.org/de/beginner/,yes,,,,,,,,,,,,,,,,,,,,,,,,,,,,,,,,,,,,,,,,,,,,,,,,,,,,,,,,,,,
OSM_MRN_amenity_telephone_4326_Point.225,POINT (9.358286 49.5851911),telephone,,,1827954470,node,https://www.openstreetmap.org/node/1827954470,https://learnosm.org/de/beginner/,,,,,,,,,,,,,,,,,,,,,,,,,,,,,,,,,,,,,,,,,,,,,,,,,,,,,,,,,,,,
OSM_MRN_amenity_telephone_4326_Point.226,POINT (9.3654566 49.57896),telephone,,,1828313986,node,https://www.openstreetmap.org/node/1828313986,https://learnosm.org/de/beginner/,,,,,,,,,,,,,,,,,,,,,,,,,,,,,,,,,,,,,,,,,,,,,,,,,,,,,,,,,,,,
OSM_MRN_amenity_telephone_4326_Point.227,POINT (8.5976091 49.4692749),telephone,Deutsche Telekom,,1835040038,node,https://www.openstreetmap.org/node/1835040038,https://learnosm.org/de/beginner/,yes,,,,,,,,,,,,,,,,,,,,,,,,,,,,,,,,,,,,,,,,,,,,,,,,,,,,,,,,,,,
OSM_MRN_amenity_telephone_4326_Point.228,POINT (8.5722136 49.4384229),telephone,Deutsche Telekom AG,,1838080973,node,https://www.openstreetmap.org/node/1838080973,https://learnosm.org/de/beginner/,yes,,,,,,,,,,yes,,,,,,,,,,,,,,,,,,,,,,,,,,,yes,,,,,,,,,,,,,,,,,,,,,,
OSM_MRN_amenity_telephone_4326_Point.229,POINT (8.6088514 49.505136),telephone,Deutsche Telekom AG,Q9396,1843824262,node,https://www.openstreetmap.org/node/1843824262,https://learnosm.org/de/beginner/,,,,,,,,,,,,,,,,,,,,,,,,,,,,,,,,,,,,,,,,,,,,,,,,,,,,,,,,,,,,
OSM_MRN_amenity_telephone_4326_Point.230,POINT (8.9806944 49.243907),telephone,Deutsche Telekom AG,,1845761825,node,https://www.openstreetmap.org/node/1845761825,https://learnosm.org/de/beginner/,,,,,,,,,,,,,,,,,,,,,,,,,,,,,,,,,,,,,,,,,,,,,,,,,,,,,,,,,,,,
OSM_MRN_amenity_telephone_4326_Point.231,POINT (8.137376 49.3557399),telephone,Deutsche Telekom AG,Q9396,1849117869,node,https://www.openstreetmap.org/node/1849117869,https://learnosm.org/de/beginner/,,,,,Deutsche Telekom,Q9396,,,,,,,,,,,,,,,,,,,,,,,,,,,,,,,,,,,,,,,,,,,,,,,,,,,,,,
OSM_MRN_amenity_telephone_4326_Point.232,POINT (8.1464936 49.3539498),telephone,Deutsche Telekom AG,Q9396,1850507316,node,https://www.openstreetmap.org/node/1850507316,https://learnosm.org/de/beginner/,,,,,Deutsche Telekom,Q9396,,,,,,,,,,,,,,,,,,,,,,,,,,,,,,,,,,,,,,,,,,,,,,,,,,,,,,
OSM_MRN_amenity_telephone_4326_Point.233,POINT (9.3674843 49.5829322),telephone,,,1854457952,node,https://www.openstreetmap.org/node/1854457952,https://learnosm.org/de/beginner/,,,,2021-08-14,,,,,,,,,,,,,,,,,,,,,,,,,,,,,,,,,,,,,,,,,,,,,,,,,,,,,,,,
OSM_MRN_amenity_telephone_4326_Point.234,POINT (8.8988451 49.2389133),telephone,Deutsche Telekom AG,Q9396,1861807115,node,https://www.openstreetmap.org/node/1861807115,https://learnosm.org/de/beginner/,,,,,,,,,,,,,,,,,,,,,,,,,,,,,,,,,,,,,,,,,,,,,,,,,,,,,,,,,,,,
OSM_MRN_amenity_telephone_4326_Point.235,POINT (8.8861865 49.2440049),telephone,Deutsche Telekom AG,,1863123519,node,https://www.openstreetmap.org/node/1863123519,https://learnosm.org/de/beginner/,,,,,,,,,,,,,,,,,,,,,,,,,,,,,,,,,,,,,,,,,,,,,,,,,,,,,,,,,,,,
OSM_MRN_amenity_telephone_4326_Point.236,POINT (8.9043648 49.2510679),telephone,Deutsche Telekom AG,,1863123585,node,https://www.openstreetmap.org/node/1863123585,https://learnosm.org/de/beginner/,,,,,,,,,,,,,,,,,,,,,,,,,,,,,,,,,,,,,,,,,,,,,,,,,,,,,,,,,,,,
OSM_MRN_amenity_telephone_4326_Point.237,POINT (8.8353388 49.2456825),telephone,Deutsche Telekom AG,Q9396,1868443132,node,https://www.openstreetmap.org/node/1868443132,https://learnosm.org/de/beginner/,,,,,,,,,,,,,,,,,,,,,,,,,,,,,,,,,,,,,,,,,,,,,,,,,,,,,,,,,,,,
OSM_MRN_amenity_telephone_4326_Point.238,POINT (8.5774942 49.3840714),telephone,Deutsche Telekom AG,Q9396,1878937761,node,https://www.openstreetmap.org/node/1878937761,https://learnosm.org/de/beginner/,yes,,,,,,,,,,,,,,,,,,,,,,,,,,,,,,,,,,,,,,,,,,,,,,,,,,,,,,,,,,,
OSM_MRN_amenity_telephone_4326_Point.239,POINT (8.5670959 49.5387367),telephone,Deutsche Telekom AG,,1884978176,node,https://www.openstreetmap.org/node/1884978176,https://learnosm.org/de/beginner/,yes,,,,,,,,,,,,,,,,,,,,,,,,,,,,,,,,,,,,,,,,,,,,,,,,,,,,,,,,,,,
OSM_MRN_amenity_telephone_4326_Point.240,POINT (8.1985494 49.3233378),telephone,Deutsche Telekom,,1904787267,node,https://www.openstreetmap.org/node/1904787267,https://learnosm.org/de/beginner/,,,,,,,,,,,,,,,,,,,,,,,,,,,,,,,,,,,,,,,,,,,,,,,,,,,,,,,,,,,,
OSM_MRN_amenity_telephone_4326_Point.241,POINT (8.5555817 49.4686361),telephone,Deutsche Telekom AG,,1931881779,node,https://www.openstreetmap.org/node/1931881779,https://learnosm.org/de/beginner/,,,,,,,,,,,,,,,,,,,,,,,,,,,,,,,,,,,,,,,,,,,,,,,,,,,,,,,,,,,,
OSM_MRN_amenity_telephone_4326_Point.242,POINT (8.5518281 49.6439398),telephone,,,1943133207,node,https://www.openstreetmap.org/node/1943133207,https://learnosm.org/de/beginner/,,,,,,,,,,,,,,,,,,,,,,,,,,,,,,,,,,,,,,,,,,,,,,,,,,,,,,,,,,,,
OSM_MRN_amenity_telephone_4326_Point.243,POINT (8.2736646 49.4146891),telephone,Deutsche Telekom AG,Q9396,1955924598,node,https://www.openstreetmap.org/node/1955924598,https://learnosm.org/de/beginner/,,,,,,,,,,,,,,,,,,,,,,,,,,,,,,,,,,,,,,,,,,,,,,,,,,,,,,,,,,,,
OSM_MRN_amenity_telephone_4326_Point.244,POINT (8.4690066 49.4858362),telephone,Deutsche Telekom AG,,2000958122,node,https://www.openstreetmap.org/node/2000958122,https://learnosm.org/de/beginner/,yes,,,2024-10-28,,,,,,,,,yes,,,,,,,,,,,,,,,,,,,,,,,,,,,yes,,,,,,,,,,,,,,,,,,,,
OSM_MRN_amenity_telephone_4326_Point.245,POINT (8.4177306 49.4446137),telephone,Deutsche Telekom AG,,2008272707,node,https://www.openstreetmap.org/node/2008272707,https://learnosm.org/de/beginner/,yes,,,,,,,,,,yes,,yes,,,,,,,,,,,,,,,,,,,,,,,,,,,,,,,,,,,,,,,,,,,,,,,
OSM_MRN_amenity_telephone_4326_Point.246,POINT (9.1904506 49.3843465),telephone,,,2020652742,node,https://www.openstreetmap.org/node/2020652742,https://learnosm.org/de/beginner/,,,,,,,,,,,,,,,,,,,,,,,,,,,,,,,,,,,,,,,,,,,,,,,,,,,,,,,,,,,,
OSM_MRN_amenity_telephone_4326_Point.247,POINT (8.4745267 49.4851876),telephone,Deutsche Telekom AG,,2024409129,node,https://www.openstreetmap.org/node/2024409129,https://learnosm.org/de/beginner/,yes,,,2021-09-03,,,,,,,yes,,yes,,,,,,,,,,,,,,,,,,,,,,,,,,,,,,,,,,,,,,,,,,,,,,,
OSM_MRN_amenity_telephone_4326_Point.248,POINT (8.4671672 49.4901324),telephone,,,2046885646,node,https://www.openstreetmap.org/node/2046885646,https://learnosm.org/de/beginner/,,,,2024-06-14,,,,,,,,,,,,,,,,,,,,,,,,,,,,,,,,,,,,,,,,,,,,,,,,,,,,,,,,
OSM_MRN_amenity_telephone_4326_Point.249,POINT (8.4695041 49.4911774),telephone,Deutsche Telekom AG,,2059687710,node,https://www.openstreetmap.org/node/2059687710,https://learnosm.org/de/beginner/,yes,,,2024-06-15,,,yes,no,no,,yes,,yes,,,,,,,,,,,,,,,,,,,,,,,,,,,,,,,,,,,,,,,,,,,,,,,
OSM_MRN_amenity_telephone_4326_Point.250,POINT (8.4667873 49.4885147),telephone,Deutsche Telekom AG,,2074380213,node,https://www.openstreetmap.org/node/2074380213,https://learnosm.org/de/beginner/,yes,,,2024-02-05,,,,,,,yes,,yes,,,,,,,,,,,,,,,,,,,,,,,,,,,yes,,,,,,,,,,,,,,,,,,,,
OSM_MRN_amenity_telephone_4326_Point.251,POINT (8.4669915 49.4887264),telephone,Deutsche Telekom AG,,2074380214,node,https://www.openstreetmap.org/node/2074380214,https://learnosm.org/de/beginner/,yes,,,2024-02-05,,,,,,,yes,,yes,,,,,,,,,,,,,,,,,,,,,,,,,,,,,,,,,,,,,,,,,,,,,,,
OSM_MRN_amenity_telephone_4326_Point.252,POINT (8.4688676 49.4917509),telephone,Deutsche Telekom AG,,2080821443,node,https://www.openstreetmap.org/node/2080821443,https://learnosm.org/de/beginner/,yes,,,2022-10-29,,,,,no,,yes,,yes,,,,,,,,,,,,,,,,,,,,,,,,,,,,,,,,,,,,,,,,,,,,,,,
OSM_MRN_amenity_telephone_4326_Point.253,POINT (8.0956752 49.2439265),telephone,,,2124114864,node,https://www.openstreetmap.org/node/2124114864,https://learnosm.org/de/beginner/,,,,,,,,,,,,,,,,,,,Gibt's das Telefon noch?,,,,,,,,,,,,,,,,,,,,,,,,,,,,,,,,,,,,,,,,,
OSM_MRN_amenity_telephone_4326_Point.254,POINT (8.4697064 49.546459),telephone,,,2147483647,node,https://www.openstreetmap.org/node/2159728630,https://learnosm.org/de/beginner/,,,,,,,,,,,,,,,,,,,,,,,,,,,,,,,,,,,,,,,,,,Lilienthalstraße,,,,,,,,,,,,,,,,,,
OSM_MRN_amenity_telephone_4326_Point.255,POINT (8.4792282 49.5079307),telephone,Deutsche Telekom AG,,2147483647,node,https://www.openstreetmap.org/node/2162541969,https://learnosm.org/de/beginner/,yes,,,,,,,,,,,,,,,,,,,,,,,,,,,,,,,,,,,,,,,,,,,,,,,,,,,,,,,,,,,
OSM_MRN_amenity_telephone_4326_Point.256,POINT (8.4670366 49.4990865),telephone,Deutsche Telekom AG,,2147483647,node,https://www.openstreetmap.org/node/2197078188,https://learnosm.org/de/beginner/,yes,,,2024-05-08,,,,,,,yes,,yes,,,,,,,,,,,,,,,,,,,,,,,,,,,,,,,,,,,,,,,,,,,,,,,
OSM_MRN_amenity_telephone_4326_Point.257,POINT (8.4640549 49.5009518),telephone,Rhein Neckar Phone,,2147483647,node,https://www.openstreetmap.org/node/2197548258,https://learnosm.org/de/beginner/,yes,,,,,,,,,,,,,,,,,,,,,,,,,,,,,,,,,,,,,,,,,,,,,,,,,,,,,,,,,,,
OSM_MRN_amenity_telephone_4326_Point.258,POINT (8.4487559 49.4798425),telephone,Deutsche Telekom AG,,2147483647,node,https://www.openstreetmap.org/node/2261370084,https://learnosm.org/de/beginner/,,,,2024-01-24,,,,,,,,,,,,,,,,,,,,,,,,,,,,,,,,,,,,,,,,,,,,,,,,,,,,,,,,
OSM_MRN_amenity_telephone_4326_Point.259,POINT (8.3560707 49.4424253),telephone,Deutsche Telekom AG,Q9396,2147483647,node,https://www.openstreetmap.org/node/2271662527,https://learnosm.org/de/beginner/,yes,,,,,,,,,,yes,,yes,,,,,,,,,,,,,,,,,,,,,,,,,,,,,,,,,,,,,,,,,,,,,,,
OSM_MRN_amenity_telephone_4326_Point.260,POINT (8.6279406 49.6383231),telephone,,,2147483647,node,https://www.openstreetmap.org/node/2306335245,https://learnosm.org/de/beginner/,,,,,,,,,,,,,,,,,,,,,,,,,,,,,,,,,,,,,,,,,,,,,,,,,,,,,,,,,,,,
OSM_MRN_amenity_telephone_4326_Point.261,POINT (8.6242461 49.6328082),telephone,,,2147483647,node,https://www.openstreetmap.org/node/2320548269,https://learnosm.org/de/beginner/,,,,,,,,,,,,,,,,,,,,,,,,,,,,,,,,,,,,,,,,,,,,,,,,,,,,,,,,,,,,
OSM_MRN_amenity_telephone_4326_Point.262,POINT (8.2807064 49.2575815),telephone,,,2147483647,node,https://www.openstreetmap.org/node/2330493574,https://learnosm.org/de/beginner/,,,,,,,,,,,,,,,,,,,,,,,,,,,,,,,,,,,,,,,,,,,,,,,,,,,,,,,,,,,,
OSM_MRN_amenity_telephone_4326_Point.263,POINT (8.4781083 49.4808119),telephone,Deutsche Telekom AG,,2147483647,node,https://www.openstreetmap.org/node/2366383440,https://learnosm.org/de/beginner/,yes,,,2023-10-18,,,,,,,yes,,yes,,,,,,,,,,,,,,,,,,,,,,,,,,,,,,,,,,,,,,,,,,,,,,,
OSM_MRN_amenity_telephone_4326_Point.264,POINT (9.5189732 49.6200272),telephone,,,2147483647,node,https://www.openstreetmap.org/node/2380715384,https://learnosm.org/de/beginner/,,,,,,,,,,,,,,,,,,,,,,,,,,,,,,,,,,,,,,,,,,,,,,,,,,,,,,,,,,,,
OSM_MRN_amenity_telephone_4326_Point.265,POINT (8.613768 49.5139382),telephone,Deutsche Telekom AG,Q9396,2147483647,node,https://www.openstreetmap.org/node/2380917273,https://learnosm.org/de/beginner/,,,,,,,,,,,,,,,,,,,,,,,,,,,,,,,,,,,,,,,,,,,,,,,,,,,,,,,,,,,,
OSM_MRN_amenity_telephone_4326_Point.266,POINT (8.6755556 49.4041302),telephone,Deutsche Telekom AG,,2147483647,node,https://www.openstreetmap.org/node/2407028358,https://learnosm.org/de/beginner/,yes,,,2022-05-12,,,,,,,,,yes,,,,,,,,,,,,,,,,,,,,,,,,,,,,,,,,,,,0,,,,,,,,,,,,
OSM_MRN_amenity_telephone_4326_Point.267,POINT (8.6755374 49.404142),telephone,Deutsche Telekom AG,,2147483647,node,https://www.openstreetmap.org/node/2407028362,https://learnosm.org/de/beginner/,yes,,,2022-05-12,,,,,,,,,yes,,,6221 / 183664,Willy-Brandt-Platz 5,,,,,,,,,,,,,,,,,,,,,,,,,,,,,,,0,,,,,,,,,,,,
OSM_MRN_amenity_telephone_4326_Point.268,POINT (8.4502864 49.481399),telephone,Deutsche Telekom AG,,2147483647,node,https://www.openstreetmap.org/node/2474007078,https://learnosm.org/de/beginner/,,,,2023-11-13,,,,,,,,,,,,,,,,,,,,,,,,,,,,,,,,,,,,,,,,,,,,,,,,,,,,,,,,
OSM_MRN_amenity_telephone_4326_Point.269,POINT (8.6626932 49.3822774),telephone,Deutsche Telekom AG,Q9396,2147483647,node,https://www.openstreetmap.org/node/2506185797,https://learnosm.org/de/beginner/,,,,2021-03-12,,,,,,,,,,,,,,,,,,,,,,,,,,,,,,,,,,,,,,,,,,,,,,,,,,,,,,,,
OSM_MRN_amenity_telephone_4326_Point.270,POINT (8.4529755 49.4792483),telephone,Deutsche Telekom,,2147483647,node,https://www.openstreetmap.org/node/2524130124,https://learnosm.org/de/beginner/,,,,2022-08-28,,,,,yes,,,,,,,621/6856843,,,recheck ref,,,,,,,,,,,,,,,,,,,,,,,,,,,,,,325,yes,,,,,,,,,,
OSM_MRN_amenity_telephone_4326_Point.271,POINT (8.4782876 49.4805618),telephone,Deutsche Telekom AG,,2147483647,node,https://www.openstreetmap.org/node/2540942635,https://learnosm.org/de/beginner/,yes,,,2023-10-18,,,,,,,yes,,yes,,,,,,,,,,,,,,,,,,,,,,,,,,,,,,,,,,,,,,,,,,,,,,,
OSM_MRN_amenity_telephone_4326_Point.272,POINT (8.3436994 49.6322983),telephone,Deutsche Telekom AG,Q9396,2147483647,node,https://www.openstreetmap.org/node/2598718679,https://learnosm.org/de/beginner/,,,,,,,,,,,,,,,,,,,,,,,,de:Deutsche Telekom,,,,,,,,,,,,,,,,,,,,,,,,,,,phone,,,,,,,,,
OSM_MRN_amenity_telephone_4326_Point.273,POINT (8.1859592 49.4640677),telephone,,,2147483647,node,https://www.openstreetmap.org/node/2606379385,https://learnosm.org/de/beginner/,,,,,,,,,,,,,,,,,,,,,,,,,,,,,,,,,,,,,,,,,,,,,,,,,,,,,,,,,,,,
OSM_MRN_amenity_telephone_4326_Point.274,POINT (8.3713254 49.488146),telephone,,,2147483647,node,https://www.openstreetmap.org/node/2607576469,https://learnosm.org/de/beginner/,yes,,,,,,,,,,,,,,,,,,,,,,,,,,,,,,,,,,,,,,,,,,,,,,,,,,,,,,,,,,,
OSM_MRN_amenity_telephone_4326_Point.275,POINT (8.3722448 49.4944872),telephone,Deutsche Telekom,,2147483647,node,https://www.openstreetmap.org/node/2613123225,https://learnosm.org/de/beginner/,yes,,,,,,,,,,yes,,yes,,,,,,,,,,,,,,,,,,,,,,,,,,,,,,,,,,,,,,,,,,,,,,,
OSM_MRN_amenity_telephone_4326_Point.276,POINT (8.5489668 49.4976398),telephone,,,2147483647,node,https://www.openstreetmap.org/node/2619222867,https://learnosm.org/de/beginner/,,,,,,,,,,,,,,,,,,,,,,,,,,,,,,,,,,,,,,,,,,,,,,,,,,,,,,,,,,,,
OSM_MRN_amenity_telephone_4326_Point.277,POINT (8.3265603 49.4781373),telephone,Deutsche Telekom,,2147483647,node,https://www.openstreetmap.org/node/2620786555,https://learnosm.org/de/beginner/,yes,,,,,,,,,,,,,,,,,,,,,,,,,,,,,,,,,,,,,,,,,,,,,,,,,,,,,,,,,,,
OSM_MRN_amenity_telephone_4326_Point.278,POINT (8.4188177 49.4481782),telephone,Deutsche Telekom AG,,2147483647,node,https://www.openstreetmap.org/node/2630856396,https://learnosm.org/de/beginner/,yes,,,,,,,,,,,,,,,,,,,,,,,,,,,,,,,,,,,,,,,,,,,,,,,,,,,,,,,,,,,
OSM_MRN_amenity_telephone_4326_Point.279,POINT (8.124123 49.3529966),telephone,Deutsche Telekom AG,Q9396,2147483647,node,https://www.openstreetmap.org/node/2657389319,https://learnosm.org/de/beginner/,,,,,Deutsche Telekom,Q9396,,,,,,,,,,,,,,,,,,,,,,,,,,,,,,,,,,,,,,,,,,,,,,,,,,,,,,
OSM_MRN_amenity_telephone_4326_Point.280,POINT (8.2562583 49.3631378),telephone,Deutsche Telekom,,2147483647,node,https://www.openstreetmap.org/node/2657417597,https://learnosm.org/de/beginner/,,,,2023-09-13,,,,,,,,,,,,,,,,,,,,,,,,,,,,,,,,,,,,,,,,,,,,,,,,,,,,,,,,
OSM_MRN_amenity_telephone_4326_Point.281,POINT (8.4406826 49.4873125),telephone,Deutsche Telekom,,2147483647,node,https://www.openstreetmap.org/node/2717372765,https://learnosm.org/de/beginner/,yes,,,2023-06-10,,,,,,,yes,,,,,,,,,,,,,,,,,,,,,,,,,,,yes,,,,,,,,,,,,,,,,,,,,,,
OSM_MRN_amenity_telephone_4326_Point.282,POINT (8.4756383 49.5163061),telephone,Deutsche Telekom AG,,2147483647,node,https://www.openstreetmap.org/node/2723263533,https://learnosm.org/de/beginner/,,,,2021-09-04,,,,,yes,,,,,,,,,,,,,,,,,,,,,,,,,,,,,,,,,,,,,,,,,,,,,,,,,,,
OSM_MRN_amenity_telephone_4326_Point.283,POINT (8.4173352 49.3204516),telephone,Deutsche Telekom AG,,2147483647,node,https://www.openstreetmap.org/node/2791562184,https://learnosm.org/de/beginner/,yes,,,,,,,,no,,,,,,,,,,,wlan,,,,,,,,,,,,,,,,,,,,,,,,,,,,,,,,,,,,,,,,
OSM_MRN_amenity_telephone_4326_Point.284,POINT (7.9611227 49.0897145),telephone,Deutsche Telekom AG,Q9396,2147483647,node,https://www.openstreetmap.org/node/2809702749,https://learnosm.org/de/beginner/,,,,,,,,,,,,,,,,,,,,,,,,,,,,,,,,,,,,,,,,,,,,,,,,,,,,,,,,,,,,
OSM_MRN_amenity_telephone_4326_Point.285,POINT (8.633698 49.6412059),telephone,Telekom,,2147483647,node,https://www.openstreetmap.org/node/2835077073,https://learnosm.org/de/beginner/,,,Säule mit einseitigem Windschutz,2021-03-21,,,,,,,,,,,,,,,,,,,,,,,,,,,,,,,,,,,,,,,,,,,,,,,,,,,,,,,,
OSM_MRN_amenity_telephone_4326_Point.286,POINT (8.5757821 49.3805698),telephone,Deutsche Telekom AG,Q9396,2147483647,node,https://www.openstreetmap.org/node/2857712946,https://learnosm.org/de/beginner/,,,,2024-05-02,Deutsche Telekom,,,,no,,,,,,,,,,,,,,,,,,,,,,,,,,,,,,,,,,,,,,,,,,,,,,,,,,,
OSM_MRN_amenity_telephone_4326_Point.287,POINT (8.7968779 49.4847179),telephone,Deutsche Telekom AG,Q9396,2147483647,node,https://www.openstreetmap.org/node/2940740025,https://learnosm.org/de/beginner/,,,,,,,,no,no,,,,,no,,,,,,,,,,de:Deutsche Telekom,,,,,,yes,,yes,,,,,,,,,,,,,,,,,,,,yes,yes,,,,,,,
OSM_MRN_amenity_telephone_4326_Point.288,POINT (8.2910756 49.0377642),telephone,,,2147483647,node,https://www.openstreetmap.org/node/2973459787,https://learnosm.org/de/beginner/,,,,,,,,,,,,,,,,,,,,,,,,,,,,,,,,,,,,,,,,,,,,,,,,,,,,,,,,,,,,
OSM_MRN_amenity_telephone_4326_Point.289,POINT (8.6723432 49.3305217),telephone,,,2147483647,node,https://www.openstreetmap.org/node/3008162196,https://learnosm.org/de/beginner/,,,,,,,,,,,,,,,,,,,,,,,,,,,,,,,,,,,,,,,,,,,,,,,,,,,,,,,,,,,,
OSM_MRN_amenity_telephone_4326_Point.290,POINT (8.578914 49.5381442),telephone,Deutsche Telekom AG,,2147483647,node,https://www.openstreetmap.org/node/3017441578,https://learnosm.org/de/beginner/,yes,,,2023-08-23,,,,,,,yes,,,,,,,,"noch vorhanden, aber wohl abgeschaltet",,,,,,,,,,,,,,,,,,,yes,,,,,,,,,,,,,,,,,,,,,,
OSM_MRN_amenity_telephone_4326_Point.291,POINT (8.6884033 49.347112),telephone,Deutsche Telekom AG,Q9396,2147483647,node,https://www.openstreetmap.org/node/3022456062,https://learnosm.org/de/beginner/,yes,,,,Deutsche Telekom,Q9396,,,,,,,no,,,,,,,,,,de:Deutsche Telekom,de:Deutsche Telekom,no,,,,,,,,,,,,,,,,,,,,,,,,,,,,,,,,,,,
OSM_MRN_amenity_telephone_4326_Point.292,POINT (8.431117 49.4853101),telephone,Deutsche Telekom AG,,2147483647,node,https://www.openstreetmap.org/node/3024467935,https://learnosm.org/de/beginner/,,,,2023-05-23,,,,,,,,,,,,,,,,,,,,,,,,,,,,,,,,,,,,,,,,,,,,,,,,,,,,,,,,
OSM_MRN_amenity_telephone_4326_Point.293,POINT (8.5782412 49.3836804),telephone,Deutsche Telekom AG,Q9396,2147483647,node,https://www.openstreetmap.org/node/3061374765,https://learnosm.org/de/beginner/,,,,2021-03-19,,,,,booth,TelH90,,,,,,,,,,,,,,,,TelH_90,,,,,,,,,,,,,,,,,,,,,,,,,,,,,,,,,,
OSM_MRN_amenity_telephone_4326_Point.294,POINT (8.4815688 49.5251194),telephone,Deutsche Telekom AG,,2147483647,node,https://www.openstreetmap.org/node/3130994884,https://learnosm.org/de/beginner/,,,,2021-09-11,,,,,yes,,,,,,,,,,,,,,,,,,,,,,,,,,,,,,,,,,,,,,,,,,,,,,,,,,,
OSM_MRN_amenity_telephone_4326_Point.295,POINT (8.4805162 49.5270251),telephone,Deutsche Telekom AG,,2147483647,node,https://www.openstreetmap.org/node/3249048387,https://learnosm.org/de/beginner/,,,,,,,,,yes,,,,,,,,,,,,,,,,,,,,,,,,,,,,,,,,,,,,,,,,,,,,,,,,,,,
OSM_MRN_amenity_telephone_4326_Point.296,POINT (8.4716372 49.5493311),telephone,Deutsche Telekom AG,,2147483647,node,https://www.openstreetmap.org/node/3329808661,https://learnosm.org/de/beginner/,,,,,,,,,yes,,,,,,,,,,,wlan,,,,,,,,,,,,,,,,,,,,,,,,,,,,,,,,,,,,,,,,
OSM_MRN_amenity_telephone_4326_Point.297,POINT (8.4752076 49.5479143),telephone,,,2147483647,node,https://www.openstreetmap.org/node/3333979250,https://learnosm.org/de/beginner/,,,,,,,,,,,,,,,,,,,,,,,,,,,,,,,,,,,,,,,,,,,,,,,,,,,,,,,,,,,,
OSM_MRN_amenity_telephone_4326_Point.298,POINT (7.9318455 49.1146882),telephone,,,2147483647,node,https://www.openstreetmap.org/node/3394603243,https://learnosm.org/de/beginner/,,,,,,,,,,,,,,,,,,,,,,,,,,,,,,,,,,,,,,,,,,,,,,,,,,,,,,,,,,,,
OSM_MRN_amenity_telephone_4326_Point.299,POINT (9.1484553 49.3012934),telephone,Deutsche Telekom AG,,2147483647,node,https://www.openstreetmap.org/node/3558902848,https://learnosm.org/de/beginner/,,,,,,,,,,,,,,,,,,,,,,,,,,,,,,,,,,,,,,,,,,,,,,,,,,,,,,,,,,,,
OSM_MRN_amenity_telephone_4326_Point.300,POINT (8.8752892 49.2508461),telephone,Deutsche Telekom AG,Q9396,2147483647,node,https://www.openstreetmap.org/node/3718216580,https://learnosm.org/de/beginner/,,,,,Deutsche Telekom,Q9396,,,,,,,,,,726100061321,Sinsheim Bahnhof,,,,,,,,,,,,,,,,,,,,,,,,,,,,,,,,,,,,,,,,,,,
OSM_MRN_amenity_telephone_4326_Point.301,POINT (8.9870541 49.4624717),telephone,Deutsche Telekom,,2147483647,node,https://www.openstreetmap.org/node/3725949665,https://learnosm.org/de/beginner/,,,,2023-04-30,,,,,,,,,,,,627100005903,Eberbach Bahnhofstraße 2,,,,,,,,,,,,,,,,,,,,,,,,,,,,,,,,,,,,,,,,,,,
OSM_MRN_amenity_telephone_4326_Point.302,POINT (8.9780062 49.466275),telephone,Deutsche Telekom AG,Q9396,2147483647,node,https://www.openstreetmap.org/node/3733689702,https://learnosm.org/de/beginner/,,,,,,,,,,,,,,,,627100005181,Hirschhorner Landstraße 1 Itterburg,,,,,,,,,,,,,,,,,,,,,,,,,,,,,,,,,,,,,,,,,,,
OSM_MRN_amenity_telephone_4326_Point.303,POINT (8.4520986 49.313542),telephone,Telekom,,2147483647,node,https://www.openstreetmap.org/node/3736632485,https://learnosm.org/de/beginner/,,,,2024-10-07,,,,,,,,,,,,,,,,,,,,,,,,,,,,,,,,,,,,,,,,,,,,,,,,,,,,,,,,
OSM_MRN_amenity_telephone_4326_Point.304,POINT (8.4777076 49.5170354),telephone,Telekom,,2147483647,node,https://www.openstreetmap.org/node/3823497774,https://learnosm.org/de/beginner/,,,,,,,,,,,,,,,,,,,,,,,,,,,,,,,,,,,,,,,,,,,,,,,,1,,,,,,,,,,,,
OSM_MRN_amenity_telephone_4326_Point.305,POINT (8.839612 49.5700608),telephone,Deutsche Telekom AG,,2147483647,node,https://www.openstreetmap.org/node/3872433805,https://learnosm.org/de/beginner/,,,,,,,,,,,,,,,,,,,,,,,,,,,,,,,,,,,,,,,,,,,,,,,,,,,,,,,,,,,,
OSM_MRN_amenity_telephone_4326_Point.306,POINT (8.3496472 49.6391987),telephone,,,2147483647,node,https://www.openstreetmap.org/node/3913041710,https://learnosm.org/de/beginner/,,,,2022-10-28,,,,,,,,,,,,,,,,,,,,,,,,,,,,,,,,,,,,limited,,,,,,,,,,,,,,,,,,,,
OSM_MRN_amenity_telephone_4326_Point.307,POINT (8.7551755 49.3419616),telephone,Deutsche Telekom,,2147483647,node,https://www.openstreetmap.org/node/3936909902,https://learnosm.org/de/beginner/,,,,,,,,,,,,,,,Bing 2012,622600060474,"Gauangelloch, Hauptstraße/Feilgasse",,,,,,,,,,,,,,,,,,,,,,,,,,,,,,,,,,,,,,,,,,,
OSM_MRN_amenity_telephone_4326_Point.308,POINT (8.6136078 49.7021171),telephone,Deutsche Telekom AG,Q9396,2147483647,node,https://www.openstreetmap.org/node/3952162498,https://learnosm.org/de/beginner/,,,,,,,,,,,,,,,,,,,,,,,,,,,,,,,,,,,,,,,,,,,,,,,,,,,,,,,,,,,,
OSM_MRN_amenity_telephone_4326_Point.309,POINT (8.6302251 49.264201),telephone,,,2147483647,node,https://www.openstreetmap.org/node/4055941841,https://learnosm.org/de/beginner/,,,,2022-11-17,,,,,,,,,,,,,,,,,,,,,,,,,,,,,,,,,,,,,,,,,,,,,,,,,,,,,,,,
OSM_MRN_amenity_telephone_4326_Point.310,POINT (8.409964 49.5188548),telephone,,,2147483647,node,https://www.openstreetmap.org/node/4167997625,https://learnosm.org/de/beginner/,,,,,,,,,,,,,,,,,,,,,,,,,,,,,,,,,,,,,,,,,,,,,,,,,,,,,,,,,,,,
OSM_MRN_amenity_telephone_4326_Point.311,POINT (8.6972485 49.295471),telephone,Deutsche Telekom,,2147483647,node,https://www.openstreetmap.org/node/4186921752,https://learnosm.org/de/beginner/,yes,,,2024-02-15,,,,,,,,,,,,622200306966,"Wiesloch, Schloßstraße 14",,,,,,,,,,,,,,,,,,,,,,,,,,,,,,,,,,,,,,,,,,,
OSM_MRN_amenity_telephone_4326_Point.312,POINT (8.6958146 49.3225688),telephone,Deutsche Telekom,,2147483647,node,https://www.openstreetmap.org/node/4187023961,https://learnosm.org/de/beginner/,yes,,,,,,,,,,,,yes,,,,,,,,,,,,,,,,,,,,,,,,,,,,,,,,,,,,,,,,,,,,,,,
OSM_MRN_amenity_telephone_4326_Point.313,POINT (8.7025687 49.3023701),telephone,,,2147483647,node,https://www.openstreetmap.org/node/4192698313,https://learnosm.org/de/beginner/,yes,,,2024-04-02,,,,,,,,,,,Bing 2012,,,,,,,,,,,,,,,,,,,,,,,,,,,,,,,,,,,,,,,,,,,,,
OSM_MRN_amenity_telephone_4326_Point.314,POINT (8.7389111 49.3383569),telephone,Deutsche Telekom,,2147483647,node,https://www.openstreetmap.org/node/4330818297,https://learnosm.org/de/beginner/,no,,,,,,,,,,,no,,,,,,,,,,,,,,,,,,,,,,Basistelefon,,,,,,,,,,,,,,,,,,,,,,,,,,
OSM_MRN_amenity_telephone_4326_Point.315,POINT (8.5699162 49.5360588),telephone,Deutsche Telekom AG,,2147483647,node,https://www.openstreetmap.org/node/4342420881,https://learnosm.org/de/beginner/,,,,,,,,,no,,,,,,,,,,,,,,,,,,,,,,,,,,,,,,,,,,,,,,,,,,,,,,,,,,,
OSM_MRN_amenity_telephone_4326_Point.316,POINT (8.8837521 49.3456409),telephone,Deutsche Telekom,,2147483647,node,https://www.openstreetmap.org/node/4349169120,https://learnosm.org/de/beginner/,no,,,,,,,,,,,no,,,,,,,,,,,,,,,,,,,,,,Basistelefon,,,,,,,,,,,,,,,,,,,,,,,,,,
OSM_MRN_amenity_telephone_4326_Point.317,POINT (8.4482569 49.4771322),telephone,Deutsche Telekom,,2147483647,node,https://www.openstreetmap.org/node/4675616414,https://learnosm.org/de/beginner/,,,,2022-10-21,,,,,,,,,,,,,,,,,,,,,,,,,,,,,,,,,,,,,,,,,,,,,,,,,,,,,,,,
OSM_MRN_amenity_telephone_4326_Point.318,POINT (8.3343555 49.6331358),telephone,Deutsche Telekom AG,,2147483647,node,https://www.openstreetmap.org/node/4684418987,https://learnosm.org/de/beginner/,yes,,,,,,,,,,,,,,,624100074211,,,,,,,,,,,,,,,,,,,,,,,,,,,,,,,,,,,,,,,,,,,,
OSM_MRN_amenity_telephone_4326_Point.319,POINT (8.428967 49.3240604),telephone,Deutsche Telekom AG,Q9396,2147483647,node,https://www.openstreetmap.org/node/4769820389,https://learnosm.org/de/beginner/,yes,,,2022-09-05,Deutsche Telekom,Q9396,,,booth,,,,yes,,,6232 9907024,Speyer Bahnhofstraße,,,,,,,,,TelH_90,,,,,,,,,,,,,,,,,,,,,,,,,,,,,,,,,,
OSM_MRN_amenity_telephone_4326_Point.320,POINT (8.6972458 49.2934156),telephone,,,2147483647,node,https://www.openstreetmap.org/node/4958603427,https://learnosm.org/de/beginner/,,,,2021-03-26,,,,,,,,,,,,,,,,,,,,,,,,,,,,,,,,,,,,,,,,,,,,,,,,,,,,,,,,
OSM_MRN_amenity_telephone_4326_Point.321,POINT (8.5089839 49.506052),telephone,Deutsche Telekom AG,,2147483647,node,https://www.openstreetmap.org/node/5089861524,https://learnosm.org/de/beginner/,yes,,,2024-07-02,,,,,,,yes,,yes,,,,,,,,,,,,,,,,,,,,,,,,,no,,,,,,,,,,,,,,,,,,,,,,
OSM_MRN_amenity_telephone_4326_Point.322,POINT (8.6660269 49.3773864),telephone,Deutsche Telekom AG,Q9396,2147483647,node,https://www.openstreetmap.org/node/5126342548,https://learnosm.org/de/beginner/,yes,,,2021-01-05,,,,,,,,,,,,,,,,,,,,,,,,,,,,,,,,,,,,,,,,,,,,,,,,,,,,,,,,
OSM_MRN_amenity_telephone_4326_Point.323,POINT (8.1360966 49.3540718),telephone,,,2147483647,node,https://www.openstreetmap.org/node/5127432124,https://learnosm.org/de/beginner/,,,,,,,,,,,,,,,,,,,,,,,,,,,,,,,,,,,,,,,,,,,,,,,,,,,,,,,,,,,,
OSM_MRN_amenity_telephone_4326_Point.324,POINT (8.5375158 49.4548725),telephone,Telekom AG,,2147483647,node,https://www.openstreetmap.org/node/5157388221,https://learnosm.org/de/beginner/,,,,2023-06-05,,,,,,,,,,,,,,,,,,,,,,,,,,,,,,,,,,,,,,,,,,,,,,,,,,,,,,,,
OSM_MRN_amenity_telephone_4326_Point.325,POINT (8.6861927 49.2463239),telephone,,,2147483647,node,https://www.openstreetmap.org/node/5214462726,https://learnosm.org/de/beginner/,,,,,,,,,,,,,,,,,,,,,,,,,,,,,,,,,,,,,,,,,,,,,,,,,,,,,,,,,,,,
OSM_MRN_amenity_telephone_4326_Point.326,POINT (8.680021 49.3736849),telephone,,,2147483647,node,https://www.openstreetmap.org/node/5329367124,https://learnosm.org/de/beginner/,,,,,,,,,,,,,,,,,,,,,,,,,,,,,,,,,,,,,,,,,,,,,,,,,,,,,,,,,,,,
OSM_MRN_amenity_telephone_4326_Point.327,POINT (8.469376 49.4798631),telephone,Deutsche Telekom AG,,2147483647,node,https://www.openstreetmap.org/node/5664735743,https://learnosm.org/de/beginner/,,,,2023-07-22,,,,,yes,,,,,,,06211783625,MA. HBF rechts innen,,,,,,,,,,,,,,,,,,,,,,,,,,,,,,,-1,,,,,,-1,,,,,,
OSM_MRN_amenity_telephone_4326_Point.328,POINT (8.3560149 49.6406803),telephone,,,2147483647,node,https://www.openstreetmap.org/node/5933739162,https://learnosm.org/de/beginner/,,,,2023-08-26,,,,,,,,,,,,,,,,,,,,,,,,,,,,,,,,,,,,,,,,,,,,,,,,,,,,,,,,
OSM_MRN_amenity_telephone_4326_Point.329,POINT (8.6174314 49.6814507),telephone,Deutsche Telekom AG,Q9396,2147483647,node,https://www.openstreetmap.org/node/6027053210,https://learnosm.org/de/beginner/,,,,,Deutsche Telekom,Q9396,,,,,,,,,,,,,,no,,,,,,,,,,,,,,,,,,,,,,,,,,,,,,,,,,,,,,,,
OSM_MRN_amenity_telephone_4326_Point.330,POINT (8.4688827 49.4907078),telephone,Deutsche Telekom AG,,2147483647,node,https://www.openstreetmap.org/node/6031844221,https://learnosm.org/de/beginner/,,,,2024-02-05,,,,,,,,,,,,,,,,,,,,,,,,,,,,,,,,,,,,,,,,,,,,,,,,,,,,,,,,
OSM_MRN_amenity_telephone_4326_Point.331,POINT (8.5771613 49.3160193),telephone,Deutsche Telekom AG,,2147483647,node,https://www.openstreetmap.org/node/6172661546,https://learnosm.org/de/beginner/,yes,,,2018-12,,,,,booth,TelH90,,no,yes,,,620500006122,,,,,,,,,,TelH_90,yes,yes,yes,yes,no,yes,Raststätte Hockenheim,,,,,,,,,,,,,,,,,,,,,,,,,,,
OSM_MRN_amenity_telephone_4326_Point.332,POINT (8.6224678 49.6810739),telephone,Deutsche Telekom AG,Q9396,2147483647,node,https://www.openstreetmap.org/node/6304662665,https://learnosm.org/de/beginner/,yes,,,,Deutsche Telekom,Q9396,yes,,no,,yes,,yes,yes,,,,,,,,,,,,,,,,,,,,,,,,,,,,,,,+49 6251 09841254,,,,,,,,,,,,,,,
OSM_MRN_amenity_telephone_4326_Point.333,POINT (8.7832689 49.6599281),telephone,,,2147483647,node,https://www.openstreetmap.org/node/6470818602,https://learnosm.org/de/beginner/,,,,,,,,,booth,,,,,,,,,,,,,,,,,,,,,,,,,,,,,,,,,,,,,,,,,,,,,,,,,,,
OSM_MRN_amenity_telephone_4326_Point.334,POINT (8.6626877 49.3824249),telephone,,,2147483647,node,https://www.openstreetmap.org/node/6833663727,https://learnosm.org/de/beginner/,,,,2021-10-30,,,,,yes,,,,,,,,,,,,,,,,,,,,,,,,,,,,,,,,,,,,,,,,,,,,,,,,,,,
OSM_MRN_amenity_telephone_4326_Point.335,POINT (9.0460858 49.3580889),telephone,Deutsche Telekom,,2147483647,node,https://www.openstreetmap.org/node/7024287549,https://learnosm.org/de/beginner/,,,,,,,,,yes,,,,,,,,,,,,,,,,,,,,,,,,,,,,,,,,,,,,,,,,,,,,,,,,,,,
OSM_MRN_amenity_telephone_4326_Point.336,POINT (8.7089556 49.4133559),telephone,Deutsche Telekom AG,Q9396,2147483647,node,https://www.openstreetmap.org/node/7058853535,https://learnosm.org/de/beginner/,yes,,,,Deutsche Telekom,Q9396,,,no,,,,yes,,,Neckarstaden 58,,,,,,,de:Deutsche Telekom,de:Deutsche Telekom,,,,,,,,,,,,,,,,,,,,,,,,,,,,,,,,,,,,
OSM_MRN_amenity_telephone_4326_Point.337,POINT (8.4741524 49.4848688),telephone,Deutsche Telekom,,2147483647,node,https://www.openstreetmap.org/node/7090595987,https://learnosm.org/de/beginner/,yes,,,2022-01-08,,,,,no,,,,yes,,,,,,,,,,,,,,,,,,,,,,,,,,,yes,,,,,,,,,,,,,,,,,,,,
OSM_MRN_amenity_telephone_4326_Point.338,POINT (8.6126878 49.7243954),telephone,,,2147483647,node,https://www.openstreetmap.org/node/7167399870,https://learnosm.org/de/beginner/,,,,,,,,,,,,,,,,,,,,wlan,,,,,,,,,,,,,,,,,,,,,,,,,,,,,,,,,,,,,,,,
OSM_MRN_amenity_telephone_4326_Point.339,POINT (8.1267312 49.2801573),telephone,Deutsche Telekom AG,Q9396,2147483647,node,https://www.openstreetmap.org/node/7528375877,https://learnosm.org/de/beginner/,yes,,,,,,,,,,,,,,,,,,,,,,,,,,,,,,,,,,,,,,,,,,,,,,,,,,,,,,,,,,,
OSM_MRN_amenity_telephone_4326_Point.340,POINT (8.1117906 49.1972835),telephone,Deutsche Telekom AG,Q9396,2147483647,node,https://www.openstreetmap.org/node/7554854593,https://learnosm.org/de/beginner/,yes,,,2024-12-06,,,,,yes,,,,yes,,,634109603006 Landau Badstraße,,,,,,,,,,,,,,,,,,,,,,,,,,,,,,,,,,,,,,,,,,,,
OSM_MRN_amenity_telephone_4326_Point.341,POINT (8.7026976 49.3744862),telephone,,,2147483647,node,https://www.openstreetmap.org/node/7644346408,https://learnosm.org/de/beginner/,,,,,,,,,,,,,,,,,,,,,,,,,,,,,,,,,,,,,,,,,,,,,,,,,,,,,,,,,,,,
OSM_MRN_amenity_telephone_4326_Point.342,POINT (8.1699903 49.4610071),telephone,,,2147483647,node,https://www.openstreetmap.org/node/7699865071,https://learnosm.org/de/beginner/,,,,2024-07-24,,,,,,,,,,,,,,,,,,,,,,,,,,,,,,,,,,,,,,,,,,,,,,,,,,,,,,,,
OSM_MRN_amenity_telephone_4326_Point.343,POINT (8.1706852 49.4611331),telephone,,,2147483647,node,https://www.openstreetmap.org/node/7699919695,https://learnosm.org/de/beginner/,,,,2024-04-07,,,yes,,,,,,,,,,,,,wlan,,,,,,,,,,,,,,,,,,,,,,,,,,,,,,,,,,,,,,,,
OSM_MRN_amenity_telephone_4326_Point.344,POINT (8.168351 49.4596937),telephone,,,2147483647,node,https://www.openstreetmap.org/node/7700352831,https://learnosm.org/de/beginner/,,,,2024-08-14,,,,,,,,,,,,,,,,,,,,,,,,,,,,,,,,,,,,,,,,,,,,,,,,,,,,,,,,
OSM_MRN_amenity_telephone_4326_Point.345,POINT (8.1703659 49.4647021),telephone,,,2147483647,node,https://www.openstreetmap.org/node/7703553821,https://learnosm.org/de/beginner/,,,,2024-07-24,,,,,,,,,,,,,,,,,,Telekom_SIM,,,,,,,,,,,,,,,,,,,,,,,,,,,,,,,,,Deutsche Telekom,,,,,
OSM_MRN_amenity_telephone_4326_Point.346,POINT (8.1388764 49.3532221),telephone,,,2147483647,node,https://www.openstreetmap.org/node/7705825307,https://learnosm.org/de/beginner/,,,,2022-08-20,,,yes,,,,,,,,,,,,,wlan,,,,,,,,,,,,,,,,,,,,,,,,,,,,,,,,,,,,,,,,
OSM_MRN_amenity_telephone_4326_Point.347,POINT (8.1360882 49.3542182),telephone,,,2147483647,node,https://www.openstreetmap.org/node/7705856852,https://learnosm.org/de/beginner/,,,,2024-04-28,,,,,,,,,,,,,,,,,,,,,,,,,,,,,,,,,,,,,,,,,,,,,,,,,,,,,,,,
OSM_MRN_amenity_telephone_4326_Point.348,POINT (8.1372669 49.3501497),telephone,,,2147483647,node,https://www.openstreetmap.org/node/7707773931,https://learnosm.org/de/beginner/,,,,2024-09-18,,,,,,,,,,,,,,,,wlan,yes,,,,,,,,,,,,,,,,,,,,,,,,,,,,,,,,,,,,,,,
OSM_MRN_amenity_telephone_4326_Point.349,POINT (8.4767235 49.4886401),telephone,Deutsche Telekom AG,Q9396,2147483647,node,https://www.openstreetmap.org/node/7797091608,https://learnosm.org/de/beginner/,yes,,,,,,yes,,,,,,,,,Hebelstraße 1 621101561582,,,,,,,,,,yes,,,,,,,,,yes,,,,,,,,,,,,,,,,,,,,,,,,,
OSM_MRN_amenity_telephone_4326_Point.350,POINT (8.429853 49.4826967),telephone,Deutsche Telekom,,2147483647,node,https://www.openstreetmap.org/node/7943260082,https://learnosm.org/de/beginner/,,,,2024-06-18,,,,,,,,,,,,,,,,,,,,,,,,,,,,,,,,,,,,,,,,,,,,,,,,,,,,,,,,
OSM_MRN_amenity_telephone_4326_Point.351,POINT (8.4887455 49.4626904),telephone,,,2147483647,node,https://www.openstreetmap.org/node/7945348786,https://learnosm.org/de/beginner/,,,,,,,,,,,,,,,,,,,,,,,,,,,,,,,,,,,,,,,,,,,,,,,,,,,,,,,,,,,,
OSM_MRN_amenity_telephone_4326_Point.352,POINT (8.5148841 49.5095287),telephone,,,2147483647,node,https://www.openstreetmap.org/node/8735946717,https://learnosm.org/de/beginner/,,,,2024-01-08,,,,,,,,,,,,,,,,,,,,,,,,,,,,,,,,,,,,,,,,,,,,,,,,,,,,,,,,
OSM_MRN_amenity_telephone_4326_Point.353,POINT (8.621726 49.6998704),telephone,Deutsche Telekom AG,Q9396,2147483647,node,https://www.openstreetmap.org/node/9482468290,https://learnosm.org/de/beginner/,,,,,Deutsche Telekom,Q9396,,,,,,,,yes,,,,,,,,,,,,,,,,,,,,,,,,,,,,,,,+49 625109359822,,,,,,,,,,,yes,,,,
OSM_MRN_amenity_telephone_4326_Point.354,POINT (8.846219 49.4391432),telephone,Deutsche Telekom,,2147483647,node,https://www.openstreetmap.org/node/9682646075,https://learnosm.org/de/beginner/,,,,,,,,,no,,,,,,,,,,,,,,,,,,,,,,,,,,,,,,,,,,,,,,,,,,,,,,,,,,,
OSM_MRN_amenity_telephone_4326_Point.355,POINT (8.1247142 49.2022535),telephone,Deutsche Telekom AG,Q9396,2147483647,node,https://www.openstreetmap.org/node/10309385100,https://learnosm.org/de/beginner/,,,,,,,,,,,,,,,,,,,,,,,,,,,,,,,,,,,,,,,,,,,,,,,,,,,,,,,,,,,,
OSM_MRN_amenity_telephone_4326_Point.356,POINT (8.4861675 49.482748),telephone,,,2147483647,node,https://www.openstreetmap.org/node/11051214324,https://learnosm.org/de/beginner/,,,,,,,,,yes,,,,,,,,,,,,,,,,,K2,,,,,,,,,,,,,,,,,,,,,,,,,,,,,,,red,,,
OSM_MRN_amenity_telephone_4326_Point.357,POINT (8.1603212 49.3390703),telephone,,Q9396,2147483647,node,https://www.openstreetmap.org/node/11150464044,https://learnosm.org/de/beginner/,,,,,,,,,yes,,,,,,,,,,,,,,,,,,,,,,,,,,,,,,,,,,,,,,,,,,,,,,,,,,,
OSM_MRN_amenity_telephone_4326_Point.358,POINT (8.1352311 49.3528909),telephone,Deutsche Telekom AG,,2147483647,node,https://www.openstreetmap.org/node/11727903765,https://learnosm.org/de/beginner/,,,,,,,,,,,,,,,,,,,,,,,,,,,,,,,,,,,,,,,,,,,,,,,,,,,,,,,,,,,,
OSM_MRN_amenity_telephone_4326_Point.359,POINT (8.8786357 49.2527565),telephone,Deutsche Telekom AG,Q9396,2147483647,node,https://www.openstreetmap.org/node/11917844622,https://learnosm.org/de/beginner/,,,,,,,,no,no,,,,,,,,,,,wlan,,Telekom,,,,,,,,,,,,,,,,,,,,,,,,yes,,,,,,,,,,,,yes,no,digital
OSM_MRN_amenity_telephone_4326_Point.360,POINT (8.1403786 49.3499808),telephone,,,2147483647,node,https://www.openstreetmap.org/node/12192269252,https://learnosm.org/de/beginner/,,,,,,,,yes,,,,,,,,,,,,,,,,,,,,,,,,,,,,,,,,,,,,,,,,,,,,,,,,,,,,
