Regierungsbezirk;Kreis/Kreisfreie Stadt ;Kommune;Anzahl der durchgeführten verkaufsoffenen Sonn- und Feiertage ;für Verordnung/en herangezogene Sachgründe (1-5) nach § 6 Abs. 1 S. 2 LÖG NRW;Freigabe von verkaufsoffenen Sonn- und Feiertagen durch Dauerverordnung/en (Ja/Nein) ;gerichtliche Streitfälle/ Erläuterungen 
Regierungsbezirk Arnsberg gesamt;Regierungsbezirk Arnsberg gesamt;Regierungsbezirk Arnsberg gesamt;196;/;/;/
Regierungsbezirk Arnsberg;Stadt Bochum;Stadt Bochum;6;6;Nein;keine
Regierungsbezirk Arnsberg;Stadt Dortmund;Stadt Dortmund;11;1,2,3,4,5;Nein;keine
Regierungsbezirk Arnsberg;Stadt Hagen;Stadt Hagen;4;1;2;keine
Regierungsbezirk Arnsberg;Stadt Hamm;Stadt Hamm;4;1,2,3,4,5;Nein;keine
Regierungsbezirk Arnsberg;Stadt Herne;Stadt Herne;0;0;Nein;keine
Regierungsbezirk Arnsberg;Ennepe-Ruhr-Kreis; Breckerfeld;0;0;Nein;keine
Regierungsbezirk Arnsberg;Ennepe-Ruhr-Kreis; Ennepetal;1;1,2,4,5;Nein;keine
Regierungsbezirk Arnsberg;Ennepe-Ruhr-Kreis; Gevelsberg;4;;Ja;keine
Regierungsbezirk Arnsberg;Ennepe-Ruhr-Kreis; Hattingen;4;1;Nein;keine
Regierungsbezirk Arnsberg;Ennepe-Ruhr-Kreis; Herdecke;4;1;Nein;keine
Regierungsbezirk Arnsberg;Ennepe-Ruhr-Kreis; Schwelm;3;3;Nein;keine
Regierungsbezirk Arnsberg;Ennepe-Ruhr-Kreis; Sprockhövel;1;1;Ja;keine
Regierungsbezirk Arnsberg;Ennepe-Ruhr-Kreis; Wetter;2;1;Nein;keine
Regierungsbezirk Arnsberg;Ennepe-Ruhr-Kreis; Witten;3;1;Nein;keine
Regierungsbezirk Arnsberg;Hochsauerland-Kreis; Arnsberg;10;1.;Ja;keine
Regierungsbezirk Arnsberg;Hochsauerland-Kreis; Bestwig;0;0;Nein;keine
Regierungsbezirk Arnsberg;Hochsauerland-Kreis; Brilon;6;1.;Ja;keine
Regierungsbezirk Arnsberg;Hochsauerland-Kreis; Eslohe;2;2.;Nein;keine
Regierungsbezirk Arnsberg;Hochsauerland-Kreis; Hallenberg;1;1.;Ja;keine
Regierungsbezirk Arnsberg;Hochsauerland-Kreis; Marsberg;4;4.;Ja;keine
Regierungsbezirk Arnsberg;Hochsauerland-Kreis; Medebach;3;3.;Ja;keine
Regierungsbezirk Arnsberg;Hochsauerland-Kreis; Meschede;3;0;Nein;keine
Regierungsbezirk Arnsberg;Hochsauerland-Kreis; Olsberg;2;1.;Nein;keine
Regierungsbezirk Arnsberg;Hochsauerland-Kreis; Schmallenberg;2;2.;Nein;keine
Regierungsbezirk Arnsberg;Hochsauerland-Kreis; Sundern;5;1.;Ja;keine
Regierungsbezirk Arnsberg;Hochsauerland-Kreis; Winterberg;;;Ja;keine
Regierungsbezirk Arnsberg;Märkischer  Kreis; Altena;2;2;Nein;keine
Regierungsbezirk Arnsberg;Märkischer  Kreis; Balve;1;1;Nein;keine
Regierungsbezirk Arnsberg;Märkischer  Kreis; Halver;1;1;Nein;keine
Regierungsbezirk Arnsberg;Märkischer  Kreis; Hemer;1;1,2,3,4,5;Nein;keine
Regierungsbezirk Arnsberg;Märkischer  Kreis; Herscheid;0;;Nein;keine
Regierungsbezirk Arnsberg;Märkischer  Kreis; Iserlohn;5;1,2,3,4,5;Nein;keine
Regierungsbezirk Arnsberg;Märkischer  Kreis; Kierspe;0;;Nein;keine
Regierungsbezirk Arnsberg;Märkischer  Kreis; Lüdenscheid;0;;Nein;keine
Regierungsbezirk Arnsberg;Märkischer  Kreis; Meinerzhagen;1;1;Nein;  keine
Regierungsbezirk Arnsberg;Märkischer  Kreis; Menden;4;1;Nein;keine
Regierungsbezirk Arnsberg;Märkischer  Kreis; Nachrodt-Wiblingwerde;0;;Nein;keine
Regierungsbezirk Arnsberg;Märkischer  Kreis; Neuenrade;0;;Nein;keine
Regierungsbezirk Arnsberg;Märkischer  Kreis; Plettenberg;1;1;Nein;keine
Regierungsbezirk Arnsberg;Märkischer  Kreis; Schalksmühle;0;;Nein;keine
Regierungsbezirk Arnsberg;Märkischer  Kreis; Werdohl;0;;Nein;keine
Regierungsbezirk Arnsberg;Kreis Olpe; Attendorn;4;4;Nein;keine
Regierungsbezirk Arnsberg;Kreis Olpe; Drolshagen;0;;Nein;keine
Regierungsbezirk Arnsberg;Kreis Olpe; Finnentrop;2;1,2,3,4,;Ja;keine
Regierungsbezirk Arnsberg;Kreis Olpe; Kirchhundem;;;;
Regierungsbezirk Arnsberg;Kreis Olpe; Lennestadt;5;1;Nein;Keine
Regierungsbezirk Arnsberg;Kreis Olpe; Olpe;4;1;Ja;keine
Regierungsbezirk Arnsberg;Kreis Olpe; Wenden;1;1;Nein;keine
Regierungsbezirk Arnsberg;Kreis Siegen-Wittgenstein; Bad Berleburg;3;1;Nein;keine
Regierungsbezirk Arnsberg;Kreis Siegen-Wittgenstein; Burbach;0;0;Nein;keine
Regierungsbezirk Arnsberg;Kreis Siegen-Wittgenstein; Erndtebrück;0;0;Nein;keine
Regierungsbezirk Arnsberg;Kreis Siegen-Wittgenstein; Freudenberg;2;1;Nein;keine
Regierungsbezirk Arnsberg;Kreis Siegen-Wittgenstein; Hilchenbach;4;1;Ja;keine
Regierungsbezirk Arnsberg;Kreis Siegen-Wittgenstein; Kreuztal;0;;Nein;keine
Regierungsbezirk Arnsberg;Kreis Siegen-Wittgenstein; Bad Laasphe;3;3;Nein;keine
Regierungsbezirk Arnsberg;Kreis Siegen-Wittgenstein; Netphen;0;;Nein;keine
Regierungsbezirk Arnsberg;Kreis Siegen-Wittgenstein; Neunkirchen;2;1;Nein;keine
Regierungsbezirk Arnsberg;Kreis Siegen-Wittgenstein; Siegen;2;1;Nein;keine
Regierungsbezirk Arnsberg;Kreis Siegen-Wittgenstein; Wilnsdorf;3;1;Ja;keine
Regierungsbezirk Arnsberg;Kreis Soest; Anröchte;2;2;ja;keine
Regierungsbezirk Arnsberg;Kreis Soest; Bad Sassendorf;0;0;Nein;keine
Regierungsbezirk Arnsberg;Kreis Soest; Ense;1;1;Nein;keine
Regierungsbezirk Arnsberg;Kreis Soest; Erwitte;4;1,3;Ja;keine
Regierungsbezirk Arnsberg;Kreis Soest; Geseke;4;1,3;Ja;keine
Regierungsbezirk Arnsberg;Kreis Soest; Lippetal;3;1;Ja;keine
Regierungsbezirk Arnsberg;Kreis Soest; Lippstadt;9; 1,2,3,4 ;Ja;keine
Regierungsbezirk Arnsberg;Kreis Soest; Möhnesee;0;;Nein;keine
Regierungsbezirk Arnsberg;Kreis Soest; Rüthen;0;;Nein;keine
Regierungsbezirk Arnsberg;Kreis Soest; Soest;4;1;Ja;keine
Regierungsbezirk Arnsberg;Kreis Soest; Warstein;1;1;Nein;keine
Regierungsbezirk Arnsberg;Kreis Soest; Welver;0;;Nein;keine
Regierungsbezirk Arnsberg;Kreis Soest; Werl;4;4;Nein;keine
Regierungsbezirk Arnsberg;Kreis Soest; Wickede;1;1;Nein;keine
Regierungsbezirk Arnsberg;Kreis Unna; Bergkamen;2;1;Nein;keine
Regierungsbezirk Arnsberg;Kreis Unna; Bönen;0;;Nein;keine
Regierungsbezirk Arnsberg;Kreis Unna; Fröndenberg;4;1,3,4,5;Ja;keine
Regierungsbezirk Arnsberg;Kreis Unna; Holzwickede;0;;Nein;keine
Regierungsbezirk Arnsberg;Kreis Unna; Kamen;3;1;Ja;keine
Regierungsbezirk Arnsberg;Kreis Unna; Lünen;2;1;Nein;keine
Regierungsbezirk Arnsberg;Kreis Unna; Schwerte;4;1;Nein;keine
Regierungsbezirk Arnsberg;Kreis Unna; Selm;4;4;Nein;keine
Regierungsbezirk Arnsberg;Kreis Unna; Unna;4;4;Nein;keine
Regierungsbezirk Arnsberg;Kreis Unna; Werne;4;1;Ja;keine
Regierungsbezirk Detmold gesamt;Regierungsbezirk Detmold gesamt;Regierungsbezirk Detmold gesamt;198;/;/;/
Regierungsbezirk Detmold;Stadt Bielefeld;Stadt Bielefeld;11;Nr. 1;ja;
Regierungsbezirk Detmold;Kreis Gütersloh;Borgholzhausen;2;Nr. 1;ja;keine
Regierungsbezirk Detmold;Kreis Gütersloh;Gütersloh;4;Nr. 1;ja;keine
Regierungsbezirk Detmold;Kreis Gütersloh;Halle;4;Nr. 1;3 ja / 1 nein;keine
Regierungsbezirk Detmold;Kreis Gütersloh;Harsewinkel;4;Nr. 1;ja;keine
Regierungsbezirk Detmold;Kreis Gütersloh;Herzebrock-Clarholz;1;Nr. 1;nein;keine
Regierungsbezirk Detmold;Kreis Gütersloh;Langenberg;3;Nr. 1;ja;keine
Regierungsbezirk Detmold;Kreis Gütersloh;"Rheda-
Wiedenbrück";8;Nr. 1;ja;keine
Regierungsbezirk Detmold;Kreis Gütersloh;Rietberg;7;Nr. 1;ja;keine
Regierungsbezirk Detmold;Kreis Gütersloh;Schloß Holte-Stukenbrock;3;Nr. 1 ;ja;keine
Regierungsbezirk Detmold;Kreis Gütersloh;Steinhagen;4;Nr. 1;nein;keine
Regierungsbezirk Detmold;Kreis Gütersloh;Verl;4;Nrn. 1 und 2;nein;keine
Regierungsbezirk Detmold;Kreis Gütersloh;Versmold;4;Nr. 1;ja;keine
Regierungsbezirk Detmold;Kreis Gütersloh;Werther;3;Nr. 1;nein;keine
Regierungsbezirk Detmold;Kreis Herford;Bünde;3;Nr. 3;nein;keine
Regierungsbezirk Detmold;Kreis Herford;Enger;3;Nr. 1;nein;keine
Regierungsbezirk Detmold;Kreis Herford;Herford;4;Nr. 1;nein;keine
Regierungsbezirk Detmold;Kreis Herford;Hiddenhausen;0;0;nein;keine
Regierungsbezirk Detmold;Kreis Herford;Kirchlengern;3;Nr. 3 ;nein;keine
Regierungsbezirk Detmold;Kreis Herford;Löhne;4;Nr. 1;nein;keine
Regierungsbezirk Detmold;Kreis Herford;Rödinghausen;8;Zusammenhang mit örtl. Festen, Märkten, Messen oder ähnl. Veranstaltungen;ja;keine
Regierungsbezirk Detmold;Kreis Herford;Spenge;2;Nr. 1;ja;keine
Regierungsbezirk Detmold;Kreis Herford;Vlotho;3;0;nein;keine
Regierungsbezirk Detmold;Kreis Höxter;Bad Driburg;3;Nr. 3;nein;keine
Regierungsbezirk Detmold;Kreis Höxter;Beverungen;2;Nr. 3;nein;keine
Regierungsbezirk Detmold;Kreis Höxter;Borgentreich;0;0;nein;keine
Regierungsbezirk Detmold;Kreis Höxter;Brakel;4;Nr. 4;ja;keine
Regierungsbezirk Detmold;Kreis Höxter;Höxter;4;Nr. 4;ja;keine
Regierungsbezirk Detmold;Kreis Höxter;Marienmünster;0;0;nein;keine
Regierungsbezirk Detmold;Kreis Höxter;Nieheim;1;Nr. 1;ja;keine
Regierungsbezirk Detmold;Kreis Höxter;Steinheim;1;Nr. 1;ja;keine
Regierungsbezirk Detmold;Kreis Höxter;Warburg;3;Nr. 3;ja;keine
Regierungsbezirk Detmold;Kreis Höxter;Willebadessen;0;0;nein;keine
Regierungsbezirk Detmold;Kreis Lippe;Augustdorf;0;0;nein;keine
Regierungsbezirk Detmold;Kreis Lippe;Bad Salzuflen;6;Nrn. 1 - 5;ja;4 verkaufsoffene Sonntage im OT Bad Salzuflen, 2 im OT Schötmar
Regierungsbezirk Detmold;Kreis Lippe;Barntrup;2;1;ja;-
Regierungsbezirk Detmold;Kreis Lippe;Blomberg;4;Nr. 1;nein;keine
Regierungsbezirk Detmold;Kreis Lippe;Detmold;5;Nr. 1;ja;keine
Regierungsbezirk Detmold;Kreis Lippe;Dörentrup;0;0;nein;keine
Regierungsbezirk Detmold;Kreis Lippe;Extertal;0;0;nein;keine
Regierungsbezirk Detmold;Kreis Lippe;Horn-Bad Meinberg;4;Nr. 1;nein;keine
Regierungsbezirk Detmold;Kreis Lippe;Kalletal;0;0;nein;keine
Regierungsbezirk Detmold;Kreis Lippe;Lage;4;Nr. 1;ja;keine
Regierungsbezirk Detmold;Kreis Lippe;Lemgo;4;Nr. 1;ja;keine
Regierungsbezirk Detmold;Kreis Lippe;Leopoldshöhe;0;0;nein;keine
Regierungsbezirk Detmold;Kreis Lippe;Lügde;6;Nr. 1;ja;keine
Regierungsbezirk Detmold;Kreis Lippe;Oerlinghausen;1;Nr. 1;nein;keine
Regierungsbezirk Detmold;Kreis Lippe;Schieder-Schwalenberg;0;0;nein;keine
Regierungsbezirk Detmold;Kreis Lippe;Schlangen;1;Nr. 1;ja;keine
Regierungsbezirk Detmold;Kreis Minden-Lübbecke;Bad Oeynhausen;4;Nr. 1;ja;keine
Regierungsbezirk Detmold;Kreis Minden-Lübbecke;Espelkamp;4;Nrn. 1-5;ja;keine
Regierungsbezirk Detmold;Kreis Minden-Lübbecke;Hille;1;Nr. 1;ja;keine
Regierungsbezirk Detmold;Kreis Minden-Lübbecke;Hüllhorst;0;0;nein;keine
Regierungsbezirk Detmold;Kreis Minden-Lübbecke;Lübbecke;4;Nr. 4;ja;keine
Regierungsbezirk Detmold;Kreis Minden-Lübbecke;Minden;4;Nr. 1;nein;keine
Regierungsbezirk Detmold;Kreis Minden-Lübbecke;Petershagen;4;Nr. 4;ja;keine
Regierungsbezirk Detmold;Kreis Minden-Lübbecke;Porta Westfalica;0;0;nein;keine
Regierungsbezirk Detmold;Kreis Minden-Lübbecke;Preußisch Oldendorf;2;Nr. 1;ja;keine
Regierungsbezirk Detmold;Kreis Minden-Lübbecke;Rahden;3;Nrn. 1-5;nein;keine
Regierungsbezirk Detmold;Kreis Minden-Lübbecke;Stemwede;0;0;nein;keine
Regierungsbezirk Detmold;Kreis Paderborn;Altenbeken;0;0;nein;keine
Regierungsbezirk Detmold;Kreis Paderborn;Bad Lippspringe;5;Nr. 1;nein;keine
Regierungsbezirk Detmold;Kreis Paderborn;Bad Wünnenberg;0;0;nein;keine
Regierungsbezirk Detmold;Kreis Paderborn;Borchen;0;0;nein;keine
Regierungsbezirk Detmold;Kreis Paderborn;Büren;2;Nrn. 1 und 3;ja;keine
Regierungsbezirk Detmold;Kreis Paderborn;Delbrück;4;Nr. 1;ja;keine
Regierungsbezirk Detmold;Kreis Paderborn;Hövelhof;3;Nr. 1;ja;keine
Regierungsbezirk Detmold;Kreis Paderborn;Paderborn;7;Nr. 1;ja;keine
Regierungsbezirk Detmold;Kreis Paderborn;Lichtenau;0;0;nein;keine
Regierungsbezirk Detmold;Kreis Paderborn;Salzkotten;4;Nr. 1;nein;keine
Regierungsbezirk Düsseldorf gesamt;Regierungsbezirk Düsseldorf gesamt;Regierungsbezirk Düsseldorf gesamt;237;/;/;/
Regierungsbezirk Düsseldorf;Stadt Düsseldorf;Stadt Düsseldorf;9;10;nein;1, ProWein 10.03.2024
Regierungsbezirk Düsseldorf;Stadt Duisburg;Stadt Duisburg;10;10;Nein jährl. VO;Fehlanzeige
Regierungsbezirk Düsseldorf;Stadt Essen;Stadt Essen;14;Nr. 1;Nein;keine
Regierungsbezirk Düsseldorf;Stadt Krefeld;Stadt Krefeld;10;es werden in allen Fällen alle Sachgründe herangezogen;nein;Keine
Regierungsbezirk Düsseldorf;Stadt Mönchengladbach;Stadt Mönchengladbach;5;ausschließlich Nr. 1;nein;keine
Regierungsbezirk Düsseldorf;Stadt Mülheim an der Ruhr;Stadt Mülheim an der Ruhr;1;Sachgrund 1;Nein;Fehlanzeige
Regierungsbezirk Düsseldorf;Stadt Oberhausen;Stadt Oberhausen;10;§ 6 Abs. 1 S. 2 Nr. 1 LÖG;Nein;Keine
Regierungsbezirk Düsseldorf;Stadt Remscheid;Stadt Remscheid;5;(1-4);Ja 5;keine
Regierungsbezirk Düsseldorf;Stadt Solingen;Stadt Solingen;6;1;Nein;
Regierungsbezirk Düsseldorf;Stadt Wuppertal;Stadt Wuppertal;1;1;Nein;./.
Regierungsbezirk Düsseldorf;Kreis Kleve;Bedburg-Hau;0;0;nein;0
Regierungsbezirk Düsseldorf;Kreis Kleve;Emmerich;2;1, 2 und 4;Nein;0
Regierungsbezirk Düsseldorf;Kreis Kleve;Geldern;5;1 & 4;ja;0
Regierungsbezirk Düsseldorf;Kreis Kleve;Goch;4;§ 6 Abs. 1 S. 2 Nr. 1 ;Ja, jeweils 3 Jahre;0
Regierungsbezirk Düsseldorf;Kreis Kleve;Issum;0;0;0;0
Regierungsbezirk Düsseldorf;Kreis Kleve;Kalkar;2;Ziffer 1, 2, 4, 5;Nein;0
Regierungsbezirk Düsseldorf;Kreis Kleve;Kerken;2;1,2,4,5;Nein;0
Regierungsbezirk Düsseldorf;Kreis Kleve;Kevelaer;5;5;nein;0
Regierungsbezirk Düsseldorf;Kreis Kleve;Kleve;2;1,5;nein;0
Regierungsbezirk Düsseldorf;Kreis Kleve;Kranenburg;0;0;nein;0
Regierungsbezirk Düsseldorf;Kreis Kleve;Rees;2;1,4,5;Nein;0
Regierungsbezirk Düsseldorf;Kreis Kleve;Rheurdt;0;0;0;0
Regierungsbezirk Düsseldorf;Kreis Kleve;Straelen;4;1,2,3,4;ja;0
Regierungsbezirk Düsseldorf;Kreis Kleve;Uedem;0;0;nein;0
Regierungsbezirk Düsseldorf;Kreis Kleve;Wachtendonk;2;0;ja;0
Regierungsbezirk Düsseldorf;Kreis Kleve;Weeze;0;0;nein;0
Regierungsbezirk Düsseldorf;Kreis Mettmann;Erkrath;0;0;Nein;Nein
Regierungsbezirk Düsseldorf;Kreis Mettmann;Haan;1;§ 6 Abs. 1 S. 2 Ziffer 1;Nein;Nein
Regierungsbezirk Düsseldorf;Kreis Mettmann;Heiligenhaus;4;§ 6 Abs. 1 S. 2 Ziffern 1 bis 5;Nein;Nein
Regierungsbezirk Düsseldorf;Kreis Mettmann;Hilden;4;§ 6 Abs. 1 S. 2 Ziffer 1;Nein;Nein
Regierungsbezirk Düsseldorf;Kreis Mettmann;Langenfeld;4;§ 6 Abs. 1 S. 2 Ziffer 2;Nein;Nein
Regierungsbezirk Düsseldorf;Kreis Mettmann;Mettmann;3;§ 6 Abs. 1 S. 2 Ziffern 1 bis 5;Nein;Nein
Regierungsbezirk Düsseldorf;Kreis Mettmann;Monheim;5;§ 6 Abs. 1 S. 2 Ziffer 1;Nein;Nein
Regierungsbezirk Düsseldorf;Kreis Mettmann;Ratingen;6;§ 6 Abs. 1 S. 2 Ziffer 1;Nein;Nein
Regierungsbezirk Düsseldorf;Kreis Mettmann;Velbert;3;§ 6 Abs. 1 S. 2 Ziffer 1;Nein;1 x wegen u.a. formeller Mängel (Klage wurde zurückgenommen - VoS zum Weihnachtsmarkt 2024)
Regierungsbezirk Düsseldorf;Kreis Mettmann;Wülfrath;2;§ 6 Abs. 1 S. 2 Ziffer 1;Nein;Nein
Regierungsbezirk Düsseldorf;Rhein-Kreis Neuss;Dormagen;5;keine;nein;keine
Regierungsbezirk Düsseldorf;Rhein-Kreis Neuss;Grevenbroich;3;Ziffer 1;ja;keine
Regierungsbezirk Düsseldorf;Rhein-Kreis Neuss;Jüchen;1;Ziffer 1;nein;keine
Regierungsbezirk Düsseldorf;Rhein-Kreis Neuss;Kaarst;8;"§6, I;1 Satz 2 Nr. 1 LÖG";Ja;4 Tage je Stadtteil
Regierungsbezirk Düsseldorf;Rhein-Kreis Neuss;Korschenbroich;4;Nr. 1 (auch Nr. 2, 4, 5);nein;keine
Regierungsbezirk Düsseldorf;Rhein-Kreis Neuss;Meerbusch;4;Ziffer 1;nein;0
Regierungsbezirk Düsseldorf;Rhein-Kreis Neuss;Neuss;3;Ziffer 1;nein;0
Regierungsbezirk Düsseldorf;Rhein-Kreis Neuss;Rommerskirchen;0;keine;nein;keine
Regierungsbezirk Düsseldorf;Kreis Viersen;Brüggen;0;Fehlanzeige;Fehlanzeige;Fehlanzeige
Regierungsbezirk Düsseldorf;Kreis Viersen;Grefrath;4;1 (Hauptgrund);ja (VO v. 05.03.2024);Fehlanzeige
Regierungsbezirk Düsseldorf;Kreis Viersen;Kempen;5;5;ja;Fehlanzeige
Regierungsbezirk Düsseldorf;Kreis Viersen;Nettetal;7;1;Ja;Fehlanzeige
Regierungsbezirk Düsseldorf;Kreis Viersen;Niederkrüchten;0;Fehlanzeige;Fehlanzeige;Fehlanzeige
Regierungsbezirk Düsseldorf;Kreis Viersen;Schwalmtal;4;1+2;Nein;Fehlanzeige
Regierungsbezirk Düsseldorf;Kreis Viersen;Tönisvorst;1;1,2,3,4,5;nein;Fehlanzeige
Regierungsbezirk Düsseldorf;Kreis Viersen;Viersen;9;Nr. 1;ja;Fehlanzeige
Regierungsbezirk Düsseldorf;Kreis Viersen;Willich;3;1 bis 5;ja;Fehlanzeige
Regierungsbezirk Düsseldorf;Kreis Wesel;Alpen;2;2;Nein;Nein
Regierungsbezirk Düsseldorf;Kreis Wesel;Dinslaken;6;alle Nr. 1;Nein;nein
Regierungsbezirk Düsseldorf;Kreis Wesel;Hamminkeln;8;1;ja;nein
Regierungsbezirk Düsseldorf;Kreis Wesel;Hünxe;0;0;nein;nein
Regierungsbezirk Düsseldorf;Kreis Wesel;Kamp-Lintfort;0;0;nein;nein
Regierungsbezirk Düsseldorf;Kreis Wesel;Moers;3;1;nein;nein
Regierungsbezirk Düsseldorf;Kreis Wesel;Neukirchen-Vluyn;4;4;Nein;keine
Regierungsbezirk Düsseldorf;Kreis Wesel;Rheinberg;1;1;nein;
Regierungsbezirk Düsseldorf;Kreis Wesel;Schermbeck;2;Nr. 1;Ja, für konkrete Veranstaltungen;nein
Regierungsbezirk Düsseldorf;Kreis Wesel;Sonsbeck;3;3;nein;nein
Regierungsbezirk Düsseldorf;Kreis Wesel;Voerde;2;2 x Sachgrund 1;ja;nein
Regierungsbezirk Düsseldorf;Kreis Wesel;Wesel;4;Nr.1;ja;nein
Regierungsbezirk Düsseldorf;Kreis Wesel;Xanten;8;§ 6 Abs. 1 S.2 Nr. 1;nein ;nein
Regierungsbezirk Köln gesamt;Regierungsbezirk Köln gesamt;Regierungsbezirk Köln gesamt;240;/;/;/
Regierungsbezirk Köln;Stadt Aachen;Stadt Aachen;7;Nr. 1;Nein;Keine
Regierungsbezirk Köln;Stadt Bonn;Stadt Bonn;6;Nr. 1;Nein;Keine
Regierungsbezirk Köln;Stadt Köln;Stadt Köln;13;Nr. 1-4;Ja;Keine
Regierungsbezirk Köln;Stadt Leverkusen;Stadt Leverkusen;12;Nr. 1, 2;Nein, jährliche VO;Keine
Regierungsbezirk Köln;StädteRegion Aachen; Alsdorf;1;Ja, Nr. 1;Nein;Nein
Regierungsbezirk Köln;StädteRegion Aachen; Baesweiler;4;Sachgrund 1;Nein;0
Regierungsbezirk Köln;StädteRegion Aachen; Eschweiler;4;Sachgründe Nr. 1, 2, 5 ;nein;keine gerichtlichen Verfahren
Regierungsbezirk Köln;StädteRegion Aachen; Herzogenrath;4;§ 6 Abs. 1 S.2 Nr. 1;Nein;0
Regierungsbezirk Köln;StädteRegion Aachen; Monschau;0;/;Nein;keine
Regierungsbezirk Köln;StädteRegion Aachen; Roetgen;0;/;Nein;keine
Regierungsbezirk Köln;StädteRegion Aachen; Simmerath;3;Sachgrund 1 hauptsächlich und 2-5;ja;
Regierungsbezirk Köln;StädteRegion Aachen; Stolberg;4;1;nein;keine
Regierungsbezirk Köln;StädteRegion Aachen; Würselen;4;1;nein;nein
Regierungsbezirk Köln;Kreis Düren; Aldenhoven;0;/;/;/
Regierungsbezirk Köln;Kreis Düren; Düren;4;Ja;Nein;Keine
Regierungsbezirk Köln;Kreis Düren; Heimbach;0;/;/;/
Regierungsbezirk Köln;Kreis Düren; Hürtgenwald;0;/;/;/
Regierungsbezirk Köln;Kreis Düren; Inden;0;/;/;/
Regierungsbezirk Köln;Kreis Düren; Jülich;4;örtliche Festen & Märkte;Nein;Keine
Regierungsbezirk Köln;Kreis Düren; Kreuzau;0;/;/;/
Regierungsbezirk Köln;Kreis Düren; Langerwehe;2;Nr. 2;;
Regierungsbezirk Köln;Kreis Düren; Linnich;0;/;/;/
Regierungsbezirk Köln;Kreis Düren; Merzenich;0;/;/;/
Regierungsbezirk Köln;Kreis Düren; Nideggen;4;Nr. 1;Ja;Keine
Regierungsbezirk Köln;Kreis Düren; Niederzier;0;/;/;/
Regierungsbezirk Köln;Kreis Düren; Nörvenich;0;/;/;/
Regierungsbezirk Köln;Kreis Düren; Titz;0;/;/;/
Regierungsbezirk Köln;Kreis Düren; Vettweiß;0;/;/;/
Regierungsbezirk Köln;Kreis Euskirchen; Bad Münstereifel;8;Nr. 1,2 und 4;Nein;Keine
Regierungsbezirk Köln;Kreis Euskirchen; Blankenheim;0;/;/;/
Regierungsbezirk Köln;Kreis Euskirchen; Dahlem;0;/;/;/
Regierungsbezirk Köln;Kreis Euskirchen; Euskirchen;4; Nr.1;jährl. ordnungsbeh. VO;Keine
Regierungsbezirk Köln;Kreis Euskirchen; Hellenthal;0;/;/;/
Regierungsbezirk Köln;Kreis Euskirchen; Kall;1;Nr. 1 und 5;Nein;Keine
Regierungsbezirk Köln;Kreis Euskirchen; Mechernich;2; Nr. 1;Ja;Keine
Regierungsbezirk Köln;Kreis Euskirchen; Nettersheim;0;/;/;/
Regierungsbezirk Köln;Kreis Euskirchen; Schleiden;2;Nr. 1;Nein;Keine
Regierungsbezirk Köln;Kreis Euskirchen; Weilerswist;0;/;/;/
Regierungsbezirk Köln;Kreis Euskirchen; Zülpich;0;/;/;/
Regierungsbezirk Köln;Kreis Heinsberg; Erkelenz;4;Nr. 1;Nein;Keine
Regierungsbezirk Köln;Kreis Heinsberg;Gangelt;0;/;/;/
Regierungsbezirk Köln;Kreis Heinsberg; Geilenkirchen;4;Nr. 1,2,3,4,5;Nein;Keine
Regierungsbezirk Köln;Kreis Heinsberg;Heinsberg;6;Nr. 1;Nein ;Keine
Regierungsbezirk Köln;Kreis Heinsberg; Hückelhoven;4;Nr. 1;Nein;Keine
Regierungsbezirk Köln;Kreis Heinsberg;Selfkant;0;/;/;/
Regierungsbezirk Köln;Kreis Heinsberg;Übach-Palenberg;3;Nr. 1;Nein ;Keine
Regierungsbezirk Köln;Kreis Heinsberg; Wassenberg;4;Nr. 1;Nein;Keine
Regierungsbezirk Köln;Kreis Heinsberg; Wegberg;4;Nr. 1;Nein;Keine
Regierungsbezirk Köln;Oberbergischer Kreis; Bergneustadt;1;Nr. 1;Nein;Keine
Regierungsbezirk Köln;Oberbergischer Kreis; Engelskirchen;3;Nr. 1;Ja;Keine
Regierungsbezirk Köln;Oberbergischer Kreis; Gummersbach;0;/;/;/
Regierungsbezirk Köln;Oberbergischer Kreis; Hückeswagen;4;Veranstaltungen;Nein;Keine
Regierungsbezirk Köln;Oberbergischer Kreis; Lindlar;1;keine Angabe;keine Angabe;keine Angabe
Regierungsbezirk Köln;Oberbergischer Kreis; Marienheide;0;/;/;/
Regierungsbezirk Köln;Oberbergischer Kreis; Morsbach;0;/;/;/
Regierungsbezirk Köln;Oberbergischer Kreis; Nümbrecht;2;Nr. 1;Nein;Keine
Regierungsbezirk Köln;Oberbergischer Kreis; Radevormwald;3;Nr. 3;Nein;Keine
Regierungsbezirk Köln;Oberbergischer Kreis; Reichshof;0;/;/;/
Regierungsbezirk Köln;Oberbergischer Kreis; Waldbröl;2;im Zusammenhang mit örtlichen Festen, Märkten, Messen oder ähnlichen Veranstaltungen erfolgt (§ 6 Abs. 1 S. 2 Nr. 1 LÖG NRW) ;Nein;/
Regierungsbezirk Köln;Oberbergischer Kreis; Wiehl;3;Nr. 1-5;Ja;/
Regierungsbezirk Köln;Oberbergischer Kreis; Wipperfürth;3;Nr. 1;Ja;Ja, vor dem zweiten verkaufsoffenen Sonntag hat Verdi einen Antrag nach § 47 Abs. 6 VwGO beim OVG Münster gestellt. Das OVG hat den Antrag per Eilbeschluss abgelehnt.  
Regierungsbezirk Köln;Rheinisch-Bergischer Kreis;Bergisch Gladbach;10;Nr. 1;Nein;Keine
Regierungsbezirk Köln;Rheinisch-Bergischer Kreis; Burscheid;5;§ 6 Absatz I Satz 2 Nr. 1, 2, 3 LÖG NRW (teils kumulativ);Ja;/
Regierungsbezirk Köln;Rheinisch-Bergischer Kreis; Kürten;0;/;/;/
Regierungsbezirk Köln;Rheinisch-Bergischer Kreis; Leichlingen;6;Nr. 1;Nein ;Keine
Regierungsbezirk Köln;Rheinisch-Bergischer Kreis; Odenthal;0;/;/;/
Regierungsbezirk Köln;Rheinisch-Bergischer Kreis; Overath;4;Nr. 1;Ja;Keine
Regierungsbezirk Köln;Rheinisch-Bergischer Kreis; Rösrath;3;Nr. 1;Nein;/
Regierungsbezirk Köln;Rheinisch-Bergischer Kreis; Wermelskirchen;4;Nr. 4;Ja;Keine
Regierungsbezirk Köln;Rhein-Erft-Kreis; Bedburg;4;Nr. 4;Ja;Keine
Regierungsbezirk Köln;Rhein-Erft-Kreis; Bergheim;7;Nr. 1, 4, 5;Nein;Keine
Regierungsbezirk Köln;Rhein-Erft-Kreis; Brühl;4;Nr. 4;Ja;Keine
Regierungsbezirk Köln;Rhein-Erft-Kreis; Elsdorf;0;/;/;/
Regierungsbezirk Köln;Rhein-Erft-Kreis; Erftstadt;6;6;nein;Keine
Regierungsbezirk Köln;Rhein-Erft-Kreis;Frechen;3;01. Mai;ja;Keine
Regierungsbezirk Köln;Rhein-Erft-Kreis; Hürth;0;/;/;/
Regierungsbezirk Köln;Rhein-Erft-Kreis;Kerpen;4;Nr. 1;Ja;Keine
Regierungsbezirk Köln;Rhein-Erft-Kreis; Pulheim;5;Nr. 1;Nein;Keine
Regierungsbezirk Köln;Rhein-Erft-Kreis;Wesseling;2;Nr. 1, 4, 5;Nein;Keine
Regierungsbezirk Köln;Rhein-Sieg-Kreis; Alfter;0;/;/;/
Regierungsbezirk Köln;Rhein-Sieg-Kreis; Bad Honnef;2;"Nr. 1; 2; 4; 5";Nein;Keine
Regierungsbezirk Köln;Rhein-Sieg-Kreis; Bornheim;2;Nr. 1,4;Nein;Keine
Regierungsbezirk Köln;Rhein-Sieg-Kreis; Eitorf;3;Nr. 3;Ja;Keine
Regierungsbezirk Köln;Rhein-Sieg-Kreis; Hennef (Sieg);2;Nr. 1, 2, 5;Nein;Keine
Regierungsbezirk Köln;Rhein-Sieg-Kreis; Königswinter;2;Nr. 1,5;Ja;Keine
Regierungsbezirk Köln;Rhein-Sieg-Kreis; Lohmar;0;/;/;/
Regierungsbezirk Köln;Rhein-Sieg-Kreis; Meckenheim;2;Nr. 1;Nein;Keine
Regierungsbezirk Köln;Rhein-Sieg-Kreis; Much;2;Nr. 2;Nein;Keine
Regierungsbezirk Köln;Rhein-Sieg-Kreis;Neunkirchen-Seelscheid;0;/;/;/
Regierungsbezirk Köln;Rhein-Sieg-Kreis; Niederkassel;0;/;/;/
Regierungsbezirk Köln;Rhein-Sieg-Kreis; Rheinbach;3;Nr. 1,2,4,5;Nein;Keine
Regierungsbezirk Köln;Rhein-Sieg-Kreis; Ruppichteroth;1;Nr. 1;Ja;Keine
Regierungsbezirk Köln;Rhein-Sieg-Kreis; Sankt Augustin;1;Nr. 1;Nein;Keine
Regierungsbezirk Köln;Rhein-Sieg-Kreis; Siegburg;4;Nr. 4;Nein;Keine
Regierungsbezirk Köln;Rhein-Sieg-Kreis; Swisttal;0;/;/;/
Regierungsbezirk Köln;Rhein-Sieg-Kreis; Troisdorf;4;Nr. 1;Ja;Keine
Regierungsbezirk Köln;Rhein-Sieg-Kreis; Wachtberg;0;/;/;/
Regierungsbezirk Köln;Rhein-Sieg-Kreis; Windeck;1;Nr. 1;Ja;Keine
Regierungsbezirk Münster gesamt;Regierungsbezirk Münster gesamt;Regierungsbezirk Münster gesamt;251;/;/;/
Regierungsbezirk Münster;Stadt Bottrop;Stadt Bottrop;6;1 bis 5;Nein;Nein
Regierungsbezirk Münster;Stadt Gelsenkirchen;Stadt Gelsenkirchen;7;Nr. 1;nein;Nein
Regierungsbezirk Münster;Stadt Münster;Stadt Münster;3;Nr. 3;Ja ;Nein 
Regierungsbezirk Münster;Kreis Borken; Ahaus;8;Sachgrund 1 + 3;nein;Nein
Regierungsbezirk Münster;Kreis Borken; Bocholt;4;4;nein;Nein
Regierungsbezirk Münster;Kreis Borken; Borken;4;1;ja;Nein
Regierungsbezirk Münster;Kreis Borken; Gescher;4;1;Ja;Nein
Regierungsbezirk Münster;Kreis Borken; Gronau;7;1;Ja;Nein
Regierungsbezirk Münster;Kreis Borken; Heek;3;1,2,3,4,5;Ja, VO;Nein
Regierungsbezirk Münster;Kreis Borken; Heiden;2;2;ja;Nein
Regierungsbezirk Münster;Kreis Borken; Isselburg;1;0;nein;Nein
Regierungsbezirk Münster;Kreis Borken; Legden;3;1;Ja;Nein
Regierungsbezirk Münster;Kreis Borken; Raesfeld;0;0;nein;Nein
Regierungsbezirk Münster;Kreis Borken; Reken;2;2;nein;Nein
Regierungsbezirk Münster;Kreis Borken; Rhede;2;1 bis 5;Ja;Nein
Regierungsbezirk Münster;Kreis Borken; Schöppingen;2;1;Ja;Nein
Regierungsbezirk Münster;Kreis Borken; Stadtlohn;5;Nr. 1, Nr. 3;Ja;Nein
Regierungsbezirk Münster;Kreis Borken; Südlohn;3;Nr. 1 + 2;Ja;Nein
Regierungsbezirk Münster;Kreis Borken; Velen;3;nein;ja;Nein
Regierungsbezirk Münster;Kreis Borken; Vreden;4;"gestützt auf 1 + 3, 
weitere angerissen";"ja
zuletzt aktualisiert durch VO vom 13.11.2024";Nein
Regierungsbezirk Münster;Kreis Coesfeld; Ascheberg;2;Nr. 1;Nein;Nein
Regierungsbezirk Münster;Kreis Coesfeld; Billerbeck;3;Nr. 1;Ja;Nein
Regierungsbezirk Münster;Kreis Coesfeld; Coesfeld;2;Nr. 2;Ja;Nein
Regierungsbezirk Münster;Kreis Coesfeld; Dülmen;5;Nr. 1;Ja ;Nein 
Regierungsbezirk Münster;Kreis Coesfeld; Havixbeck;3;Nr. 3;Nein;Nein
Regierungsbezirk Münster;Kreis Coesfeld; Lüdinghausen;4;Nr. 4;Nein;Nein
Regierungsbezirk Münster;Kreis Coesfeld; Nordkirchen ;2;Nr. 1;Nein;Nein
Regierungsbezirk Münster;Kreis Coesfeld; Nottuln;1;Nr. 1;Nein;Nein
Regierungsbezirk Münster;Kreis Coesfeld; Olfen;3;Nr. 3;Ja;Nein
Regierungsbezirk Münster;Kreis Coesfeld; Rosendahl;2;Nr. 1 und 5;Nein;Nein
Regierungsbezirk Münster;Kreis Coesfeld; Senden;1;Nr. 1;Ja;Nein
Regierungsbezirk Münster;Kreis Recklinghausen; Castrop-Rauxel;7;Nr. 1 ;Nein;Keine
Regierungsbezirk Münster;Kreis Recklinghausen; Datteln;3;nein;Nein;Keine
Regierungsbezirk Münster;Kreis Recklinghausen; Dorsten;5;Nein;nein;Keine
Regierungsbezirk Münster;Kreis Recklinghausen; Gladbeck;2;Nr. 1 ;Nein;Keine
Regierungsbezirk Münster;Kreis Recklinghausen; Haltern am See;4;Nr. 1 ;Ja;Keine
Regierungsbezirk Münster;Kreis Recklinghausen; Herten;4;Nr. 1 ;Nein;Keine
Regierungsbezirk Münster;Kreis Recklinghausen; Marl;5;Nr. 1 ;Nein;Keine
Regierungsbezirk Münster;Kreis Recklinghausen;Oer-Erkenschwick;0;nein;nein;
Regierungsbezirk Münster;Kreis Recklinghausen; Recklinghausen;4;Nr. 1 ;Ja;Nein
Regierungsbezirk Münster;Kreis Recklinghausen; Waltrop;1;Nr. 1 ;Ja;Nein
Regierungsbezirk Münster;Kreis Steinfurt; Altenberge;2;Nr. 2 ;nein ;Nein
Regierungsbezirk Münster;Kreis Steinfurt; Emsdetten;4;Nr. 1 ;ja ;Nein
Regierungsbezirk Münster;Kreis Steinfurt; Greven;4;Nr. 1 ;ja ;Nein
Regierungsbezirk Münster;Kreis Steinfurt; Hopsten;2;Nr. 2 ;nein ;Nein
Regierungsbezirk Münster;Kreis Steinfurt; Hörstel;6;Nr.1 ;ja ;Nein
Regierungsbezirk Münster;Kreis Steinfurt; Horstmar;0;keine ;nein;Nein
Regierungsbezirk Münster;Kreis Steinfurt; Ibbenbüren;5;Nr. 5;nein ;Nein
Regierungsbezirk Münster;Kreis Steinfurt; Ladbergen;2;Nr. 1 ;ja ;Nein
Regierungsbezirk Münster;Kreis Steinfurt; Laer;3;Nr. 1 ;nein ;Nein
Regierungsbezirk Münster;Kreis Steinfurt; Lengerich;5;Nr. 1;ja ;Nein
Regierungsbezirk Münster;Kreis Steinfurt; Lienen;2;Nr. 1;ja;Nein
Regierungsbezirk Münster;Kreis Steinfurt; Lotte;0;keine ;nein;Nein
Regierungsbezirk Münster;Kreis Steinfurt; Metelen;2;Nr. 1;ja ;Nein
Regierungsbezirk Münster;Kreis Steinfurt; Mettingen;4;Nr. 1;nein;Nein
Regierungsbezirk Münster;Kreis Steinfurt; Neuenkirchen;4;Nr.1 + Nr. 5;ja ;Nein
Regierungsbezirk Münster;Kreis Steinfurt; Nordwalde;2;Nr. 1;ja ;Nein
Regierungsbezirk Münster;Kreis Steinfurt; Ochtrup;1;Nr.1 ;nein;Nein
Regierungsbezirk Münster;Kreis Steinfurt; Recke;3;Nr. 1 ;nein ;Nein
Regierungsbezirk Münster;Kreis Steinfurt; Rheine;7;Nr. 1 ;ja ;Nein
Regierungsbezirk Münster;Kreis Steinfurt; Saerbeck;0;keine ;nein ;Nein
Regierungsbezirk Münster;Kreis Steinfurt; Steinfurt;8;Nr. 1 ;nein;Nein
Regierungsbezirk Münster;Kreis Steinfurt; Tecklenburg;7;Nr. 1 ;ja ;Nein
Regierungsbezirk Münster;Kreis Steinfurt; Westerkappeln;0;keine ;nein;Nein
Regierungsbezirk Münster;Kreis Steinfurt; Wettringen;3;Nr. 1 ;ja ;Nein
Regierungsbezirk Münster;Kreis Warendorf; Ahlen;3;Nr. 1;Ja;Nein
Regierungsbezirk Münster;Kreis Warendorf; Beckum;8;Nr. 1;6 durch DauerVO;Nein
Regierungsbezirk Münster;Kreis Warendorf; Beelen;0;0;0;Nein
Regierungsbezirk Münster;Kreis Warendorf; Drensteinfurt;3;Nr. 1 ;Ja;Nein
Regierungsbezirk Münster;Kreis Warendorf; Ennigerloh;2;Nr. 1;Ja, für 3 Jahre (bis einschl. 2024);Nein
Regierungsbezirk Münster;Kreis Warendorf; Everswinkel;1;Nr. 1;Nein;Nein
Regierungsbezirk Münster;Kreis Warendorf; Oelde;5;5;nein;Nein
Regierungsbezirk Münster;Kreis Warendorf; Ostbevern;2;2;Nein;Nein
Regierungsbezirk Münster;Kreis Warendorf; Sassenberg;2;2;ja;Nein
Regierungsbezirk Münster;Kreis Warendorf; Sendenhorst;1;Nr. 1;Ja;Nein
Regierungsbezirk Münster;Kreis Warendorf; Telgte;7;01. Mai;Nein;Nein
Regierungsbezirk Münster;Kreis Warendorf; Wadersloh;1;nein;Ja;Nein
Regierungsbezirk Münster;Kreis Warendorf; Warendorf;4;1, 3, 4;4 Verordnungen über 3 Jahre (2022-2024);Nein
