anzahl,vorname,geschlecht,position
50,Emil,m,1
48,Noah,m,1
41,Sophie,w,2
40,Charlotte,w,1
40,Emilia,w,1
38,Marie,w,2
34,Ella,w,1
34,Mila,w,1
32,Theo,m,1
31,Alexander,m,2
29,Emma,w,1
29,Liam,m,1
28,Karl,m,1
27,Mathilda,w,1
26,Adam,m,1
26,Ben,m,1
26,Oskar,m,1
24,Nora,w,1
24,Elias,m,1
24,Leo,m,1
24,Linus,m,1
23,Mia,w,1
23,Felix,m,1
22,Amelie,w,1
22,Anna,w,1
22,Clara,w,1
22,Charlotte,w,2
21,Alma,w,1
21,Anton,m,1
21,Arthur,m,1
21,Finn,m,1
21,Leon,m,1
21,Luca,m,1
21,Mika,m,1
21,Paul,m,1
20,Ida,w,1
20,Sophia,w,1
20,Bruno,m,1
19,Lia,w,1
19,Valentin,m,1
19,Luise,w,2
18,Emily,w,1
18,Hannah,w,1
18,Mira,w,1
18,Fritz,m,1
17,Amalia,w,1
17,Lilly,w,1
17,Luna,w,1
17,Emilio,m,1
17,Friedrich,m,1
17,Gustav,m,1
17,Henry,m,1
17,Jonas,m,1
17,Levi,m,1
17,Lio,m,1
17,Milo,m,1
17,Moritz,m,1
17,Emilia,w,2
16,Frieda,w,1
16,Klara,w,1
16,Lea,w,1
16,Lena,w,1
16,Leni,w,1
16,Lina,w,1
16,Merle,w,1
16,Johann,m,1
16,Milan,m,1
16,Theodor,m,1
16,Maria,w,2
15,Elena,w,1
15,Helena,w,1
15,Johanna,w,1
15,Marie,w,1
15,Ali,m,1
15,Jonathan,m,1
15,Max,m,1
15,Samuel,m,1
14,Alva,w,1
14,Hanna,w,1
14,Lara,w,1
14,Lotta,w,1
14,Nele,w,1
14,Erik,m,1
14,Mateo,m,1
14,Matteo,m,1
14,Maxim,m,1
14,Elisabeth,w,2
14,Elias,m,2
14,Maximilian,m,2
13,Isabella,w,1
13,Rosalie,w,1
13,Thea,w,1
13,Valentina,w,1
13,Jonah,m,1
13,Malte,m,1
13,Maximilian,m,1
13,Till,m,1
12,Helene,w,1
12,Leonie,w,1
12,Marlene,w,1
12,Sofia,w,1
12,Adrian,m,1
12,Carlo,m,1
12,Franz,m,1
12,Jakob,m,1
12,Jannis,m,1
12,Julian,m,1
12,Louis,m,1
12,Simon,m,1
11,Edda,w,1
11,Freya,w,1
11,Maja,w,1
11,Paulina,w,1
11,Mats,m,1
11,Vincent,m,1
11,Emil,m,2
11,Levi,m,2
11,Paul,m,2
10,Amira,w,1
10,Elisa,w,1
10,Eva,w,1
10,Frida,w,1
10,Juna,w,1
10,Liv,w,1
10,Luisa,w,1
10,Malia,w,1
10,Martha,w,1
10,Melina,w,1
10,Milena,w,1
10,Olivia,w,1
10,Sophie,w,1
10,Yuna,w,1
10,Aaron,m,1
10,Benjamin,m,1
10,Kurt,m,1
10,Leopold,m,1
10,Marlon,m,1
10,Mattis,m,1
10,Oliver,m,1
10,Raphael,m,1
10,Richard,m,1
10,Amalia,w,2
10,Helene,w,2
10,Noah,m,2
10,Otto,m,2
9,Anastasia,w,1
9,Aurelia,w,1
9,Finja,w,1
9,Fiona,w,1
9,Fritzi,w,1
9,Kira,w,1
9,Lotte,w,1
9,Maria,w,1
9,Marla,w,1
9,Matilda,w,1
9,Maya,w,1
9,Rosa,w,1
9,Tilda,w,1
9,Zoe,w,1
9,Alexander,m,1
9,David,m,1
9,Julius,m,1
9,Lukas,m,1
9,Mattheo,m,1
9,Neo,m,1
9,Johanna,w,2
9,Valentina,w,2
9,Emilio,m,2
9,Liam,m,2
9,Valentin,m,2
8,Cleo,w,1
8,Elisabeth,w,1
8,Luise,w,1
8,Mariam,w,1
8,Maryam,w,1
8,Pia,w,1
8,Wilma,w,1
8,Ahmad,m,1
8,Amir,m,1
8,Fabian,m,1
8,Hannes,m,1
8,Janosch,m,1
8,Marlo,m,1
8,Otto,m,1
8,Tim,m,1
8,Timo,m,1
8,Tristan,m,1
8,Willi,m,1
8,Jolie,w,2
8,Josephine,w,2
8,Sophia,w,2
8,David,m,2
8,Friedrich,m,2
8,Karl,m,2
8,Kurt,m,2
8,Leopold,m,2
8,Lio,m,2
7,Antonia,w,1
7,Aurora,w,1
7,Ava,w,1
7,Carla,w,1
7,Carlotta,w,1
7,Lene,w,1
7,Lilli,w,1
7,Linda,w,1
7,Livia,w,1
7,Lola,w,1
7,Lucy,w,1
7,Mara,w,1
7,Nina,w,1
7,Paula,w,1
7,Pauline,w,1
7,Sarah,w,1
7,Selma,w,1
7,Alfred,m,1
7,Carl,m,1
7,Charlie,m,1
7,Edgar,m,1
7,Ferdinand,m,1
7,Hans,m,1
7,Henri,m,1
7,Johannes,m,1
7,Konstantin,m,1
7,Leander,m,1
7,Leonard,m,1
7,Leonardo,m,1
7,Mark,m,1
7,Matheo,m,1
7,Mustafa,m,1
7,Wilhelm,m,1
7,Lotta,w,2
7,Magdalena,w,2
7,Rose,w,2
7,Ferdinand,m,2
7,Johann,m,2
7,Louis,m,2
7,Luca,m,2
7,Luis,m,2
7,Oskar,m,2
7,Theodor,m,2
7,Wilhelm,m,2
6,Anni,w,1
6,Diana,w,1
6,Hedi,w,1
6,Hilda,w,1
6,Käthe,w,1
6,Lilith,w,1
6,Louisa,w,1
6,Ronja,w,1
6,Sara,w,1
6,Stella,w,1
6,Albert,m,1
6,Arne,m,1
6,August,m,1
6,Fridolin,m,1
6,Gabriel,m,1
6,Joshua,m,1
6,Justus,m,1
6,Ludwig,m,1
6,Luis,m,1
6,Nelio,m,1
6,Niklas,m,1
6,Omar,m,1
6,Rayan,m,1
6,Robin,m,1
6,William,m,1
6,Carlotta,w,2
6,Ida,w,2
6,Juna,w,2
6,Katharina,w,2
6,Luna,w,2
6,Malou,w,2
6,Martha,w,2
6,Matilda,w,2
6,Ruth,w,2
6,Sofia,w,2
6,Christian,m,2
6,Jakob,m,2
6,Johannes,m,2
6,Matteo,m,2
6,Michael,m,2
6,Noel,m,2
6,Peter,m,2
6,Raphael,m,2
5,Aisha,w,1
5,Ayla,w,1
5,Bella,w,1
5,Eliana,w,1
5,Flora,w,1
5,Hermine,w,1
5,Jasmin,w,1
5,Karlotta,w,1
5,Kim,w,1
5,Lisa,w,1
5,Malea,w,1
5,Malina,w,1
5,Mascha,w,1
5,Romy,w,1
5,Ruby,w,1
5,Smilla,w,1
5,Valerie,w,1
5,Viktoria,w,1
5,Arvid,m,1
5,Bela,m,1
5,Elian,m,1
5,Enno,m,1
5,Frederik,m,1
5,Fynn,m,1
5,Jaro,m,1
5,Jasper,m,1
5,Joel,m,1
5,Jona,m,1
5,Jonte,m,1
5,Kalle,m,1
5,Kian,m,1
5,Konrad,m,1
5,Lenny,m,1
5,Levin,m,1
5,Lian,m,1
5,Luan,m,1
5,Luke,m,1
5,Magnus,m,1
5,Malik,m,1
5,Marvin,m,1
5,Matti,m,1
5,Michael,m,1
5,Mohammad,m,1
5,Mohammed,m,1
5,Nino,m,1
5,Ole,m,1
5,Oscar,m,1
5,Pepe,m,1
5,Robert,m,1
5,Sebastian,m,1
5,Toni,m,1
5,Frieda,w,2
5,Friederike,w,2
5,Jasmin,w,2
5,Lea,w,2
5,Lia,w,2
5,Lisbeth,w,2
5,Livia,w,2
5,Luisa,w,2
5,Marlene,w,2
5,Viktoria,w,2
5,Aaron,m,2
5,Alfred,m,2
5,Anton,m,2
5,Finn,m,2
5,Heinrich,m,2
5,Heinz,m,2
5,Levin,m,2
5,Oliver,m,2
5,Pascal,m,2
5,Philipp,m,2
5,Theo,m,2
5,William,m,2
4,Abby,w,1
4,Ada,w,1
4,Alexandra,w,1
4,Alina,w,1
4,Alisa,w,1
4,Amy,w,1
4,Arya,w,1
4,Ashley,w,1
4,Dalia,w,1
4,Elea,w,1
4,Felicitas,w,1
4,Florentine,w,1
4,Greta,w,1
4,Hailey,w,1
4,Holly,w,1
4,Jette,w,1
4,Julia,w,1
4,Kaja,w,1
4,Karla,w,1
4,Lana,w,1
4,Leyla,w,1
4,Lily,w,1
4,Livi,w,1
4,Mathilde,w,1
4,Mika,w,1
4,Miley,w,1
4,Miriam,w,1
4,Pina,w,1
4,Tabea,w,1
4,Theresa,w,1
4,Wanda,w,1
4,Yara,w,1
4,Ylvi,w,1
4,Aiden,m,1
4,Andreas,m,1
4,Arian,m,1
4,Armin,m,1
4,Aurelio,m,1
4,Benedikt,m,1
4,Benno,m,1
4,Constantin,m,1
4,Damian,m,1
4,Dario,m,1
4,Dean,m,1
4,Elijah,m,1
4,Fabio,m,1
4,Fiete,m,1
4,Hamza,m,1
4,Hanno,m,1
4,Ibrahim,m,1
4,Ivan,m,1
4,Jamie,m,1
4,Janne,m,1
4,Jaron,m,1
4,Leano,m,1
4,Lennard,m,1
4,Lias,m,1
4,Lionel,m,1
4,Lucas,m,1
4,Luka,m,1
4,Mailo,m,1
4,Miran,m,1
4,Mohamed,m,1
4,Philipp,m,1
4,Rafael,m,1
4,Sanad,m,1
4,Taavi,m,1
4,Tom,m,1
4,Zaid,m,1
4,Anastasia,w,2
4,Ava,w,2
4,Elaine,w,2
4,Elise,w,2
4,Frida,w,2
4,Karlotta,w,2
4,Lina,w,2
4,Linnea,w,2
4,Lou,w,2
4,Louise,w,2
4,Marina,w,2
4,Marleen,w,2
4,Mathilde,w,2
4,Olivia,w,2
4,Pauline,w,2
4,Rosalie,w,2
4,Victoria,w,2
4,Albert,m,2
4,Arthur,m,2
4,Aurel,m,2
4,Bo,m,2
4,Daniel,m,2
4,Elijah,m,2
4,Emanuel,m,2
4,Franz,m,2
4,Frederik,m,2
4,Fritz,m,2
4,Gabriel,m,2
4,Georg,m,2
4,Gustav,m,2
4,Henry,m,2
4,Joel,m,2
4,Julius,m,2
4,Kasimir,m,2
4,Leander,m,2
4,Leonard,m,2
4,Linus,m,2
4,Lukas,m,2
4,Maxim,m,2
4,Richard,m,2
4,Rudolf,m,2
4,Vincent,m,2
4,Willi,m,2
4,Anh,w,3
4,Thomas,m,3
3,Adele,w,1
3,Alba,w,1
3,Alia,w,1
3,Aliya,w,1
3,Amelia,w,1
3,Amina,w,1
3,Annalena,w,1
3,Aria,w,1
3,Asma,w,1
3,Avin,w,1
3,Aya,w,1
3,Ayleen,w,1
3,Eleonora,w,1
3,Elin,w,1
3,Elina,w,1
3,Elise,w,1
3,Elli,w,1
3,Emilie,w,1
3,Fenja,w,1
3,Fine,w,1
3,Gerda,w,1
3,Ghazal,w,1
3,Hedda,w,1
3,Helen,w,1
3,Henriette,w,1
3,Janne,w,1
3,Jara,w,1
3,Jonna,w,1
3,Katharina,w,1
3,Kaya,w,1
3,Laura,w,1
3,Layla,w,1
3,Leonora,w,1
3,Leonore,w,1
3,Liara,w,1
3,Liliana,w,1
3,Lilo,w,1
3,Lucia,w,1
3,Lucie,w,1
3,Marta,w,1
3,Mathea,w,1
3,Milou,w,1
3,Nela,w,1
3,Nelly,w,1
3,Nia,w,1
3,Nova,w,1
3,Rosemarie,w,1
3,Tamara,w,1
3,Tessa,w,1
3,Valeria,w,1
3,Vanessa,w,1
3,Zoey,w,1
3,Alessio,m,1
3,Amin,m,1
3,Amon,m,1
3,Ares,m,1
3,Ari,m,1
3,Aron,m,1
3,Artur,m,1
3,Carlos,m,1
3,Caspar,m,1
3,Cedric,m,1
3,Conrad,m,1
3,Cosmo,m,1
3,Daniel,m,1
3,Elio,m,1
3,Elyas,m,1
3,Enzo,m,1
3,Ezra,m,1
3,Fred,m,1
3,Frederick,m,1
3,Friedo,m,1
3,Georg,m,1
3,Gideon,m,1
3,Gregor,m,1
3,Hendrik,m,1
3,Henrik,m,1
3,Hugo,m,1
3,Ian,m,1
3,Jacob,m,1
3,Jan,m,1
3,Jari,m,1
3,Jaromir,m,1
3,Johan,m,1
3,John,m,1
3,Joris,m,1
3,Joscha,m,1
3,Josef,m,1
3,Josua,m,1
3,Junis,m,1
3,Karam,m,1
3,Karlo,m,1
3,Keno,m,1
3,Kuno,m,1
3,Lasse,m,1
3,Lennox,m,1
3,Leno,m,1
3,Lino,m,1
3,Lion,m,1
3,Lorenz,m,1
3,Mads,m,1
3,Malio,m,1
3,Marcel,m,1
3,Marten,m,1
3,Matei,m,1
3,Mio,m,1
3,Miro,m,1
3,Mohamad,m,1
3,Nick,m,1
3,Nikita,m,1
3,Nikolai,m,1
3,Nilo,m,1
3,Nils,m,1
3,Peter,m,1
3,Phil,m,1
3,Piet,m,1
3,Pino,m,1
3,Rio,m,1
3,Rudi,m,1
3,Rune,m,1
3,Sam,m,1
3,Tammo,m,1
3,Thiago,m,1
3,Victor,m,1
3,Willy,m,1
3,Yahia,m,1
3,Yorin,m,1
3,Yousef,m,1
3,Zayn,m,1
3,Alma,w,2
3,Angela,w,2
3,Anh,w,2
3,Anna,w,2
3,Anni,w,2
3,Antonia,w,2
3,Clara,w,2
3,Claudia,w,2
3,Edda,w,2
3,Elea,w,2
3,Erika,w,2
3,Freya,w,2
3,Fritzi,w,2
3,Helena,w,2
3,Hilde,w,2
3,Ilse,w,2
3,Ivanivna,w,2
3,Jette,w,2
3,Julie,w,2
3,Leona,w,2
3,Lilly,w,2
3,Linn,w,2
3,Lore,w,2
3,Malia,w,2
3,Mara,w,2
3,Margarete,w,2
3,Marlen,w,2
3,Mathea,w,2
3,Melina,w,2
3,Minou,w,2
3,Oleksandrivna,w,2
3,Paulina,w,2
3,Renate,w,2
3,Romy,w,2
3,Sandra,w,2
3,Violet,w,2
3,Abel,m,2
3,Andreas,m,2
3,Bao,m,2
3,Bernd,m,2
3,Carl,m,2
3,Christoph,m,2
3,Constantin,m,2
3,Emilian,m,2
3,Erwin,m,2
3,Gerhard,m,2
3,Hermann,m,2
3,James,m,2
3,Janosch,m,2
3,Jonas,m,2
3,Josef,m,2
3,Konrad,m,2
3,Konstantin,m,2
3,Lasse,m,2
3,Leon,m,2
3,Ludwig,m,2
3,Martin,m,2
3,Mika,m,2
3,Mike,m,2
3,Nathanael,m,2
3,Pavlovič,m,2
3,Rudi,m,2
3,Sebastian,m,2
3,Sven,m,2
3,Till,m,2
3,Ulrich,m,2
3,Walter,m,2
3,Willem,m,2
3,Maria,w,3
3,Marie,w,3
3,Michel,m,3
2,Aaliya,w,1
2,Aaliyah,w,1
2,Adriana,w,1
2,Agatha,w,1
2,Alea,w,1
2,Alenia,w,1
2,Alessia,w,1
2,Alicia,w,1
2,Alissa,w,1
2,Alysa,w,1
2,Amara,w,1
2,Amaya,w,1
2,Amila,w,1
2,Angelina,w,1
2,Anja,w,1
2,Annabelle,w,1
2,Annelie,w,1
2,Anouk,w,1
2,Asil,w,1
2,Bonnie,w,1
2,Celine,w,1
2,Chloe,w,1
2,Coco,w,1
2,Dana,w,1
2,Dilara,w,1
2,Dina,w,1
2,Eda,w,1
2,Edith,w,1
2,Eleni,w,1
2,Elenor,w,1
2,Eleyna,w,1
2,Elif,w,1
2,Ellen,w,1
2,Ellena,w,1
2,Ellie,w,1
2,Elly,w,1
2,Elsa,w,1
2,Emira,w,1
2,Emmi,w,1
2,Emmy,w,1
2,Enola,w,1
2,Erna,w,1
2,Esra,w,1
2,Esther,w,1
2,Evelyn,w,1
2,Fatima,w,1
2,Freyja,w,1
2,Friederike,w,1
2,Gloria,w,1
2,Grete,w,1
2,Hailie,w,1
2,Havin,w,1
2,Hawa,w,1
2,Hazel,w,1
2,Hella,w,1
2,Hilma,w,1
2,Isabel,w,1
2,Isabelle,w,1
2,Iskra,w,1
2,Israa,w,1
2,Iva,w,1
2,Ivy,w,1
2,Jana,w,1
2,Jella,w,1
2,Jenna,w,1
2,Johanne,w,1
2,Jola,w,1
2,Jood,w,1
2,Jordana,w,1
2,Josefina,w,1
2,Josephina,w,1
2,Josephine,w,1
2,Judith,w,1
2,Juli,w,1
2,Juni,w,1
2,Kaia,w,1
2,Kara,w,1
2,Karina,w,1
2,Kate,w,1
2,Kiana,w,1
2,Layan,w,1
2,Lea-Sophie,w,1
2,Leandra,w,1
2,Leevke,w,1
2,Letizia,w,1
2,Liah,w,1
2,Liana,w,1
2,Libi,w,1
2,Liese,w,1
2,Lillian,w,1
2,Linh,w,1
2,Linnea,w,1
2,Liya,w,1
2,Lore,w,1
2,Lou,w,1
2,Luana,w,1
2,Luba,w,1
2,Luca,w,1
2,Malin,w,1
2,Maliya,w,1
2,Malou,w,1
2,Margarete,w,1
2,Marianne,w,1
2,Mariella,w,1
2,Marlena,w,1
2,Marlie,w,1
2,Maxi,w,1
2,Maxime,w,1
2,Mayla,w,1
2,Melissa,w,1
2,Melody,w,1
2,Merida,w,1
2,Michelle,w,1
2,Milana,w,1
2,Milla,w,1
2,Millie,w,1
2,Mina,w,1
2,Muna,w,1
2,Natalie,w,1
2,Natasha,w,1
2,Nea,w,1
2,Neele,w,1
2,Nelia,w,1
2,Nicole,w,1
2,Nikole,w,1
2,Nikolina,w,1
2,Noa,w,1
2,Nori,w,1
2,Penelope,w,1
2,Philippa,w,1
2,Rebecca,w,1
2,Reva,w,1
2,Rita,w,1
2,Romi,w,1
2,Rubina,w,1
2,Runa,w,1
2,Samantha,w,1
2,Silvana,w,1
2,Tamina,w,1
2,Tara,w,1
2,Tiffany,w,1
2,Vera,w,1
2,Yasmina,w,1
2,Ylva,w,1
2,Ylvie,w,1
2,Zlata,w,1
2,Adnan,m,1
2,Ahmed,m,1
2,Ahmet,m,1
2,Alvar,m,1
2,Alvin,m,1
2,Alwin,m,1
2,Amador,m,1
2,Antoni,m,1
2,Antonio,m,1
2,Arkan,m,1
2,Arno,m,1
2,Artjom,m,1
2,Aslan,m,1
2,Avram,m,1
2,Ayan,m,1
2,Baran,m,1
2,Bastian,m,1
2,Bennet,m,1
2,Bento,m,1
2,Bjarne,m,1
2,Bo,m,1
2,Bogdan,m,1
2,Charly,m,1
2,Christopher,m,1
2,Collin,m,1
2,Danial,m,1
2,Danylo,m,1
2,Diego,m,1
2,Dinh,m,1
2,Domenic,m,1
2,Eddi,m,1
2,Eduard,m,1
2,Edwin,m,1
2,Elliot,m,1
2,Emilian,m,1
2,Emmanuel,m,1
2,Emran,m,1
2,Evan,m,1
2,Ghali,m,1
2,Gustaf,m,1
2,Hassan,m,1
2,Hauke,m,1
2,Henning,m,1
2,Hubert,m,1
2,Idris,m,1
2,Ilay,m,1
2,Ilyas,m,1
2,Ivar,m,1
2,Ivo,m,1
2,Jad,m,1
2,Jamo,m,1
2,Janik,m,1
2,Jannes,m,1
2,Jannik,m,1
2,Jayden,m,1
2,Jeremias,m,1
2,Jesse,m,1
2,Jonne,m,1
2,Jordan,m,1
2,Jorik,m,1
2,Juno,m,1
2,Kai,m,1
2,Karim,m,1
2,Kasimir,m,1
2,Kerem,m,1
2,Khôi,m,1
2,Kiano,m,1
2,Kilian,m,1
2,Kinan,m,1
2,Kolja,m,1
2,Laurenz,m,1
2,Leevi,m,1
2,Lenni,m,1
2,Leonas,m,1
2,Leonhard,m,1
2,Levio,m,1
2,Lijan,m,1
2,Logan,m,1
2,Loki,m,1
2,Lysander,m,1
2,Mahmud,m,1
2,Maksymilian,m,1
2,Marek,m,1
2,Marko,m,1
2,Martin,m,1
2,Massimo,m,1
2,Merlin,m,1
2,Michel,m,1
2,Mikkel,m,1
2,Milad,m,1
2,Miron,m,1
2,Momo,m,1
2,Muhammad,m,1
2,Nael,m,1
2,Nathan,m,1
2,Nazar,m,1
2,Nero,m,1
2,Nevio,m,1
2,Nicolas,m,1
2,Niels,m,1
2,Nikolas,m,1
2,Pablo,m,1
2,Rakan,m,1
2,Rocco,m,1
2,Ryan,m,1
2,Saad,m,1
2,Sami,m,1
2,Samir,m,1
2,Samu,m,1
2,Selim,m,1
2,Tamo,m,1
2,Tarek,m,1
2,Thees,m,1
2,Thies,m,1
2,Thomas,m,1
2,Thore,m,1
2,Thorin,m,1
2,Tizian,m,1
2,Tobias,m,1
2,Umut,m,1
2,Valentino,m,1
2,Viktor,m,1
2,Vito,m,1
2,Wanja,m,1
2,Yakoub,m,1
2,Yan,m,1
2,Yasin,m,1
2,Yasir,m,1
2,Yassin,m,1
2,Yeshua,m,1
2,Younes,m,1
2,Yunis,m,1
2,Yusef,m,1
2,Zain,m,1
2,Ahmed,w,2
2,Alba,w,2
2,Alexandra,w,2
2,Angelique,w,2
2,Annabel,w,2
2,Anne,w,2
2,Annelie,w,2
2,Anouk,w,2
2,Astrid,w,2
2,Carola,w,2
2,Christina,w,2
2,Christine,w,2
2,Céline,w,2
2,Diana,w,2
2,Dora,w,2
2,Elisa,w,2
2,Eloise,w,2
2,Elsa,w,2
2,Emilie,w,2
2,Estera,w,2
2,Eva,w,2
2,Evelyn,w,2
2,Fatima,w,2
2,Felicia,w,2
2,Feline,w,2
2,Fiona,w,2
2,Florentine,w,2
2,Franziska,w,2
2,Gabriela,w,2
2,Gul,w,2
2,Hannah,w,2
2,Heidi,w,2
2,Hope,w,2
2,Inge,w,2
2,Isabel,w,2
2,Isabella,w,2
2,Jamila,w,2
2,Jane,w,2
2,Janine,w,2
2,Jella,w,2
2,Joleen,w,2
2,Josepha,w,2
2,Julia,w,2
2,Kathrin,w,2
2,Kiara,w,2
2,Klara,w,2
2,Laureen,w,2
2,Liane,w,2
2,Liese,w,2
2,Linea,w,2
2,Liv,w,2
2,Louisa,w,2
2,Lovis,w,2
2,Malina,w,2
2,Margarethe,w,2
2,Marianne,w,2
2,Mariella,w,2
2,Mathilda,w,2
2,Mila,w,2
2,Milu,w,2
2,Minh,w,2
2,Mona,w,2
2,Monika,w,2
2,Nour,w,2
2,Oleksiivna,w,2
2,Palina,w,2
2,Paula,w,2
2,Pheline,w,2
2,Rita,w,2
2,Rosi,w,2
2,Sanna,w,2
2,Selma,w,2
2,Simone,w,2
2,Skadi,w,2
2,Soraya,w,2
2,Stella,w,2
2,Sylvia,w,2
2,Talvi,w,2
2,Theresia,w,2
2,Tilda,w,2
2,Viola,w,2
2,Vitaliivna,w,2
2,Ylvi,w,2
2,Alfons,m,2
2,Ali,m,2
2,Aljoscha,m,2
2,Amadeus,m,2
2,Amin,m,2
2,Amir,m,2
2,An,m,2
2,Arno,m,2
2,Arvid,m,2
2,August,m,2
2,Augustin,m,2
2,Aurelio,m,2
2,Ben,m,2
2,Benedikt,m,2
2,Benjamin,m,2
2,Bogdanovič,m,2
2,Bruno,m,2
2,Christopher,m,2
2,Christos,m,2
2,Colin,m,2
2,Damian,m,2
2,Dean,m,2
2,Eduard,m,2
2,Efe,m,2
2,Elia,m,2
2,Elio,m,2
2,Eric,m,2
2,Erich,m,2
2,Ethan,m,2
2,Felix,m,2
2,Fiete,m,2
2,Finley,m,2
2,Florentin,m,2
2,Fridolin,m,2
2,Hamza,m,2
2,Hans,m,2
2,Heiko,m,2
2,Helmut,m,2
2,Henri,m,2
2,Holger,m,2
2,Hải,m,2
2,Jace,m,2
2,Jano,m,2
2,Jari,m,2
2,Jean,m,2
2,Joe,m,2
2,Jona,m,2
2,Jonah,m,2
2,Jonathan,m,2
2,Joris,m,2
2,Josué,m,2
2,Juri,m,2
2,Jürgen,m,2
2,Klaus,m,2
2,Leo,m,2
2,Lev,m,2
2,Lothar,m,2
2,Marek,m,2
2,Marius,m,2
2,Markus,m,2
2,Matheo,m,2
2,Mats,m,2
2,Matthias,m,2
2,Max,m,2
2,Maximillian,m,2
2,Michel,m,2
2,Milan,m,2
2,Milo,m,2
2,Minh,m,2
2,Mohammed,m,2
2,Mustafa,m,2
2,Neo,m,2
2,Nikolai,m,2
2,Noam,m,2
2,Ole,m,2
2,Oleksandrovič,m,2
2,Oleksiiovych,m,2
2,Otis,m,2
2,Pepe,m,2
2,Phil,m,2
2,Ralf,m,2
2,Rick,m,2
2,Rio,m,2
2,Robert,m,2
2,Ruben,m,2
2,Samuel,m,2
2,Santiago,m,2
2,Serhiiovych,m,2
2,Simon,m,2
2,Stefan,m,2
2,Thomas,m,2
2,Titus,m,2
2,Tobias,m,2
2,Tristan,m,2
2,Valentino,m,2
2,Vasil'ovič,m,2
2,Victor,m,2
2,Viktor,m,2
2,Wanja,m,2
2,Werner,m,2
2,Willy,m,2
2,Yuriiovych,m,2
2,Charlotte,w,3
2,Elisabeth,w,3
2,Helga,w,3
2,Ina,w,3
2,Ophelia,w,3
2,Rosa,w,3
2,Sophie,w,3
2,Viktorovna,w,3
2,Alexander,m,3
2,Alfred,m,3
2,Bo,m,3
2,Daniel,m,3
2,Leon,m,3
2,Maxim,m,3
2,Samson,m,3
2,Samuel,m,3
2,Walter,m,3
1,Abbygale,w,1
1,Abigail,w,1
1,Abiha,w,1
1,Adanna,w,1
1,Adela,w,1
1,Adelina,w,1
1,Adeline,w,1
1,Aden,w,1
1,Adina,w,1
1,Adrina,w,1
1,Aenne,w,1
1,Afina,w,1
1,Agnes,w,1
1,Ahed,w,1
1,Aida,w,1
1,Aileen,w,1
1,Aimy,w,1
1,Ainhoa,w,1
1,Aino,w,1
1,Aira,w,1
1,Aishah,w,1
1,Ajala,w,1
1,Ajla,w,1
1,Ajsa,w,1
1,Alaya,w,1
1,Alexa,w,1
1,Alexandria,w,1
1,Aleyna,w,1
1,Aliana,w,1
1,Aline,w,1
1,Aliss,w,1
1,Alissia,w,1
1,Aliza,w,1
1,Almas,w,1
1,Almasa,w,1
1,Almut,w,1
1,Alora,w,1
1,Alya,w,1
1,Amaani,w,1
1,Amaia,w,1
1,Amalie,w,1
1,Amalina,w,1
1,Amar,w,1
1,Amari,w,1
1,Amatheia,w,1
1,Amel,w,1
1,Amelia-Imani,w,1
1,Amelie-Sophie,w,1
1,Amicia,w,1
1,Amilia,w,1
1,Amine,w,1
1,Amira-Elina,w,1
1,Amna,w,1
1,Amra,w,1
1,Amrei,w,1
1,Amélie,w,1
1,An,w,1
1,Anabella-Maria,w,1
1,Anabiya,w,1
1,Anais,w,1
1,Anastasia-Luna,w,1
1,Anaïs,w,1
1,Andreea,w,1
1,Angel-Rosé,w,1
1,Angela,w,1
1,Anila,w,1
1,Anita,w,1
1,Anjuli,w,1
1,Ann-Kathrin,w,1
1,Annelies,w,1
1,Annemarie,w,1
1,Annika,w,1
1,Ariana-Maria,w,1
1,Ariana-Marija,w,1
1,Ariane,w,1
1,Arianna,w,1
1,Arin,w,1
1,Aruna,w,1
1,Arwa,w,1
1,Aryam,w,1
1,Aryana-Elena,w,1
1,Aseel,w,1
1,Asel,w,1
1,Asinat,w,1
1,Asmin,w,1
1,Astrid,w,1
1,Asya,w,1
1,Augusta,w,1
1,Auguste,w,1
1,Auri,w,1
1,Aurélie,w,1
1,Avşin,w,1
1,Ayaat,w,1
1,Ayana,w,1
1,Ayischah,w,1
1,Ayli,w,1
1,Aylin,w,1
1,Azura,w,1
1,Bahaare,w,1
1,Bahar,w,1
1,Bahia,w,1
1,Bayan,w,1
1,Beatrice,w,1
1,Betty,w,1
1,Bo,w,1
1,Brielle,w,1
1,Bruna,w,1
1,Caitlyn,w,1
1,Caja,w,1
1,Calotta,w,1
1,Camelia,w,1
1,Camila,w,1
1,Cara,w,1
1,Caren,w,1
1,Cataleya,w,1
1,Cecile,w,1
1,Celavi,w,1
1,Celia,w,1
1,Celina,w,1
1,Chantal,w,1
1,Charlet,w,1
1,Chloé,w,1
1,Christina,w,1
1,Châu,w,1
1,Ciara,w,1
1,Clarissa,w,1
1,Clio,w,1
1,Colleene,w,1
1,Cora,w,1
1,Coralie,w,1
1,Cyara,w,1
1,Céleste,w,1
1,Céline,w,1
1,Dahb,w,1
1,Dahlia,w,1
1,Dalya,w,1
1,Danelia,w,1
1,Dania,w,1
1,Darina,w,1
1,Dariya,w,1
1,Darya,w,1
1,Dawn,w,1
1,Dea,w,1
1,Delilah,w,1
1,Delvan,w,1
1,Denia,w,1
1,Diara,w,1
1,Divora,w,1
1,Domenica,w,1
1,Dora,w,1
1,Dorothea,w,1
1,Dunja,w,1
1,Dunya,w,1
1,Džejla,w,1
1,Edelyn,w,1
1,Edona,w,1
1,Effi,w,1
1,Eftalia,w,1
1,Ehmi,w,1
1,Eira,w,1
1,Elaine,w,1
1,Eleanor,w,1
1,Elenita,w,1
1,Eleyn-Marie,w,1
1,Elia,w,1
1,Elim,w,1
1,Elina-Magdalena,w,1
1,Elinor,w,1
1,Elinora,w,1
1,Elisabeta-Sara,w,1
1,Ella-Marie,w,1
1,Ellari,w,1
1,Elleen,w,1
1,Elliot,w,1
1,Ellén,w,1
1,Elodia,w,1
1,Elois,w,1
1,Elora,w,1
1,Elouise,w,1
1,Else,w,1
1,Elya,w,1
1,Elén,w,1
1,Ema,w,1
1,Emilia-Jasmine,w,1
1,Emilia-Louise,w,1
1,Emilia-Maria,w,1
1,Emiliia,w,1
1,Emina,w,1
1,Emla,w,1
1,Engjull,w,1
1,Eni,w,1
1,Enna,w,1
1,Erell,w,1
1,Erina,w,1
1,Erisa,w,1
1,Esme,w,1
1,Esti,w,1
1,Eva-Ilinca,w,1
1,Eva-Margarete,w,1
1,Evelin-Rose,w,1
1,Evelin,w,1
1,Eveline,w,1
1,Evgenia-Angela,w,1
1,Evita,w,1
1,Evolet,w,1
1,Eywa,w,1
1,Fairuz,w,1
1,Faiza,w,1
1,Farah,w,1
1,Farina,w,1
1,Fatiha,w,1
1,Fatoumata,w,1
1,Faye,w,1
1,Fee,w,1
1,Felia,w,1
1,Felina,w,1
1,Feline,w,1
1,Fenna,w,1
1,Fenya,w,1
1,Ferun,w,1
1,Fey,w,1
1,Feyza,w,1
1,Fia,w,1
1,Fiby,w,1
1,Filippa,w,1
1,Filomena,w,1
1,Finnya,w,1
1,Fiora,w,1
1,Flore,w,1
1,Florentina,w,1
1,Franka,w,1
1,Freda,w,1
1,Freddie,w,1
1,Freja,w,1
1,Frizzi,w,1
1,Froda,w,1
1,Gabriella,w,1
1,Gaja,w,1
1,Gala,w,1
1,Gianna,w,1
1,Giovanna,w,1
1,Gisa,w,1
1,Giuna,w,1
1,Grace,w,1
1,Gul,w,1
1,Gwendolin,w,1
1,Hadassa,w,1
1,Hadija,w,1
1,Hadil,w,1
1,Hailey-Leann,w,1
1,Hala,w,1
1,Hananeh,w,1
1,Hanelore,w,1
1,Hannah-Sophie,w,1
1,Hanne,w,1
1,Hanni,w,1
1,Haruka,w,1
1,Hava,w,1
1,Haya,w,1
1,Hayley,w,1
1,Haylie,w,1
1,Hedwig,w,1
1,Heidi,w,1
1,Helga,w,1
1,Helin,w,1
1,Helrun,w,1
1,Hennie,w,1
1,Henrike,w,1
1,Hewi,w,1
1,Hidaya,w,1
1,Hilja,w,1
1,Hilla,w,1
1,Hina,w,1
1,Hjördis,w,1
1,Hoang,w,1
1,Hoda,w,1
1,Hope-Sophie,w,1
1,Hope,w,1
1,Huda,w,1
1,Héloïse,w,1
1,Ibadat,w,1
1,Ida-Olivia,w,1
1,Iliana,w,1
1,Ilin,w,1
1,Ilinca,w,1
1,Ilse,w,1
1,Ilvy,w,1
1,Iman,w,1
1,Imen,w,1
1,Inaya,w,1
1,Inga,w,1
1,Insa,w,1
1,Ionela,w,1
1,Iovi,w,1
1,Iris-Ştefania,w,1
1,Iris,w,1
1,Irma,w,1
1,Isabell,w,1
1,Isadora,w,1
1,Isalie,w,1
1,Iska,w,1
1,Ivett,w,1
1,Jael,w,1
1,Jainaba,w,1
1,Jannah,w,1
1,Jara-Aylin,w,1
1,Jasmiena,w,1
1,Jehoaddan,w,1
1,Jelle,w,1
1,Jemima,w,1
1,Jesenija,w,1
1,Jessica,w,1
1,Jian,w,1
1,Jill,w,1
1,Jimin,w,1
1,Jina,w,1
1,Joana,w,1
1,Joleen,w,1
1,Jolina,w,1
1,Joline,w,1
1,Josefine,w,1
1,Josiah,w,1
1,Josie,w,1
1,Josina,w,1
1,Judith-Malia,w,1
1,Jule,w,1
1,Juliane,w,1
1,Julie,w,1
1,Juliette,w,1
1,Julina,w,1
1,July,w,1
1,Jun,w,1
1,Junia,w,1
1,Junieth,w,1
1,Juno,w,1
1,Júlia,w,1
1,Kadjatou,w,1
1,Kaila,w,1
1,Kali,w,1
1,Kamar,w,1
1,Karia,w,1
1,Karoline,w,1
1,Kaska,w,1
1,Katerina-Maria,w,1
1,Katinka,w,1
1,Katja,w,1
1,Kausar,w,1
1,Kaycee,w,1
1,Kayla,w,1
1,Khadigah,w,1
1,Khadija,w,1
1,Khadijat,w,1
1,Khafiza,w,1
1,Khalida,w,1
1,Khokhe,w,1
1,Kiara,w,1
1,Kimberly,w,1
1,Kinda,w,1
1,Kirat-Kaur,w,1
1,Kleo,w,1
1,Konstancja,w,1
1,Kristin,w,1
1,Kseniia,w,1
1,Kvitka,w,1
1,Kyan,w,1
1,Laila,w,1
1,Lamilia,w,1
1,Larin,w,1
1,Larissa,w,1
1,Lauren,w,1
1,Lawin,w,1
1,Layal,w,1
1,Le,w,1
1,Leana,w,1
1,Leann,w,1
1,Leela,w,1
1,Leila,w,1
1,Leilani,w,1
1,Lejla,w,1
1,Lenja,w,1
1,Leny,w,1
1,Leona,w,1
1,Leticia,w,1
1,Levi-Gyula,w,1
1,Levke,w,1
1,Leyna,w,1
1,Lia-Marie,w,1
1,Lianne,w,1
1,Lien,w,1
1,Lienna,w,1
1,Lieselotte,w,1
1,Lili,w,1
1,Lilia,w,1
1,Lilian,w,1
1,Lilith-Rose,w,1
1,Lilly-Ann,w,1
1,Lilé,w,1
1,Lin,w,1
1,Linah,w,1
1,Line,w,1
1,Linja,w,1
1,Linn,w,1
1,Linnéa,w,1
1,Lioba,w,1
1,Liona,w,1
1,Lisa-Marie,w,1
1,Lituima,w,1
1,Liva,w,1
1,Liviana,w,1
1,Liwia,w,1
1,Liyana,w,1
1,Liyara,w,1
1,Liz,w,1
1,Loki,w,1
1,Loma,w,1
1,Lori,w,1
1,Lorna,w,1
1,Lotta-Malina,w,1
1,Lotta-Sophia,w,1
1,Louise,w,1
1,Lova,w,1
1,Lovis,w,1
1,Lubina,w,1
1,Lucinda,w,1
1,Lucía,w,1
1,Luzie,w,1
1,Lya,w,1
1,Madea,w,1
1,Madison,w,1
1,Madita,w,1
1,Magdalena,w,1
1,Magdalene,w,1
1,Maggie,w,1
1,Mahsa,w,1
1,Maida,w,1
1,Maileen,w,1
1,Mailin,w,1
1,Maira,w,1
1,Maite,w,1
1,Maja-Juliet,w,1
1,Majara,w,1
1,Makeda,w,1
1,Malaika,w,1
1,Maleni,w,1
1,Malia-Julie,w,1
1,Malia-Sophie,w,1
1,Malika,w,1
1,Mallak,w,1
1,Malu,w,1
1,Maly,w,1
1,Manreet,w,1
1,Maraya,w,1
1,Mare-Luna,w,1
1,Mareile,w,1
1,Margo,w,1
1,Margot,w,1
1,Maria-Teodora,w,1
1,Mariana,w,1
1,Marie-Louise,w,1
1,Marie-Luise,w,1
1,Marieke,w,1
1,Marisa,w,1
1,Marishka,w,1
1,Marita,w,1
1,Marleen,w,1
1,Marlina,w,1
1,Martina,w,1
1,Marwa,w,1
1,Mary-Jane,w,1
1,Mary,w,1
1,Marya,w,1
1,Maryem,w,1
1,Maryfer,w,1
1,Masha,w,1
1,Massa,w,1
1,Mateo,w,1
1,Mathild,w,1
1,Matilde,w,1
1,Mattea,w,1
1,Mavis,w,1
1,Maxy,w,1
1,Maybell,w,1
1,Mayleen,w,1
1,Maïmouna,w,1
1,Mecide,w,1
1,Medina,w,1
1,Megan,w,1
1,Mehrish,w,1
1,Melaniia,w,1
1,Melba,w,1
1,Melia,w,1
1,Melika,w,1
1,Melina-Sophie,w,1
1,Melisa,w,1
1,Melissa-Ștefania,w,1
1,Mella,w,1
1,Melody-Cayenne,w,1
1,Melody-Fabienne,w,1
1,Meral,w,1
1,Meredith,w,1
1,Meret,w,1
1,Merit,w,1
1,Merle-Sophie,w,1
1,Meryem,w,1
1,Mette,w,1
1,Meva,w,1
1,Mewa,w,1
1,Mhina,w,1
1,Mia-Elly,w,1
1,Mia-Jolie,w,1
1,Mia-Luana,w,1
1,Mia-Melody,w,1
1,Michaela,w,1
1,Midori,w,1
1,Mie,w,1
1,Mihrimah,w,1
1,Miia,w,1
1,Mila-Elaine,w,1
1,Milda,w,1
1,Milena-Jeanette,w,1
1,Milou-Esmee,w,1
1,Mimi,w,1
1,Mine,w,1
1,Miona,w,1
1,Miral,w,1
1,Mirha,w,1
1,Miriélle,w,1
1,Mirjam,w,1
1,Mirna,w,1
1,Miroslava,w,1
1,Miruna-Isabel,w,1
1,Miruna,w,1
1,Mjalta,w,1
1,Mo,w,1
1,Momo,w,1
1,Mona,w,1
1,Monja,w,1
1,Mukti,w,1
1,Muntaha,w,1
1,Myriam,w,1
1,Myroslava,w,1
1,Nada,w,1
1,Nadira,w,1
1,Naelle,w,1
1,Naema,w,1
1,Nahla,w,1
1,Naida,w,1
1,Nailah,w,1
1,Naja,w,1
1,Nala,w,1
1,Namariq,w,1
1,Nami,w,1
1,Nancy,w,1
1,Naomi-Samaria,w,1
1,Narumi,w,1
1,Nassima,w,1
1,Natalia,w,1
1,Natia,w,1
1,Navreet,w,1
1,Nayla,w,1
1,Neira,w,1
1,Nelina,w,1
1,Nell,w,1
1,Nelli,w,1
1,Neyla,w,1
1,Nika,w,1
1,Nikita,w,1
1,Nil,w,1
1,Nila,w,1
1,Noelle,w,1
1,Nola,w,1
1,Noor,w,1
1,Nor,w,1
1,Nour,w,1
1,Noura,w,1
1,Noémi,w,1
1,Nuara,w,1
1,Nusaiba,w,1
1,Nya,w,1
1,Nyota,w,1
1,Odette,w,1
1,Ofelia,w,1
1,Olivia-Maria,w,1
1,Ophelia,w,1
1,Oprah,w,1
1,Otilie,w,1
1,Otylia,w,1
1,Pana,w,1
1,Panah,w,1
1,Parla,w,1
1,Pennelope,w,1
1,Penélopé,w,1
1,Peppi,w,1
1,Perla,w,1
1,Phia,w,1
1,Philina,w,1
1,Philomena,w,1
1,Pilar,w,1
1,Pippilotta,w,1
1,Polina,w,1
1,Polly,w,1
1,Pria,w,1
1,Quds,w,1
1,Quỳnh,w,1
1,Rabab,w,1
1,Rabiya,w,1
1,Radislawa,w,1
1,Rahil,w,1
1,Raja,w,1
1,Rania,w,1
1,Ranslynn,w,1
1,Raphaela,w,1
1,Regaine,w,1
1,Remi,w,1
1,Rhea,w,1
1,Rika,w,1
1,Riyana,w,1
1,Rodaina,w,1
1,Rosalinde,w,1
1,Rose,w,1
1,Roselies,w,1
1,Rosè,w,1
1,Rovan,w,1
1,Ruby-Hope,w,1
1,Ruby-Maja,w,1
1,Rumi,w,1
1,Ruth,w,1
1,Sabeh,w,1
1,Safia,w,1
1,Sahra,w,1
1,Saif,w,1
1,Sakura,w,1
1,Samira,w,1
1,Samyami,w,1
1,Sandra,w,1
1,Sandy,w,1
1,Sanna,w,1
1,Sarlota,w,1
1,Sascha,w,1
1,Sasha,w,1
1,Savannah,w,1
1,Schabnam,w,1
1,Selena-Ioana,w,1
1,Selena,w,1
1,Selin,w,1
1,Selina,w,1
1,Selva,w,1
1,Serina,w,1
1,Sevim,w,1
1,Sham,w,1
1,Shayma,w,1
1,Shengmin,w,1
1,Shira,w,1
1,Shivali,w,1
1,Siela,w,1
1,Silya,w,1
1,Simone,w,1
1,Sini,w,1
1,Skadi,w,1
1,Skyla,w,1
1,Skylar,w,1
1,Sofia-Elena,w,1
1,Sofiia,w,1
1,Solea,w,1
1,Solomiia,w,1
1,Sondos,w,1
1,Sonya,w,1
1,Sora,w,1
1,Soraya,w,1
1,Stefania,w,1
1,Stella-Emilia,w,1
1,Suaad,w,1
1,Suki,w,1
1,Sumaiya,w,1
1,Susan,w,1
1,Svea,w,1
1,Taibah,w,1
1,Tala,w,1
1,Taleen,w,1
1,Talia,w,1
1,Talvi,w,1
1,Talyah,w,1
1,Tami,w,1
1,Taqdees,w,1
1,Tartiel,w,1
1,Teona,w,1
1,Teresa,w,1
1,Teseni,w,1
1,Tesnïm,w,1
1,Thalea,w,1
1,Thalia,w,1
1,Theda,w,1
1,Thelma,w,1
1,Therese,w,1
1,Theresia,w,1
1,Thora,w,1
1,Tiara,w,1
1,Tiia,w,1
1,Tila,w,1
1,Tilia,w,1
1,Tilla,w,1
1,Timea,w,1
1,Tina,w,1
1,Tinano,w,1
1,Tiril,w,1
1,Tissaia,w,1
1,Tolin,w,1
1,Toni,w,1
1,Tonka,w,1
1,Trixi,w,1
1,Trude,w,1
1,Trâm,w,1
1,Trần,w,1
1,Tulin,w,1
1,Tuuli-Anouk,w,1
1,Vala,w,1
1,Valea,w,1
1,Valentina-Valeska,w,1
1,Valeriia,w,1
1,Vannia,w,1
1,Venona,w,1
1,Veronika,w,1
1,Victoria,w,1
1,Vilda,w,1
1,Viola,w,1
1,Violet,w,1
1,Walera,w,1
1,Walli,w,1
1,Wateen,w,1
1,Watin,w,1
1,Wendy,w,1
1,Wolke,w,1
1,Xenia,w,1
1,Xezal,w,1
1,Xylia,w,1
1,Yada,w,1
1,Yamila,w,1
1,Yaqeen,w,1
1,Yara-Sofi,w,1
1,Yasmin,w,1
1,Yeliz,w,1
1,Yeseniia,w,1
1,Yimo,w,1
1,Ylwie,w,1
1,Yolanda,w,1
1,Ysabel,w,1
1,Yuina,w,1
1,Yuma,w,1
1,Yusra,w,1
1,Yve,w,1
1,Zafira-Annabel,w,1
1,Zaheea,w,1
1,Zahra,w,1
1,Zahraa,w,1
1,Zainab,w,1
1,Zaria,w,1
1,Zeinab,w,1
1,Zerya,w,1
1,Zofia,w,1
1,Zoya,w,1
1,Zoé,w,1
1,Zsazsa,w,1
1,Züleyha-Zümra,w,1
1,Zümra,w,1
1,Ágnes,w,1
1,Äliczia,w,1
1,Èline,w,1
1,Élise,w,1
1,Élyane,w,1
1,Aaren,m,1
1,Abdol,m,1
1,Abdul-Aziz,m,1
1,Abdulla,m,1
1,Abdullah,m,1
1,Abdulrahman,m,1
1,Abdurahman,m,1
1,Abdurrokhman,m,1
1,Abida,m,1
1,Aboud,m,1
1,Abtin,m,1
1,Abubakr,m,1
1,Adem,m,1
1,Adorján,m,1
1,Adriel,m,1
1,Aelius,m,1
1,Agapios,m,1
1,Aggelos,m,1
1,Ahsab,m,1
1,Alawi,m,1
1,Albaraa,m,1
1,Aldin,m,1
1,Aldo,m,1
1,Aleksandre,m,1
1,Aleksey,m,1
1,Aleksi,m,1
1,Alessandro,m,1
1,Alex,m,1
1,Alexandre,m,1
1,Alexandros,m,1
1,Alhamad,m,1
1,Aljoscha,m,1
1,Allan,m,1
1,Alois,m,1
1,Alon,m,1
1,Alonab,m,1
1,Amar,m,1
1,Amari-Scott,m,1
1,Amelon,m,1
1,Amer,m,1
1,Amiyas,m,1
1,Amsal,m,1
1,Anas,m,1
1,Anass,m,1
1,Ander,m,1
1,Anes,m,1
1,Anh,m,1
1,Anouar,m,1
1,Anthony,m,1
1,Antonin,m,1
1,Arden,m,1
1,Arik,m,1
1,Armand,m,1
1,Arnon,m,1
1,Arsalan,m,1
1,Arsen,m,1
1,Artem,m,1
1,Artyom,m,1
1,Ary,m,1
1,Aryan,m,1
1,Asael,m,1
1,Asko,m,1
1,Assil,m,1
1,Atreus,m,1
1,Atréju,m,1
1,Audi,m,1
1,Aurel,m,1
1,Aurelian,m,1
1,Aurelius,m,1
1,Avgustin,m,1
1,Avi,m,1
1,Avid,m,1
1,Ayden,m,1
1,Aydin,m,1
1,Ayo,m,1
1,Ayoub,m,1
1,Azar,m,1
1,Baktash,m,1
1,Barnabás,m,1
1,Basilius,m,1
1,Batu,m,1
1,Bellamy,m,1
1,Beloslav,m,1
1,Ben-Rico,m,1
1,Bente,m,1
1,Benyamin,m,1
1,Biruk,m,1
1,Björn,m,1
1,Bodhi,m,1
1,Bảo,m,1
1,Calvin-Emilyo,m,1
1,Camillo,m,1
1,Can,m,1
1,Carlo-Diethelm,m,1
1,Cary,m,1
1,Casey,m,1
1,Chiedozie,m,1
1,Chris,m,1
1,Christian,m,1
1,Colin,m,1
1,Conan,m,1
1,Cornelius,m,1
1,Corvin,m,1
1,Corvo,m,1
1,Cuno,m,1
1,Curt,m,1
1,Célestin,m,1
1,Damian-Gabriel,m,1
1,Damien,m,1
1,Damjan,m,1
1,Daris,m,1
1,Dariy,m,1
1,Darley,m,1
1,Darmin,m,1
1,Dave,m,1
1,Davi,m,1
1,Davin,m,1
1,Davis,m,1
1,Dayin-Ali,m,1
1,Daymien,m,1
1,Declan,m,1
1,Dejan,m,1
1,Denis,m,1
1,Dervis,m,1
1,Deryan,m,1
1,Devin,m,1
1,Diako,m,1
1,Diar,m,1
1,Didar,m,1
1,Dion,m,1
1,Djurre,m,1
1,Domenik,m,1
1,Dominic-Ianis,m,1
1,Dominik,m,1
1,Don,m,1
1,Dorián,m,1
1,Duc,m,1
1,Duy,m,1
1,Dylan,m,1
1,Easy,m,1
1,Eddie,m,1
1,Eddy,m,1
1,Edem,m,1
1,Eden,m,1
1,Edian,m,1
1,Edin,m,1
1,Eduardo,m,1
1,Edward,m,1
1,Efisio,m,1
1,Efraim,m,1
1,Ege,m,1
1,Egehan,m,1
1,Egon,m,1
1,Eilad,m,1
1,Eldar,m,1
1,Elia,m,1
1,Eliah,m,1
1,Eliam,m,1
1,Eliano,m,1
1,Elias-Aryan,m,1
1,Elija,m,1
1,Elion,m,1
1,Elorm,m,1
1,Elric,m,1
1,Elton,m,1
1,Emanuel,m,1
1,Emery,m,1
1,Emin,m,1
1,Emir,m,1
1,Enar,m,1
1,Enis,m,1
1,Enlil,m,1
1,Ennes,m,1
1,Enoh,m,1
1,Enrique,m,1
1,Enur,m,1
1,Erich,m,1
1,Erkan,m,1
1,Erwin,m,1
1,Ethan,m,1
1,Eyad,m,1
1,Eyass,m,1
1,Eycel,m,1
1,Eymen,m,1
1,Eyoab,m,1
1,Eytan,m,1
1,Ezdan,m,1
1,Fadi,m,1
1,Fahed,m,1
1,Faiz,m,1
1,Faniel,m,1
1,Farid,m,1
1,Farin,m,1
1,Fauaz,m,1
1,Felias,m,1
1,Fenno,m,1
1,Fietje,m,1
1,Filippos,m,1
1,Fin,m,1
1,Fineas,m,1
1,Finley,m,1
1,Finn-Luka,m,1
1,Finnlay,m,1
1,Fio,m,1
1,Fiodor,m,1
1,Floki,m,1
1,Flor,m,1
1,Floris,m,1
1,Flynn,m,1
1,Fran,m,1
1,Freddie,m,1
1,Freddy,m,1
1,Frederico,m,1
1,Fredo,m,1
1,Fridtjof,m,1
1,Fried,m,1
1,Frieder,m,1
1,Fábio,m,1
1,Gehad,m,1
1,George,m,1
1,Georgios,m,1
1,Gero,m,1
1,Ghaith,m,1
1,Ghilas,m,1
1,Gia,m,1
1,Gian,m,1
1,Gino,m,1
1,Giorgi,m,1
1,Gregory,m,1
1,Gunnar,m,1
1,Gurbaj,m,1
1,Gurtaj,m,1
1,Hades,m,1
1,Hadi,m,1
1,Haidar,m,1
1,Halif,m,1
1,Halil,m,1
1,Hanjo,m,1
1,Hannu,m,1
1,Hardy,m,1
1,Haro,m,1
1,Harris,m,1
1,Harry,m,1
1,Harvey,m,1
1,Hasan,m,1
1,Hashem,m,1
1,Hasland,m,1
1,Havrest,m,1
1,Hazar,m,1
1,Hazem,m,1
1,Heinrich,m,1
1,Hektor,m,1
1,Helge,m,1
1,Hemen,m,1
1,Henoch,m,1
1,Henri-Niclas,m,1
1,Henryk,m,1
1,Hermann,m,1
1,Hilar,m,1
1,Hoàng-Khôi,m,1
1,Hoàng,m,1
1,Hussam,m,1
1,Hussein,m,1
1,Huu,m,1
1,Huxley,m,1
1,Iacob,m,1
1,Iacov,m,1
1,Ilai,m,1
1,Ilias,m,1
1,Ilie-Emanuel,m,1
1,Ioan,m,1
1,Isaak,m,1
1,Ismail,m,1
1,Iyas,m,1
1,Iyssaf,m,1
1,Jackson,m,1
1,Jahlil,m,1
1,Jakub,m,1
1,James,m,1
1,Jannick,m,1
1,Jano,m,1
1,Jarek,m,1
1,Jarii,m,1
1,Jarik,m,1
1,Jarle,m,1
1,Jarne,m,1
1,Jaroslav,m,1
1,Jary,m,1
1,Jascha,m,1
1,Jasmin,m,1
1,Jason-Tristan,m,1
1,Jason,m,1
1,Jaspar,m,1
1,Jastin,m,1
1,Jax,m,1
1,Jayden-Lennard,m,1
1,Jaymie,m,1
1,Jelle,m,1
1,Jelte,m,1
1,Jen,m,1
1,Jeovany,m,1
1,Jeremias-Marlon,m,1
1,Jerome,m,1
1,Jesko,m,1
1,Jesper,m,1
1,Jessie,m,1
1,Jesús,m,1
1,Jian,m,1
1,Jim,m,1
1,Joab,m,1
1,Joakim,m,1
1,Joel-Luca,m,1
1,Johnny,m,1
1,Johnson,m,1
1,Jonatan,m,1
1,Jonnas,m,1
1,Jordi,m,1
1,Jorin,m,1
1,Joschka,m,1
1,Joseph,m,1
1,Josia,m,1
1,Josué,m,1
1,Jove,m,1
1,Jovo,m,1
1,Juanis,m,1
1,Juliander,m,1
1,Julius-Friedrich,m,1
1,Juljan,m,1
1,Junior,m,1
1,Junus,m,1
1,Junwoo,m,1
1,Jupp,m,1
1,Juri,m,1
1,Jussuf,m,1
1,Justin,m,1
1,János,m,1
1,Kaan,m,1
1,Kabiel,m,1
1,Kacper,m,1
1,Kadir,m,1
1,Kaio,m,1
1,Kaloyan,m,1
1,Kanius,m,1
1,Kari,m,1
1,Karlson,m,1
1,Karol,m,1
1,Kaspar,m,1
1,Kay,m,1
1,Kean,m,1
1,Keano,m,1
1,Keanu,m,1
1,Keke,m,1
1,Kemal,m,1
1,Kenan,m,1
1,Khaled,m,1
1,Khalid,m,1
1,Khắc,m,1
1,Kijan,m,1
1,Kimia,m,1
1,Kirill,m,1
1,Kobe,m,1
1,Kornelius,m,1
1,Kostja,m,1
1,Kristian,m,1
1,Krojan,m,1
1,Ladislav,m,1
1,Lando,m,1
1,Lars,m,1
1,Laurentin,m,1
1,Laurin,m,1
1,Lauritz,m,1
1,Leam,m,1
1,Leandro,m,1
1,Lear,m,1
1,Leif,m,1
1,Leiv,m,1
1,Lennart,m,1
1,Lennie,m,1
1,Leon-Valentin,m,1
1,Leonhart,m,1
1,Leonidas,m,1
1,Lev,m,1
1,Levan,m,1
1,Levie,m,1
1,Levy,m,1
1,Liam-Louis,m,1
1,Liam-Maximilian,m,1
1,Lijam,m,1
1,Lillebror,m,1
1,Lin,m,1
1,Lio-Aideen,m,1
1,Lio-Finley,m,1
1,Lior,m,1
1,Livo,m,1
1,Liyam,m,1
1,Liyan,m,1
1,Lorik,m,1
1,Lou,m,1
1,Louie,m,1
1,Louis-Etienne,m,1
1,Louka,m,1
1,Lovis,m,1
1,Luca-Maxim,m,1
1,Luca-Rafael,m,1
1,Lucian,m,1
1,Ludvig,m,1
1,Lyam,m,1
1,Lyan,m,1
1,Lyen,m,1
1,Lèo,m,1
1,Maahed,m,1
1,Mady,m,1
1,Maher,m,1
1,Mahmoud,m,1
1,Mahtino,m,1
1,Mahé-Morris,m,1
1,Maid,m,1
1,Maihan,m,1
1,Maiol,m,1
1,Majd,m,1
1,Majit,m,1
1,Maksim,m,1
1,Maksis,m,1
1,Maksym,m,1
1,Malik-Maximilian,m,1
1,Malo,m,1
1,Mansa,m,1
1,Manvik,m,1
1,Marchello,m,1
1,Marco,m,1
1,Mare,m,1
1,Marian,m,1
1,Mario-Anastasio,m,1
1,Mario,m,1
1,Marius,m,1
1,Marlow,m,1
1,Maro,m,1
1,Mason,m,1
1,Mathayus,m,1
1,Mathias,m,1
1,Mathis,m,1
1,Matiaulah,m,1
1,Matteo-Noel,m,1
1,Matteo-Patric,m,1
1,Mattheo-Daniel,m,1
1,Matthew,m,1
1,Matthis,m,1
1,Matts,m,1
1,Matvey,m,1
1,Matvii,m,1
1,Matéi-Alexander,m,1
1,Maurice,m,1
1,Max-Louis,m,1
1,Maxime,m,1
1,Maxym,m,1
1,Mayar,m,1
1,Maël,m,1
1,Mehrsam,m,1
1,Menua,m,1
1,Mercan,m,1
1,Messias,m,1
1,Mian,m,1
1,Michał,m,1
1,Michl,m,1
1,Mick,m,1
1,Miguel,m,1
1,Mihai,m,1
1,Mikaeel,m,1
1,Mike,m,1
1,Mikel,m,1
1,Mikiale,m,1
1,Miko,m,1
1,Milan-Liam,m,1
1,Milan-Patrick,m,1
1,Milo-Jaxson,m,1
1,Milo-Jay,m,1
1,Milosch,m,1
1,Milow,m,1
1,Milán,m,1
1,Minh,m,1
1,Mino,m,1
1,Miroslav,m,1
1,Miroslaw,m,1
1,Mirza,m,1
1,Mischa,m,1
1,Mitja,m,1
1,Miłosz,m,1
1,Moayad,m,1
1,Moaz,m,1
1,Mohamed-Ibrahim,m,1
1,Moise,m,1
1,Moses,m,1
1,Moussa,m,1
1,Muhammad-Hussain,m,1
1,Muhammed,m,1
1,Mujibur,m,1
1,Mulham,m,1
1,Murad,m,1
1,Nairi,m,1
1,Nateyam,m,1
1,Nathael,m,1
1,Nathanael,m,1
1,Nathaniel,m,1
1,Neeor,m,1
1,Neven,m,1
1,Nhật,m,1
1,Nicklas,m,1
1,Niclas,m,1
1,Nihat,m,1
1,Nilas,m,1
1,Nima,m,1
1,Nishan,m,1
1,Nizar,m,1
1,Noa,m,1
1,Noam,m,1
1,Noan,m,1
1,Noel,m,1
1,Noi,m,1
1,Nolan,m,1
1,Nolawi,m,1
1,Nolen,m,1
1,Nouh,m,1
1,Nouri,m,1
1,Noël,m,1
1,Nyamekye,m,1
1,Nói,m,1
1,Obada,m,1
1,Octavio,m,1
1,Olaf,m,1
1,Oleksandr,m,1
1,Omid,m,1
1,Onno,m,1
1,Orhan,m,1
1,Orlin,m,1
1,Oron,m,1
1,Ostap,m,1
1,Ove,m,1
1,Paavo,m,1
1,Paco,m,1
1,Paisios,m,1
1,Param-Jaanveer,m,1
1,Pavel,m,1
1,Phileas,m,1
1,Philias,m,1
1,Phineas,m,1
1,Pico,m,1
1,Pie,m,1
1,Piro,m,1
1,Pison,m,1
1,Pola,m,1
1,Priam,m,1
1,Quentin,m,1
1,Quinn,m,1
1,Qusay,m,1
1,Ragnar,m,1
1,Rami,m,1
1,Ranveer,m,1
1,Rasmus,m,1
1,Rassil,m,1
1,Ray,m,1
1,Rayaan,m,1
1,Raymond,m,1
1,Rejhan,m,1
1,Remi,m,1
1,Rijan,m,1
1,Riku,m,1
1,Riyan,m,1
1,Robert-Ionel,m,1
1,Roel,m,1
1,Roi,m,1
1,Rojan,m,1
1,Rolf,m,1
1,Roman,m,1
1,Roy,m,1
1,Rudy,m,1
1,Ryan-Gabriel,m,1
1,Rémy,m,1
1,Said,m,1
1,Saif,m,1
1,Salahaddin,m,1
1,Salomo,m,1
1,Samson,m,1
1,Samy,m,1
1,Sanny,m,1
1,Santiago,m,1
1,Sasa,m,1
1,Sascha,m,1
1,Sasha,m,1
1,Sava,m,1
1,Savio,m,1
1,Sayed,m,1
1,Scotty,m,1
1,Sela,m,1
1,Sepp,m,1
1,Sergio,m,1
1,Serhii,m,1
1,Shaddai,m,1
1,Shahab,m,1
1,Shahem,m,1
1,Shahzad,m,1
1,Sharmake,m,1
1,Shehab,m,1
1,Shemsedin,m,1
1,Sherco,m,1
1,Sibelius,m,1
1,Sidney-Miles,m,1
1,Silas,m,1
1,Simeon,m,1
1,Sinan,m,1
1,Sitric,m,1
1,Soma,m,1
1,Sora,m,1
1,Soufian,m,1
1,Stanisław,m,1
1,Stanley,m,1
1,Storm,m,1
1,Stuart,m,1
1,Suhaib,m,1
1,Suleiman,m,1
1,Svante,m,1
1,Sydney,m,1
1,Ta,m,1
1,Taavi-Imani,m,1
1,Tade,m,1
1,Taha,m,1
1,Taio,m,1
1,Tamme,m,1
1,Tarje,m,1
1,Tate,m,1
1,Tavi,m,1
1,Tayler,m,1
1,Taylor,m,1
1,Taym,m,1
1,Tayo,m,1
1,Tebbe,m,1
1,Ted,m,1
1,Teo,m,1
1,Teoman,m,1
1,Tero,m,1
1,Thanh,m,1
1,Thayo,m,1
1,Theodore,m,1
1,Theodoros,m,1
1,Thilo,m,1
1,Thor,m,1
1,Thorben,m,1
1,Thế,m,1
1,Tian,m,1
1,Tiberius,m,1
1,Tillmann,m,1
1,Tilman,m,1
1,Tim-Joel,m,1
1,Timofei,m,1
1,Timothy,m,1
1,Tito,m,1
1,Titus,m,1
1,Tjark,m,1
1,Tjure,m,1
1,Tomir,m,1
1,Tomás,m,1
1,Tony,m,1
1,Tran,m,1
1,Truong,m,1
1,Tumaini,m,1
1,Tuncay,m,1
1,Tuệ,m,1
1,Tymofii,m,1
1,Uadie,m,1
1,Urs,m,1
1,Vasco,m,1
1,Vedhansh,m,1
1,Vico,m,1
1,Vinicius,m,1
1,Vladimir,m,1
1,Vladyslav,m,1
1,Vuk,m,1
1,Wateen,m,1
1,Wiktor,m,1
1,Wito,m,1
1,Xaver,m,1
1,Yahya,m,1
1,Yakub,m,1
1,Yaman,m,1
1,Yanic,m,1
1,Yanis,m,1
1,Yannick,m,1
1,Yannis,m,1
1,Yari,m,1
1,Yaroslav,m,1
1,Yasser,m,1
1,Yazan,m,1
1,Yevhenii,m,1
1,Yifan,m,1
1,Yosef,m,1
1,Yosh,m,1
1,Yossef,m,1
1,Yuma,m,1
1,Yunaay,m,1
1,Yunus,m,1
1,Yuri,m,1
1,Yusuf,m,1
1,Yven,m,1
1,Zadiel,m,1
1,Zaifuddin,m,1
1,Zakaria,m,1
1,Zakira,m,1
1,Zayed,m,1
1,Zeno,m,1
1,Zeyd,m,1
1,Zeyn,m,1
1,Ziad,m,1
1,Zilas,m,1
1,Zoraiz,m,1
1,Álvar,m,1
1,Étienne,m,1
1,Aaliyah,w,2
1,Abena,w,2
1,Ada,w,2
1,Adeen,w,2
1,Adele,w,2
1,Adrienn,w,2
1,Afriyie,w,2
1,Afshan,w,2
1,Agartha,w,2
1,Agnes,w,2
1,Agota,w,2
1,Ahn,w,2
1,Aida,w,2
1,Aima,w,2
1,Aimee,w,2
1,Aimée,w,2
1,Aisha,w,2
1,Alaa,w,2
1,Alani,w,2
1,Aleana,w,2
1,Alessia,w,2
1,Aletta,w,2
1,Alievna,w,2
1,Alina,w,2
1,Aline,w,2
1,Alora,w,2
1,Amai,w,2
1,Amani,w,2
1,Amarah,w,2
1,Amelie,w,2
1,Amr,w,2
1,Ana,w,2
1,Anais,w,2
1,Andra,w,2
1,Andreevna,w,2
1,Andrievna,w,2
1,Andriivna,w,2
1,Anela,w,2
1,Angelina,w,2
1,Anisa,w,2
1,Annelies,w,2
1,Anneliese,w,2
1,Annely,w,2
1,Annika,w,2
1,Annuntiata,w,2
1,Anthea,w,2
1,Antonina,w,2
1,Arfan,w,2
1,Ari,w,2
1,Arizona,w,2
1,Arlie,w,2
1,Asta,w,2
1,Atinukè,w,2
1,Augusta,w,2
1,Aurelia,w,2
1,Auri,w,2
1,Aurora,w,2
1,Axelle,w,2
1,Bagerovna,w,2
1,Bahar,w,2
1,Banpuku,w,2
1,Bao,w,2
1,Barbara,w,2
1,Bayen,w,2
1,Beka,w,2
1,Bella,w,2
1,Bernadette,w,2
1,Birgit,w,2
1,Blaire,w,2
1,Bo,w,2
1,Bohdanivna,w,2
1,Bozhidarova,w,2
1,Brienne,w,2
1,Brigitta,w,2
1,Brigitte,w,2
1,Camilla,w,2
1,Carina,w,2
1,Carla,w,2
1,Carolina,w,2
1,Caroline,w,2
1,Celine,w,2
1,Chaneé,w,2
1,Chantale,w,2
1,Charleen,w,2
1,Charlie,w,2
1,Chau,w,2
1,Chayenne,w,2
1,Cheyenne,w,2
1,Chiara,w,2
1,Chompassara,w,2
1,Christa,w,2
1,Cleo,w,2
1,Coleen,w,2
1,Colette,w,2
1,Cornelia,w,2
1,Cortana,w,2
1,Cosima,w,2
1,Cäcilia,w,2
1,Daniilovna,w,2
1,Daria,w,2
1,Delia,w,2
1,Dhyana,w,2
1,Dina,w,2
1,Dione,w,2
1,Ditë,w,2
1,Dorothea,w,2
1,Dua,w,2
1,Ebube,w,2
1,Eden,w,2
1,Edie,w,2
1,Eileen,w,2
1,Ela,w,2
1,Eleine,w,2
1,Elena,w,2
1,Eleni,w,2
1,Elenor,w,2
1,Eleonora,w,2
1,Eleyna,w,2
1,Elgin,w,2
1,Elia,w,2
1,Elif,w,2
1,Elin,w,2
1,Eliza,w,2
1,Elizabeth,w,2
1,Elke,w,2
1,Ella,w,2
1,Ellen,w,2
1,Ellerie,w,2
1,Elli,w,2
1,Ellora,w,2
1,Ellory,w,2
1,Elly,w,2
1,Elsbeth,w,2
1,Else,w,2
1,Elva,w,2
1,Emilovna,w,2
1,Emina,w,2
1,Emma,w,2
1,Enisa,w,2
1,Ennea,w,2
1,Erina,w,2
1,Erna,w,2
1,Esosa,w,2
1,Estella,w,2
1,Evdokija,w,2
1,Eylül,w,2
1,Fabienne,w,2
1,Falka,w,2
1,Fee,w,2
1,Fenja,w,2
1,Fey,w,2
1,Fijola,w,2
1,Finja,w,2
1,Fiore,w,2
1,Fjella,w,2
1,Flavia,w,2
1,Flora-Liese,w,2
1,Flora,w,2
1,Florentina,w,2
1,Florina,w,2
1,Frances,w,2
1,Fria,w,2
1,Fritzie,w,2
1,Fynn,w,2
1,Galina,w,2
1,Germaine,w,2
1,Gerphil,w,2
1,Gisel,w,2
1,Gisela,w,2
1,Giselle,w,2
1,Giuseppa,w,2
1,Gloria,w,2
1,Golda,w,2
1,Grace,w,2
1,Guadalupe,w,2
1,Gudrun,w,2
1,Habiba,w,2
1,Hailey,w,2
1,Hanaa,w,2
1,Hanni,w,2
1,Hazel,w,2
1,Hedwig,w,2
1,Heike,w,2
1,Helen,w,2
1,Henrika,w,2
1,Henrike,w,2
1,Hevi,w,2
1,Iasmina,w,2
1,Imogen,w,2
1,Ina,w,2
1,Inari,w,2
1,Ines,w,2
1,Ingrid,w,2
1,Iniya,w,2
1,Ioana,w,2
1,Ira,w,2
1,Irena,w,2
1,Irma,w,2
1,Israa,w,2
1,Ivana,w,2
1,Ivanovna,w,2
1,Ivy,w,2
1,Iyinma,w,2
1,Izabella,w,2
1,Jameela,w,2
1,Jana,w,2
1,Janett,w,2
1,Janka,w,2
1,Janne,w,2
1,Javanna,w,2
1,Jeanne,w,2
1,Jelina,w,2
1,Jiayi,w,2
1,Jimena,w,2
1,Jolanta,w,2
1,Jolien,w,2
1,Jolin,w,2
1,Jolina,w,2
1,Joline,w,2
1,Jolyne,w,2
1,Josefa,w,2
1,Joselia,w,2
1,Josephin,w,2
1,Josette,w,2
1,Joulie,w,2
1,Juliana,w,2
1,Julina,w,2
1,July,w,2
1,June,w,2
1,Juno,w,2
1,Karla,w,2
1,Karolina,w,2
1,Kathalena,w,2
1,Kathleen,w,2
1,Katrin,w,2
1,Kaur,w,2
1,Kazheema,w,2
1,Kehlani,w,2
1,Kerstin,w,2
1,Khantuta,w,2
1,Kjara,w,2
1,Kriemhild,w,2
1,Käthe,w,2
1,Lani,w,2
1,Latoya,w,2
1,Laura,w,2
1,Lavinia,w,2
1,Layla,w,2
1,Lee,w,2
1,Leigh,w,2
1,Leilani,w,2
1,Lena,w,2
1,Lene,w,2
1,Lenni,w,2
1,Leonie,w,2
1,Leonora,w,2
1,Leticia,w,2
1,Letizia,w,2
1,Levia,w,2
1,Liana,w,2
1,Liara,w,2
1,Lidia,w,2
1,Liis,w,2
1,Lijana,w,2
1,Liliana,w,2
1,Lilith,w,2
1,Lilli,w,2
1,Lilliane,w,2
1,Lilou,w,2
1,Lily,w,2
1,Lin,w,2
1,Linda,w,2
1,Linh,w,2
1,Lio,w,2
1,Liselotte,w,2
1,Lissi,w,2
1,Loni,w,2
1,Lora,w,2
1,Lovisa,w,2
1,Luana,w,2
1,Lubov,w,2
1,Lucia,w,2
1,Lucie,w,2
1,Lumia,w,2
1,Luzia,w,2
1,Luzie,w,2
1,Lykke,w,2
1,Lynn,w,2
1,Maca,w,2
1,Madison,w,2
1,Madita,w,2
1,Maela,w,2
1,Magdalene,w,2
1,Magnolia,w,2
1,Mai,w,2
1,Maida,w,2
1,Maja,w,2
1,Maksimovna,w,2
1,Mala,w,2
1,Malea,w,2
1,Malena,w,2
1,Maliah,w,2
1,Malie,w,2
1,Malies,w,2
1,Malin,w,2
1,Malu,w,2
1,Malva,w,2
1,Manuela,w,2
1,Mar,w,2
1,Marei,w,2
1,Maren,w,2
1,Margareta,w,2
1,Margaretha,w,2
1,Margot,w,2
1,Marguerite,w,2
1,Marianna,w,2
1,Mariya,w,2
1,Marja,w,2
1,Marlis,w,2
1,Martina,w,2
1,Mary,w,2
1,Maryam,w,2
1,Mathild,w,2
1,Mava,w,2
1,Mavie,w,2
1,Maximilia,w,2
1,Maxine,w,2
1,Maysara,w,2
1,Mbandi,w,2
1,Medea,w,2
1,Melia,w,2
1,Melike,w,2
1,Melissa,w,2
1,Meret,w,2
1,Merle,w,2
1,Meta,w,2
1,Mia,w,2
1,Miaki,w,2
1,Michaela,w,2
1,Michelle,w,2
1,Mieke,w,2
1,Mihaela,w,2
1,Milane,w,2
1,Milena,w,2
1,Milla,w,2
1,Millie,w,2
1,Minami,w,2
1,Mira,w,2
1,Mirabella,w,2
1,Miriam,w,2
1,Miruna,w,2
1,Mo,w,2
1,Mohamed,w,2
1,Momo,w,2
1,Monalisa,w,2
1,Monique,w,2
1,Morwenna,w,2
1,Mykhailivna,w,2
1,Mykolaivna,w,2
1,Mylah,w,2
1,Mylane,w,2
1,Naama,w,2
1,Nadine,w,2
1,Naema,w,2
1,Naemi,w,2
1,Namika,w,2
1,Nanni,w,2
1,Nara,w,2
1,Natascha,w,2
1,Neila,w,2
1,Nenya,w,2
1,Nhiên,w,2
1,Nika,w,2
1,Nita,w,2
1,Noa,w,2
1,Noelle,w,2
1,Noemi,w,2
1,Nola,w,2
1,Noora,w,2
1,Nora,w,2
1,Nova,w,2
1,Nur,w,2
1,Octavia,w,2
1,Ola,w,2
1,Oleksandrovna,w,2
1,Onelia,w,2
1,Ophelia,w,2
1,Ostara,w,2
1,Ottilie,w,2
1,Paige,w,2
1,Pauleen,w,2
1,Payton,w,2
1,Paz,w,2
1,Peggy,w,2
1,Petra,w,2
1,Philippa,w,2
1,Philline,w,2
1,Pritilata,w,2
1,Rachel,w,2
1,Raja,w,2
1,Rana,w,2
1,Rani,w,2
1,Rassul,w,2
1,Rebecca,w,2
1,Regina,w,2
1,Rhea,w,2
1,Rieke,w,2
1,Riitta,w,2
1,Robyn,w,2
1,Rosa,w,2
1,Rosemarie,w,2
1,Rosenova,w,2
1,Rosita,w,2
1,Rosè,w,2
1,Rosé,w,2
1,Roukaya,w,2
1,Ruby,w,2
1,Ruslanìvna,w,2
1,Saida,w,2
1,Salma,w,2
1,Salome,w,2
1,Sana,w,2
1,Sarah,w,2
1,Sasha,w,2
1,Sattar,w,2
1,Saïda,w,2
1,Schamilovna,w,2
1,Selin,w,2
1,Seraphine,w,2
1,Sergìïvna,w,2
1,Serhiivna,w,2
1,Sessi,w,2
1,Sibel,w,2
1,Silke,w,2
1,Silvia,w,2
1,Sina,w,2
1,Sinjin,w,2
1,Sirina,w,2
1,Sissy,w,2
1,Soley,w,2
1,Solé,w,2
1,Stanislavivna,w,2
1,Stanislavìvna,w,2
1,Summer,w,2
1,Susanna,w,2
1,Swarnabi,w,2
1,Sydney,w,2
1,Talea,w,2
1,Talissa,w,2
1,Tamara,w,2
1,Tamina,w,2
1,Taya,w,2
1,Teodora,w,2
1,Terézia,w,2
1,Theresa,w,2
1,Thùy,w,2
1,Tialda,w,2
1,Tilia,w,2
1,Tizia,w,2
1,Trixi,w,2
1,Trúc,w,2
1,Tue,w,2
1,Ulla,w,2
1,Ulugbekovna,w,2
1,Ursula,w,2
1,Uta-Sabine,w,2
1,Vadimivna,w,2
1,Vanessa,w,2
1,Vasylivna,w,2
1,Vayke,w,2
1,Vesna,w,2
1,Vida,w,2
1,Viktorivna,w,2
1,Viktorìvna,w,2
1,Virág,w,2
1,Vittoria,w,2
1,Vivienne,w,2
1,Vladimirovna,w,2
1,Vy,w,2
1,Vìtalìïvna,w,2
1,Wayra,w,2
1,Wedis,w,2
1,Wilhelmina,w,2
1,Wilhelmine,w,2
1,Wilma,w,2
1,Wolke,w,2
1,Yamina,w,2
1,Yana,w,2
1,Yankova,w,2
1,Yaroslavivna,w,2
1,Yaroslavìvna,w,2
1,Yaël,w,2
1,Yen,w,2
1,Yevheniiovna,w,2
1,Yitian,w,2
1,Ylvie,w,2
1,Yolanda,w,2
1,Yuki,w,2
1,Yumi,w,2
1,Yvonne,w,2
1,Zara,w,2
1,Zehra,w,2
1,Ziva,w,2
1,Zoltanivna,w,2
1,Élise,w,2
1,Ìvanìvna,w,2
1,Aaren,m,2
1,Abdullah,m,2
1,Achim,m,2
1,Adan,m,2
1,Adriano,m,2
1,Agostino,m,2
1,Ahmet,m,2
1,Akamu,m,2
1,Albertovič,m,2
1,Albin,m,2
1,Alef,m,2
1,Aleksander,m,2
1,Aleksandrovitsch,m,2
1,Alessio,m,2
1,Alex,m,2
1,Alexandrovič,m,2
1,Alfie,m,2
1,Alhady,m,2
1,Aliaksandrovič,m,2
1,Alim,m,2
1,Alok,m,2
1,Altay,m,2
1,Amari,m,2
1,Amaru,m,2
1,Amiro,m,2
1,Amos,m,2
1,Anakin,m,2
1,Anas,m,2
1,Anastassio,m,2
1,Andrei,m,2
1,Anh,m,2
1,Antonio,m,2
1,Antonjo,m,2
1,Apichagavin,m,2
1,Arda,m,2
1,Aren,m,2
1,Ariel,m,2
1,Arik,m,2
1,Aron,m,2
1,Asaf,m,2
1,Asenov,m,2
1,Atlas,m,2
1,Atreya,m,2
1,Attila,m,2
1,Aurelian,m,2
1,Avery,m,2
1,Avram,m,2
1,Babakhanovich,m,2
1,Bachir,m,2
1,Balder,m,2
1,Barnabas,m,2
1,Bartholomäus,m,2
1,Barış,m,2
1,Bayo,m,2
1,Bekhzod,m,2
1,Bela,m,2
1,Benaja,m,2
1,Bennet,m,2
1,Bent,m,2
1,Bernhard,m,2
1,Bias,m,2
1,Bijan,m,2
1,Bjarne,m,2
1,Boas,m,2
1,Bohodarovych,m,2
1,Bảo,m,2
1,Cabrel,m,2
1,Caius,m,2
1,Caleb,m,2
1,Carl-Ove,m,2
1,Carlo,m,2
1,Carlson,m,2
1,Caspar,m,2
1,Charlie,m,2
1,Chase,m,2
1,Christof,m,2
1,Chukwuedum,m,2
1,Claus-Uwe,m,2
1,Clemens,m,2
1,Conrad,m,2
1,Corey,m,2
1,Cornelius,m,2
1,Corvin,m,2
1,Cristian,m,2
1,Danh,m,2
1,Danilo,m,2
1,Danylovič,m,2
1,Darian,m,2
1,Daryl,m,2
1,Dauud,m,2
1,Denis,m,2
1,Diary,m,2
1,Dieter,m,2
1,Dietrich,m,2
1,Dima,m,2
1,Dipu,m,2
1,Dirk,m,2
1,Dmitrovič,m,2
1,Dmytrovych,m,2
1,Dmytrovyč,m,2
1,Dominik,m,2
1,Ebrima,m,2
1,Edgar,m,2
1,Edric,m,2
1,Egon,m,2
1,Egya,m,2
1,El-Din,m,2
1,Eldar,m,2
1,Eliah,m,2
1,Elian,m,2
1,Eliano,m,2
1,Eliyaz,m,2
1,Elmar,m,2
1,Elric,m,2
1,Elyas,m,2
1,Emad,m,2
1,Emre,m,2
1,En,m,2
1,Enrique,m,2
1,Erik,m,2
1,Erminio,m,2
1,Ernesto,m,2
1,Ernst,m,2
1,Etienne,m,2
1,Evin,m,2
1,Eyana,m,2
1,Ezra,m,2
1,Fabian,m,2
1,Fabio,m,2
1,Fay,m,2
1,Ferencz,m,2
1,Filip,m,2
1,Filmon,m,2
1,Fips,m,2
1,Florian,m,2
1,Foudil,m,2
1,Frank,m,2
1,Franko,m,2
1,Fred,m,2
1,Fredi,m,2
1,Frey,m,2
1,Frido,m,2
1,Friedian,m,2
1,Garry,m,2
1,Gerd,m,2
1,Gia,m,2
1,Gibril,m,2
1,Giuseppe,m,2
1,Guibien,m,2
1,Gustave,m,2
1,Habib,m,2
1,Hai,m,2
1,Hamid,m,2
1,Hannes,m,2
1,Hanno,m,2
1,Hari,m,2
1,Harry,m,2
1,Hartmut,m,2
1,Harvey,m,2
1,Hasan,m,2
1,Helge,m,2
1,Hendrik,m,2
1,Heni,m,2
1,Henning,m,2
1,Henrik,m,2
1,Hervé,m,2
1,Hilmar,m,2
1,Hoang,m,2
1,Hugo,m,2
1,Hussein,m,2
1,Huy,m,2
1,Hùng,m,2
1,Ibrahim,m,2
1,Igorevich,m,2
1,Ihsan,m,2
1,Ijon,m,2
1,Ilay,m,2
1,Illiič,m,2
1,Illič,m,2
1,Imadovich,m,2
1,Immanuel,m,2
1,Ingo,m,2
1,Ioan,m,2
1,Ira,m,2
1,Isaak,m,2
1,Ismael,m,2
1,Iurevich,m,2
1,Iustin,m,2
1,Ivanovych,m,2
1,Jackson,m,2
1,Jacob,m,2
1,Jad,m,2
1,Jake,m,2
1,Jakub,m,2
1,Jamel,m,2
1,Jamie,m,2
1,Janis,m,2
1,Janno,m,2
1,Jarik,m,2
1,Jarno,m,2
1,Jason,m,2
1,Jasper,m,2
1,Javo,m,2
1,Jay,m,2
1,Jaya,m,2
1,Jayan,m,2
1,Jayden,m,2
1,Jelke,m,2
1,Jerome,m,2
1,Jerzy,m,2
1,Jesper,m,2
1,Jesus,m,2
1,Joachim,m,2
1,Johan,m,2
1,Jonny,m,2
1,Jonte,m,2
1,Joonatan,m,2
1,Joren,m,2
1,Jorik,m,2
1,Josua,m,2
1,José,m,2
1,Junior,m,2
1,Justus,m,2
1,Jörg,m,2
1,Kai,m,2
1,Kaisar,m,2
1,Kaitochukwu,m,2
1,Kalle,m,2
1,Kanat,m,2
1,Karan,m,2
1,Kay,m,2
1,Keanu,m,2
1,Kenanovič,m,2
1,Keno,m,2
1,Kenzo,m,2
1,Khalid,m,2
1,Khoa,m,2
1,Kholisjon,m,2
1,Kilian,m,2
1,Killian,m,2
1,Korbinian,m,2
1,Kornelius,m,2
1,Kyrylovič,m,2
1,Lars,m,2
1,Lawrence,m,2
1,Leano,m,2
1,Lee,m,2
1,Lennard,m,2
1,Leonardo,m,2
1,Leonas,m,2
1,Levian,m,2
1,Lewin,m,2
1,Lian,m,2
1,Liang,m,2
1,Liano,m,2
1,Licinius,m,2
1,Licter,m,2
1,Liem,m,2
1,Lino,m,2
1,Loewen,m,2
1,Logan,m,2
1,Lorens,m,2
1,Loth,m,2
1,Love,m,2
1,Lovis,m,2
1,Lovish,m,2
1,Lucian,m,2
1,Lucio,m,2
1,Luka,m,2
1,Lutz,m,2
1,Luís,m,2
1,Mael,m,2
1,Magnus,m,2
1,Magomedovič,m,2
1,Mahad,m,2
1,Mahmoud,m,2
1,Maik,m,2
1,Makani,m,2
1,Maksymovich,m,2
1,Maleo,m,2
1,Malik,m,2
1,Malin,m,2
1,Malte,m,2
1,Marcel,m,2
1,Marinus,m,2
1,Mario,m,2
1,Marlo,m,2
1,Marlon,m,2
1,Marvin,m,2
1,Matayo,m,2
1,Mateo,m,2
1,Mathias,m,2
1,Matiu,m,2
1,Mattheo,m,2
1,Matti,m,2
1,Mattis,m,2
1,Matěj,m,2
1,Maurice,m,2
1,Maximilián,m,2
1,Maël,m,2
1,Meinhard,m,2
1,Melchior,m,2
1,Mert,m,2
1,Mick,m,2
1,Miguel,m,2
1,Mykhailovich,m,2
1,Mykolaiovych,m,2
1,Márió,m,2
1,Nam,m,2
1,Nando,m,2
1,Naruto,m,2
1,Nathan,m,2
1,Nathaniel,m,2
1,Naél,m,2
1,Nelson,m,2
1,Niccolo,m,2
1,Nicholas,m,2
1,Niclas,m,2
1,Nikolaus,m,2
1,Nio,m,2
1,Nirbhay,m,2
1,Nodirbekovich,m,2
1,Nolen,m,2
1,Nordin,m,2
1,Noris,m,2
1,Nour,m,2
1,Noël,m,2
1,Nuh,m,2
1,Olaf,m,2
1,Oleksandrovych,m,2
1,Oleksiivič,m,2
1,Oleksijovič,m,2
1,Omar,m,2
1,Oreofeoluwa,m,2
1,Oscar,m,2
1,Oswald,m,2
1,Patrice,m,2
1,Pauqar,m,2
1,Pavlinov,m,2
1,Pawel,m,2
1,Pay,m,2
1,Pele,m,2
1,Penchev,m,2
1,Petrov,m,2
1,Phoenix,m,2
1,Piet,m,2
1,Quinn,m,2
1,Radman,m,2
1,Rahman,m,2
1,Rainer,m,2
1,Rasim,m,2
1,Rasool,m,2
1,Raymond,m,2
1,Razmik,m,2
1,Reed,m,2
1,Reik,m,2
1,Remus,m,2
1,Renard,m,2
1,René,m,2
1,Reto,m,2
1,Rico,m,2
1,Rizo,m,2
1,Rocco,m,2
1,Roland,m,2
1,Rolf,m,2
1,Romeo,m,2
1,Ron,m,2
1,Rumo,m,2
1,Ryan,m,2
1,Ryszard,m,2
1,Rémy,m,2
1,Sabeur,m,2
1,Sadek,m,2
1,Saivishna,m,2
1,Salomon,m,2
1,Sam,m,2
1,Samson,m,2
1,Samìrovič,m,2
1,Sascha,m,2
1,Saymon,m,2
1,Sebulon,m,2
1,Seifdin,m,2
1,Sencer,m,2
1,Shaine,m,2
1,Shakhinovič,m,2
1,Shamil'evič,m,2
1,Shareef,m,2
1,Shuning,m,2
1,Siegfried,m,2
1,Sigmar,m,2
1,Singh,m,2
1,Sky,m,2
1,Soe,m,2
1,Sood,m,2
1,Stanislaw,m,2
1,Stelian,m,2
1,Sufian,m,2
1,Sören,m,2
1,Sörenson,m,2
1,Taavi,m,2
1,Tadeus,m,2
1,Tadeusz,m,2
1,Tamino,m,2
1,Tamo,m,2
1,Tamás,m,2
1,Tarek,m,2
1,Tarick,m,2
1,Taro,m,2
1,Tayo,m,2
1,Tell,m,2
1,Thadeo,m,2
1,Thando,m,2
1,Thom,m,2
1,Thomasson,m,2
1,Thor,m,2
1,Thore,m,2
1,Tino,m,2
1,Tjelle,m,2
1,Tjerk,m,2
1,Tony,m,2
1,Torulv,m,2
1,Tuan,m,2
1,Tuanovich,m,2
1,Tung,m,2
1,Valerian,m,2
1,Vasilovič,m,2
1,Velinov,m,2
1,Viacheslavovič,m,2
1,Vicenzo,m,2
1,Viet,m,2
1,Viktorovych,m,2
1,Vinh,m,2
1,Vitus,m,2
1,Volker,m,2
1,Wido,m,2
1,Wilm,m,2
1,Wim,m,2
1,Wolfgang,m,2
1,Xichuan,m,2
1,Yakin,m,2
1,Yannis,m,2
1,Yari,m,2
1,Yaël,m,2
1,Yeko,m,2
1,Yoann,m,2
1,Zade,m,2
1,Zakaria,m,2
1,Zaza,m,2
1,Ziyad,m,2
1,Çınar,m,2
1,Émile,m,2
1,Ìgorovič,m,2
1,Şêr,m,2
1,Ștefan,m,2
1,Abduljabbar,w,3
1,Abdulkarem,w,3
1,Akira,w,3
1,Akum,w,3
1,Alena,w,3
1,Alexandra,w,3
1,Alva,w,3
1,Amalia,w,3
1,Amalie,w,3
1,An,w,3
1,Andrée,w,3
1,Anni,w,3
1,Antigone,w,3
1,Bile,w,3
1,Bảo,w,3
1,Chalee,w,3
1,Chewie,w,3
1,Christa,w,3
1,Christine,w,3
1,Châu,w,3
1,Danielle,w,3
1,Dora,w,3
1,Elizabeth,w,3
1,Erkhild,w,3
1,Friederike,w,3
1,Fritzi,w,3
1,Galadriel,w,3
1,Geertruida,w,3
1,Gertrud,w,3
1,Helen,w,3
1,Hellena,w,3
1,Hermine,w,3
1,Hope,w,3
1,Ilinichna,w,3
1,Irene,w,3
1,Jonah,w,3
1,Jorah,w,3
1,Juliana,w,3
1,Jáuregui,w,3
1,Katharina,w,3
1,Kenza,w,3
1,Khaled,w,3
1,Lili,w,3
1,Linnea,w,3
1,Lisa,w,3
1,Madlen,w,3
1,Mafalda,w,3
1,Maleah,w,3
1,Malia,w,3
1,Margarethe,w,3
1,Marim,w,3
1,Marina,w,3
1,Matty,w,3
1,Mavie,w,3
1,Melisa,w,3
1,Michelle,w,3
1,Mivida,w,3
1,Nghi,w,3
1,Nouri,w,3
1,Paula,w,3
1,Philomène,w,3
1,Phuong,w,3
1,Rose,w,3
1,Rosie,w,3
1,Ruth,w,3
1,Sabine,w,3
1,Senna,w,3
1,Sophia,w,3
1,Sumi,w,3
1,Summer,w,3
1,Sól,w,3
1,Waltraud,w,3
1,Abdoulhamed,m,3
1,Ahmed,m,3
1,Ali,m,3
1,An,m,3
1,Ananda,m,3
1,Antoní,m,3
1,Arabjon,m,3
1,August,m,3
1,Aurelian,m,3
1,Bliss,m,3
1,Charles,m,3
1,Chikwado,m,3
1,Damianos,m,3
1,Dewran,m,3
1,Diego,m,3
1,Dieter,m,3
1,Dietmar,m,3
1,Dăng,m,3
1,Eden,m,3
1,Elia,m,3
1,Fio,m,3
1,Freddy,m,3
1,Freitag,m,3
1,Fritz,m,3
1,Gabriel,m,3
1,Georgiev,m,3
1,Gert,m,3
1,Giuma,m,3
1,Hardeep,m,3
1,Hazim,m,3
1,Heinrich,m,3
1,Heinz,m,3
1,Henri,m,3
1,Hoang,m,3
1,Hubertus,m,3
1,Huy,m,3
1,Joachim,m,3
1,Jorge,m,3
1,Joseph,m,3
1,Josua,m,3
1,Juan,m,3
1,Julius,m,3
1,Karl,m,3
1,Kasper,m,3
1,Ken,m,3
1,Khrisna,m,3
1,Khôi,m,3
1,Kolja,m,3
1,Lamar,m,3
1,Louis,m,3
1,Luis,m,3
1,Lutz,m,3
1,Manfred,m,3
1,Martin,m,3
1,Mathias,m,3
1,Maximus,m,3
1,Michael,m,3
1,Mike,m,3
1,Mohammed,m,3
1,Mustafa,m,3
1,Nathanaël,m,3
1,Nepomuk,m,3
1,Nguyen,m,3
1,Oppong,m,3
1,Otis,m,3
1,Otto,m,3
1,Ovidius,m,3
1,Paul,m,3
1,Peter,m,3
1,Phoenix,m,3
1,Ralf,m,3
1,Refael,m,3
1,Ricky,m,3
1,Roberto,m,3
1,Robin,m,3
1,Roland,m,3
1,Ruben,m,3
1,Rudi,m,3
1,Salomo,m,3
1,Sariel,m,3
1,Siddartha,m,3
1,Stellan,m,3
1,Stephan,m,3
1,Theodor,m,3
1,Tijesulogo,m,3
1,Timothy,m,3
1,Tu,m,3
1,Ugli,m,3
1,Viktorovič,m,3
1,Wanja,m,3
1,Wilhelm,m,3
1,Xian,m,3
1,Yasiin,m,3
1,Antonia,w,4
1,Elli,w,4
1,Feiza,w,4
1,Valerie,w,4
1,Armor,m,4
1,Georg,m,4
1,Pepe,m,4
1,Rudolf,m,4
1,Ryan,m,4
1,Ugli,m,4
1,William,m,5
